time_s,roll_deg,pitch_deg,airspeed,altitude,lat,lon
54.920,34.63,0.50,0.00,0.00,0.0000000,0.0000000
54.965,34.90,0.45,0.00,0.00,0.0000000,0.0000000
55.029,35.63,0.40,30.30,617.74,-35.3650632,149.1759700
55.065,34.95,0.47,30.30,617.74,-35.3650632,149.1759700
55.126,34.04,0.50,30.29,617.78,-35.3650748,149.1760002
55.165,35.06,0.38,30.29,617.78,-35.3650748,149.1760002
55.240,35.04,0.38,30.29,617.81,-35.3650865,149.1760302
55.292,32.45,0.52,30.29,617.81,-35.3650865,149.1760302
55.351,31.35,0.39,30.29,617.83,-35.3650984,149.1760601
55.393,32.02,0.18,30.29,617.83,-35.3650984,149.1760601
55.450,30.20,0.11,30.30,617.84,-35.3651104,149.1760898
55.484,28.40,0.09,30.30,617.84,-35.3651104,149.1760898
55.539,27.07,-0.12,30.32,617.84,-35.3651228,149.1761194
55.572,26.16,-0.30,30.32,617.84,-35.3651228,149.1761194
55.635,24.13,-0.47,30.33,617.83,-35.3651353,149.1761487
55.676,22.79,-0.59,30.33,617.83,-35.3651353,149.1761487
55.726,20.92,-0.84,30.36,617.80,-35.3651481,149.1761778
55.771,19.62,-1.00,30.36,617.80,-35.3651481,149.1761778
55.836,17.62,-1.22,30.40,617.76,-35.3651612,149.1762066
55.878,16.32,-1.38,30.40,617.76,-35.3651612,149.1762066
55.939,14.38,-1.64,30.42,617.71,-35.3651745,149.1762355
55.983,13.10,-1.81,30.42,617.71,-35.3651745,149.1762355
56.053,11.18,-2.07,30.45,617.65,-35.3651880,149.1762641
56.105,9.92,-2.28,30.45,617.65,-35.3651880,149.1762641
56.164,8.09,-2.61,30.48,617.58,-35.3652018,149.1762928
56.212,6.89,-2.84,30.48,617.58,-35.3652018,149.1762928
56.279,5.07,-3.24,30.54,617.48,-35.3652156,149.1763214
56.317,3.88,-3.59,30.54,617.48,-35.3652156,149.1763214
56.378,2.18,-4.28,30.63,617.36,-35.3652297,149.1763502
56.414,1.00,-4.93,30.63,617.36,-35.3652297,149.1763502
56.477,-0.57,-6.47,30.68,617.20,-35.3652437,149.1763790
56.523,-0.19,-7.54,30.68,617.20,-35.3652437,149.1763790
56.571,0.88,-8.92,30.78,616.94,-35.3652577,149.1764082
56.615,0.54,-9.82,30.78,616.94,-35.3652577,149.1764082
56.677,0.01,-11.32,30.87,616.56,-35.3652715,149.1764376
56.709,2.05,-12.24,30.87,616.56,-35.3652715,149.1764376
56.776,4.58,-13.35,31.06,616.05,-35.3652853,149.1764673
56.809,-0.88,-14.02,31.06,616.05,-35.3652853,149.1764673
56.873,-10.79,-15.30,31.16,615.41,-35.3652987,149.1764971
56.917,-5.05,-16.17,31.16,615.41,-35.3652987,149.1764971
56.967,1.46,-17.04,31.34,614.68,-35.3653120,149.1765272
57.011,-5.36,-17.45,31.34,614.68,-35.3653120,149.1765272
57.068,-9.31,-18.70,31.43,613.83,-35.3653242,149.1765581
57.105,-2.69,-19.38,31.43,613.83,-35.3653242,149.1765581
57.170,-3.90,-19.67,31.59,612.92,-35.3653366,149.1765889
57.207,-12.74,-20.27,31.59,612.92,-35.3653366,149.1765889
57.263,-19.24,-21.39,31.68,611.92,-35.3653483,149.1766199
57.305,-14.26,-21.83,31.68,611.92,-35.3653483,149.1766199
57.352,-7.03,-22.29,31.80,610.87,-35.3653596,149.1766512
57.395,-3.63,-22.73,31.80,610.87,-35.3653596,149.1766512
57.452,3.35,-23.20,31.84,609.73,-35.3653703,149.1766826
57.491,8.21,-23.28,31.84,609.73,-35.3653703,149.1766826
57.553,14.83,-23.38,31.95,608.50,-35.3653806,149.1767139
57.592,19.03,-23.55,31.95,608.50,-35.3653806,149.1767139
57.658,24.92,-23.66,31.98,607.20,-35.3653903,149.1767452
57.704,28.39,-23.70,31.98,607.20,-35.3653903,149.1767452
57.759,32.21,-23.92,32.10,605.81,-35.3653997,149.1767762
57.803,32.99,-24.09,32.10,605.81,-35.3653997,149.1767762
57.860,30.13,-24.39,32.16,604.34,-35.3654089,149.1768068
57.890,24.89,-24.59,32.16,604.34,-35.3654089,149.1768068
57.948,11.10,-24.97,32.28,602.80,-35.3654182,149.1768366
57.984,0.36,-25.19,32.28,602.80,-35.3654182,149.1768366
58.043,-13.47,-25.58,32.26,601.31,-35.3654279,149.1768662
58.084,-21.64,-25.96,32.26,601.31,-35.3654279,149.1768662
58.132,-32.72,-26.61,32.21,599.91,-35.3654376,149.1768959
58.176,-38.90,-27.11,32.21,599.91,-35.3654376,149.1768959
58.242,-45.30,-27.97,32.09,598.56,-35.3654469,149.1769262
58.280,-46.38,-28.63,32.09,598.56,-35.3654469,149.1769262
58.358,-41.52,-29.62,31.98,597.18,-35.3654554,149.1769569
58.405,-36.98,-30.22,31.98,597.18,-35.3654554,149.1769569
58.473,-32.40,-30.79,31.84,595.75,-35.3654629,149.1769879
58.530,-30.11,-30.81,31.84,595.75,-35.3654629,149.1769879
58.586,-23.61,-30.89,31.80,594.26,-35.3654698,149.1770188
58.633,-20.04,-30.90,31.80,594.26,-35.3654698,149.1770188
58.699,-23.45,-30.92,31.67,592.73,-35.3654758,149.1770498
58.738,-28.46,-30.99,31.67,592.73,-35.3654758,149.1770498
58.804,-21.04,-31.17,31.63,591.19,-35.3654814,149.1770806
58.843,-14.99,-31.29,31.63,591.19,-35.3654814,149.1770806
58.912,-25.81,-31.62,31.49,589.60,-35.3654853,149.1771120
58.954,-31.07,-31.82,31.49,589.60,-35.3654853,149.1771120
59.015,-21.25,-31.92,31.43,588.04,-35.3654891,149.1771430
59.065,-20.20,-32.10,31.43,588.04,-35.3654891,149.1771430
59.174,-26.75,-32.46,31.31,586.45,-35.3654911,149.1771744
59.208,-25.52,-32.76,31.31,586.45,-35.3654911,149.1771744
59.274,-11.26,-20.93,31.24,584.86,-35.3654927,149.1772052
59.313,-12.15,-15.48,31.24,584.86,-35.3654927,149.1772052
59.391,-13.50,-11.04,26.24,585.10,-35.3654996,149.1772167
59.449,-14.07,-8.82,26.24,585.10,-35.3654996,149.1772167
59.504,-14.84,-5.50,22.43,585.28,-35.3655061,149.1772264
59.551,-15.31,-3.62,22.43,585.28,-35.3655061,149.1772264
59.626,-16.02,-1.99,19.60,585.31,-35.3655122,149.1772383
59.668,-16.56,-1.04,19.60,585.31,-35.3655122,149.1772383
59.737,-17.37,0.18,17.58,585.24,-35.3655172,149.1772510
59.778,-17.89,0.69,17.58,585.24,-35.3655172,149.1772510
59.840,-18.69,1.23,16.21,585.11,-35.3655218,149.1772656
59.886,-19.27,1.59,16.21,585.11,-35.3655218,149.1772656
59.955,-20.16,1.99,15.40,584.93,-35.3655251,149.1772805
60.000,-20.75,2.18,15.40,584.93,-35.3655251,149.1772805
60.064,-21.63,2.35,15.09,584.74,-35.3655280,149.1772970
60.101,-22.28,2.50,15.09,584.74,-35.3655280,149.1772970
60.175,-23.19,2.66,15.15,584.56,-35.3655295,149.1773137
60.219,-23.78,2.74,15.15,584.56,-35.3655295,149.1773137
60.281,-24.63,2.81,15.46,584.40,-35.3655307,149.1773320
60.327,-25.17,2.86,15.46,584.40,-35.3655307,149.1773320
60.384,-25.94,2.89,15.93,584.26,-35.3655311,149.1773511
60.428,-26.42,2.89,15.93,584.26,-35.3655311,149.1773511
60.490,-27.11,2.84,16.56,584.15,-35.3655313,149.1773719
60.524,-27.60,2.81,16.56,584.15,-35.3655313,149.1773719
60.589,-28.29,2.75,17.31,584.05,-35.3655304,149.1773932
60.625,-28.71,2.70,17.31,584.05,-35.3655304,149.1773932
60.693,-29.36,2.61,18.06,583.96,-35.3655292,149.1774160
60.742,-29.80,2.52,18.06,583.96,-35.3655292,149.1774160
60.798,-30.36,2.39,18.80,583.89,-35.3655279,149.1774403
60.846,-30.69,2.30,18.80,583.89,-35.3655279,149.1774403
60.914,-31.29,2.16,19.54,583.81,-35.3655263,149.1774659
60.953,-31.69,2.06,19.54,583.81,-35.3655263,149.1774659
61.024,-32.09,1.92,20.29,583.74,-35.3655244,149.1774926
61.063,-32.35,1.83,20.29,583.74,-35.3655244,149.1774926
61.129,-32.97,1.69,21.01,583.67,-35.3655220,149.1775203
61.178,-33.30,1.60,21.01,583.67,-35.3655220,149.1775203
61.233,-33.51,1.49,21.70,583.59,-35.3655191,149.1775487
61.277,-33.80,1.42,21.70,583.59,-35.3655191,149.1775487
61.338,-34.45,1.31,22.35,583.50,-35.3655156,149.1775778
61.375,-34.55,1.28,22.35,583.50,-35.3655156,149.1775778
61.436,-34.66,1.22,22.95,583.41,-35.3655115,149.1776075
61.471,-35.23,1.14,22.95,583.41,-35.3655115,149.1776075
61.534,-35.62,1.12,23.51,583.30,-35.3655068,149.1776375
61.581,-35.17,1.17,23.51,583.30,-35.3655068,149.1776375
61.638,-35.63,1.13,24.03,583.19,-35.3655014,149.1776678
61.679,-36.56,1.07,24.03,583.19,-35.3655014,149.1776678
61.740,-36.54,1.15,24.47,583.07,-35.3654952,149.1776983
61.778,-36.25,1.24,24.47,583.07,-35.3654952,149.1776983
61.845,-36.88,1.24,24.91,582.95,-35.3654883,149.1777289
61.881,-37.35,1.25,24.91,582.95,-35.3654883,149.1777289
61.947,-37.49,1.36,25.31,582.82,-35.3654806,149.1777594
61.992,-37.58,1.39,25.31,582.82,-35.3654806,149.1777594
62.051,-37.94,1.41,25.64,582.68,-35.3654721,149.1777898
62.095,-38.16,1.46,25.64,582.68,-35.3654721,149.1777898
62.161,-38.40,1.53,25.92,582.55,-35.3654629,149.1778200
62.203,-38.53,1.54,25.92,582.55,-35.3654629,149.1778200
62.275,-38.76,1.58,26.21,582.41,-35.3654529,149.1778499
62.318,-38.90,1.62,26.21,582.41,-35.3654529,149.1778499
62.390,-36.69,1.03,26.44,582.27,-35.3654420,149.1778795
62.439,-35.42,0.88,26.44,582.27,-35.3654420,149.1778795
62.492,-35.51,1.00,25.94,582.23,-35.3654313,149.1779070
62.539,-35.55,1.79,25.94,582.23,-35.3654313,149.1779070
62.616,-35.03,4.78,25.40,582.25,-35.3654194,149.1779319
62.656,-34.96,5.33,25.40,582.25,-35.3654194,149.1779319
62.731,-35.39,5.58,24.60,582.24,-35.3654071,149.1779544
62.767,-35.60,6.18,24.60,582.24,-35.3654071,149.1779544
62.832,-35.68,6.88,23.97,582.26,-35.3653938,149.1779749
62.880,-35.91,7.02,23.97,582.26,-35.3653938,149.1779749
62.941,-36.42,7.09,23.65,582.27,-35.3653793,149.1779946
62.994,-36.62,7.12,23.65,582.27,-35.3653793,149.1779946
63.061,-36.88,7.11,23.54,582.28,-35.3653640,149.1780136
63.102,-37.18,7.08,23.54,582.28,-35.3653640,149.1780136
63.168,-37.37,7.04,23.62,582.29,-35.3653478,149.1780321
63.208,-37.37,7.02,23.62,582.29,-35.3653478,149.1780321
63.277,-37.91,6.93,23.82,582.30,-35.3653310,149.1780500
63.327,-38.26,6.88,23.82,582.30,-35.3653310,149.1780500
63.382,-37.79,6.88,24.05,582.30,-35.3653134,149.1780674
63.429,-37.68,6.86,24.05,582.30,-35.3653134,149.1780674
63.494,-38.57,6.72,24.37,582.29,-35.3652953,149.1780839
63.534,-38.75,6.67,24.37,582.29,-35.3652953,149.1780839
63.600,-38.31,6.67,24.66,582.29,-35.3652766,149.1780999
63.642,-38.39,6.65,24.66,582.29,-35.3652766,149.1780999
63.707,-38.81,6.57,24.98,582.28,-35.3652573,149.1781149
63.758,-38.90,6.53,24.98,582.28,-35.3652573,149.1781149
63.815,-38.93,6.51,25.26,582.28,-35.3652375,149.1781292
63.867,-38.97,6.50,25.26,582.28,-35.3652375,149.1781292
63.935,-39.06,6.47,25.51,582.26,-35.3652173,149.1781426
63.983,-39.17,6.45,25.51,582.26,-35.3652173,149.1781426
64.063,-39.29,6.45,25.79,582.25,-35.3651967,149.1781551
64.109,-39.29,6.44,25.79,582.25,-35.3651967,149.1781551
64.176,-39.33,6.45,26.01,582.23,-35.3651757,149.1781665
64.225,-39.41,6.47,26.01,582.23,-35.3651757,149.1781665
64.288,-39.48,6.50,26.23,582.22,-35.3651543,149.1781770
64.337,-39.48,6.53,26.23,582.22,-35.3651543,149.1781770
64.408,-39.48,6.58,26.42,582.20,-35.3651327,149.1781864
64.444,-39.50,6.63,26.42,582.20,-35.3651327,149.1781864
64.512,-39.51,6.72,26.56,582.18,-35.3651109,149.1781948
64.553,-39.49,6.79,26.56,582.18,-35.3651109,149.1781948
64.618,-39.49,6.86,26.69,582.17,-35.3650889,149.1782020
64.661,-39.49,6.92,26.69,582.17,-35.3650889,149.1782020
64.716,-39.44,7.03,26.82,582.16,-35.3650667,149.1782081
64.760,-39.40,7.08,26.82,582.16,-35.3650667,149.1782081
64.831,-39.92,6.70,26.89,582.16,-35.3650445,149.1782130
64.865,-39.86,6.78,26.89,582.16,-35.3650445,149.1782130
64.944,-39.70,6.89,26.95,584.60,-35.3648051,149.1778314
64.978,-39.59,6.95,26.95,584.60,-35.3648051,149.1778314
65.039,-39.44,7.01,27.00,584.45,-35.3647812,149.1778264
65.084,-39.23,7.07,27.00,584.45,-35.3647812,149.1778264
65.136,-38.78,7.14,27.06,584.60,-35.3647580,149.1778152
65.181,-38.66,7.16,27.06,584.60,-35.3647580,149.1778152
65.249,-38.47,7.19,27.10,584.90,-35.3647344,149.1778081
65.285,-37.83,7.26,27.10,584.90,-35.3647344,149.1778081
65.354,-37.03,7.33,27.15,584.91,-35.3647120,149.1777948
65.401,-37.52,7.29,27.15,584.91,-35.3647120,149.1777948
65.466,-37.39,7.34,27.18,585.16,-35.3646888,149.1777856
65.511,-35.21,7.50,27.18,585.16,-35.3646888,149.1777856
65.568,-34.78,7.50,27.24,584.91,-35.3646673,149.1777700
65.625,-36.33,7.45,27.24,584.91,-35.3646673,149.1777700
65.695,-35.33,7.59,27.28,585.02,-35.3646447,149.1777586
65.736,-33.82,7.63,27.28,585.02,-35.3646447,149.1777586
65.798,-33.86,7.66,27.34,585.47,-35.3646240,149.1777413
65.835,-34.04,7.77,27.34,585.47,-35.3646240,149.1777413
65.907,-33.19,7.85,27.37,585.48,-35.3646021,149.1777279
65.954,-32.64,7.87,27.37,585.48,-35.3646021,149.1777279
66.013,-32.23,8.00,27.41,585.76,-35.3645822,149.1777090
66.065,-31.87,8.06,27.41,585.76,-35.3645822,149.1777090
66.136,-31.21,8.14,27.41,585.92,-35.3645611,149.1776937
66.175,-30.80,8.28,27.41,585.92,-35.3645611,149.1776937
66.240,-30.18,8.40,27.42,586.09,-35.3645422,149.1776735
66.275,-29.74,8.41,27.42,586.09,-35.3645422,149.1776735
66.354,-29.08,8.55,27.44,585.93,-35.3645219,149.1776565
66.400,-28.65,8.69,27.44,585.93,-35.3645219,149.1776565
66.456,-27.98,8.78,27.48,586.40,-35.3645042,149.1776346
66.506,-27.51,8.86,27.48,586.40,-35.3645042,149.1776346
66.568,-26.83,9.03,27.49,586.38,-35.3644848,149.1776160
66.605,-26.36,9.09,27.49,586.38,-35.3644848,149.1776160
66.675,-25.63,9.20,27.52,586.60,-35.3644683,149.1775927
66.716,-25.16,9.35,27.52,586.60,-35.3644683,149.1775927
66.780,-24.40,9.51,27.53,586.84,-35.3644499,149.1775725
66.826,-23.88,9.55,27.53,586.84,-35.3644499,149.1775725
66.879,-23.11,9.71,27.57,587.06,-35.3644347,149.1775482
66.929,-22.57,9.86,27.57,587.06,-35.3644347,149.1775482
67.005,-21.75,9.98,27.62,587.25,-35.3644173,149.1775266
67.045,-21.21,10.07,27.62,587.25,-35.3644173,149.1775266
67.111,-20.38,10.26,27.63,587.60,-35.3644032,149.1775012
67.148,-19.79,10.36,27.63,587.60,-35.3644032,149.1775012
67.215,-18.92,10.48,27.67,588.03,-35.3643870,149.1774783
67.266,-18.37,10.60,27.67,588.03,-35.3643870,149.1774783
67.322,-17.48,10.77,27.71,588.42,-35.3643741,149.1774519
67.377,-16.82,10.85,27.71,588.42,-35.3643741,149.1774519
67.452,-15.97,10.99,27.73,588.67,-35.3643590,149.1774279
67.484,-15.49,11.10,27.73,588.67,-35.3643590,149.1774279
67.549,-14.48,11.25,27.74,588.91,-35.3643472,149.1774008
67.586,-13.75,11.35,27.74,588.91,-35.3643472,149.1774008
67.653,-13.19,11.47,27.78,589.39,-35.3643332,149.1773757
67.707,-12.72,11.55,27.78,589.39,-35.3643332,149.1773757
67.763,-11.17,11.69,27.78,589.51,-35.3643225,149.1773479
67.811,-10.70,11.76,27.78,589.51,-35.3643225,149.1773479
67.889,-11.04,11.85,27.82,590.10,-35.3643097,149.1773220
67.922,-9.72,11.95,27.82,590.10,-35.3643097,149.1773220
67.985,-7.30,12.07,27.87,590.33,-35.3643000,149.1772936
68.026,-8.22,12.11,27.87,590.33,-35.3643000,149.1772936
68.089,-8.30,12.20,27.92,590.61,-35.3642882,149.1772668
68.135,-6.51,12.24,27.92,590.61,-35.3642882,149.1772668
68.189,-5.70,12.29,27.94,591.21,-35.3642793,149.1772381
68.234,-6.05,12.39,27.94,591.21,-35.3642793,149.1772381
68.301,-5.28,12.43,27.98,591.49,-35.3642685,149.1772106
68.335,-4.47,12.38,27.98,591.49,-35.3642685,149.1772106
68.402,-3.90,12.47,28.04,592.05,-35.3642602,149.1771817
68.438,-3.58,12.56,28.04,592.05,-35.3642602,149.1771817
68.509,-2.85,12.53,28.06,592.66,-35.3642503,149.1771537
68.555,-2.31,12.53,28.06,592.66,-35.3642503,149.1771537
68.615,-1.61,12.61,28.09,593.09,-35.3642425,149.1771244
68.660,-1.15,12.57,28.09,593.09,-35.3642425,149.1771244
68.729,-0.45,12.52,28.14,593.48,-35.3642333,149.1770960
68.763,-0.02,12.59,28.14,593.48,-35.3642333,149.1770960
68.829,0.58,12.57,28.17,593.73,-35.3642265,149.1770662
68.865,0.98,12.45,28.17,593.73,-35.3642265,149.1770662
68.945,1.58,12.42,28.26,594.39,-35.3642181,149.1770373
68.999,1.97,12.44,28.26,594.39,-35.3642181,149.1770373
69.059,2.52,12.33,28.33,594.96,-35.3642119,149.1770071
69.108,2.88,12.26,28.33,594.96,-35.3642119,149.1770071
69.172,3.42,12.23,28.40,595.27,-35.3642042,149.1769778
69.206,3.76,12.14,28.40,595.27,-35.3642042,149.1769778
69.280,4.24,12.01,28.44,595.66,-35.3641987,149.1769473
69.316,4.55,11.99,28.44,595.66,-35.3641987,149.1769473
69.388,4.99,11.89,28.51,596.42,-35.3641918,149.1769176
69.448,5.28,11.77,28.51,596.42,-35.3641918,149.1769176
69.502,5.69,11.64,28.59,596.64,-35.3641866,149.1768867
69.552,5.96,11.57,28.59,596.64,-35.3641866,149.1768867
69.620,6.31,11.43,28.63,596.95,-35.3641803,149.1768566
69.658,6.54,11.34,28.63,596.95,-35.3641803,149.1768566
69.730,6.87,11.18,28.72,597.69,-35.3641755,149.1768256
69.765,7.04,11.05,28.72,597.69,-35.3641755,149.1768256
69.842,7.27,10.88,28.78,597.90,-35.3641697,149.1767951
69.890,7.44,10.79,28.78,597.90,-35.3641697,149.1767951
69.955,7.63,10.60,28.88,598.52,-35.3641654,149.1767638
70.004,7.70,10.45,28.88,598.52,-35.3641654,149.1767638
70.077,7.87,10.26,28.95,598.71,-35.3641601,149.1767330
70.119,8.01,10.13,28.95,598.71,-35.3641601,149.1767330
70.180,8.04,9.93,29.03,599.38,-35.3641562,149.1767013
70.220,8.03,9.79,29.03,599.38,-35.3641562,149.1767013
70.290,8.20,9.58,29.10,599.72,-35.3641514,149.1766702
70.337,8.22,9.44,29.10,599.72,-35.3641514,149.1766702
70.397,7.90,9.25,29.16,599.80,-35.3641477,149.1766381
70.441,7.99,9.09,29.16,599.80,-35.3641477,149.1766381
70.501,8.44,8.86,29.22,600.30,-35.3641433,149.1766067
70.539,7.89,8.75,29.22,600.30,-35.3641433,149.1766067
70.608,6.85,8.56,29.30,600.54,-35.3641398,149.1765744
70.649,8.09,8.36,29.30,600.54,-35.3641398,149.1765744
70.715,8.50,8.11,29.37,600.76,-35.3641357,149.1765427
70.760,6.96,8.05,29.37,600.76,-35.3641357,149.1765427
70.816,6.61,7.85,29.47,601.34,-35.3641326,149.1765103
70.870,7.38,7.62,29.47,601.34,-35.3641326,149.1765103
70.933,6.94,7.40,29.53,601.35,-35.3641288,149.1764783
70.972,6.23,7.35,29.53,601.35,-35.3641288,149.1764783
71.039,5.97,7.11,29.60,601.56,-35.3641261,149.1764456
71.079,5.89,6.91,29.60,601.56,-35.3641261,149.1764456
71.144,5.36,6.74,29.68,601.97,-35.3641226,149.1764134
71.198,4.89,6.63,29.68,601.97,-35.3641226,149.1764134
71.260,4.29,6.41,29.75,602.25,-35.3641201,149.1763805
71.305,3.88,6.29,29.75,602.25,-35.3641201,149.1763805
71.372,3.16,6.12,29.84,602.56,-35.3641169,149.1763480
71.411,2.73,5.96,29.84,602.56,-35.3641169,149.1763480
71.482,2.07,5.78,29.88,602.54,-35.3641145,149.1763149
71.520,1.60,5.69,29.88,602.54,-35.3641145,149.1763149
71.586,1.97,3.25,29.93,602.59,-35.3641116,149.1762822
71.642,1.49,3.11,29.93,602.59,-35.3641116,149.1762822
71.691,0.72,2.96,29.98,601.14,-35.3641115,149.1762766
71.739,0.19,2.87,29.98,601.14,-35.3641115,149.1762766
71.799,-0.65,2.75,30.05,601.30,-35.3641077,149.1762290
71.834,-1.22,2.69,30.05,601.30,-35.3641077,149.1762290
71.903,-2.10,2.61,30.12,601.45,-35.3641042,149.1761835
71.946,-2.71,2.57,30.12,601.45,-35.3641042,149.1761835
72.020,-3.66,2.52,30.17,601.58,-35.3641012,149.1761420
72.072,-4.31,2.52,30.17,601.58,-35.3641012,149.1761420
72.139,-5.30,2.50,30.21,601.71,-35.3640986,149.1761032
72.197,-5.98,2.49,30.21,601.71,-35.3640986,149.1761032
72.270,-7.06,2.52,30.25,601.82,-35.3640962,149.1760662
72.315,-7.78,2.54,30.25,601.82,-35.3640962,149.1760662
72.394,-8.88,2.56,30.26,601.93,-35.3640941,149.1760305
72.432,-9.62,2.58,30.26,601.93,-35.3640941,149.1760305
72.508,-10.76,2.61,30.26,602.04,-35.3640923,149.1759957
72.572,-11.51,2.64,30.26,602.04,-35.3640923,149.1759957
72.635,-12.62,2.69,30.26,602.15,-35.3640906,149.1759615
72.685,-13.35,2.72,30.26,602.15,-35.3640906,149.1759615
72.755,-14.47,2.77,30.26,602.26,-35.3640892,149.1759277
72.799,-15.19,2.82,30.26,602.26,-35.3640892,149.1759277
72.875,-16.24,2.87,30.25,602.38,-35.3640880,149.1758943
72.912,-16.96,2.90,30.25,602.38,-35.3640880,149.1758943
72.982,-18.04,2.94,30.22,602.50,-35.3640871,149.1758610
73.031,-18.66,2.98,30.22,602.50,-35.3640871,149.1758610
73.096,-19.62,3.01,30.19,602.63,-35.3640865,149.1758279
73.150,-20.38,3.04,30.19,602.63,-35.3640865,149.1758279
73.216,-21.37,3.07,30.14,602.76,-35.3640862,149.1757949
73.260,-21.77,3.09,30.14,602.76,-35.3640862,149.1757949
73.345,-22.67,3.11,30.12,602.89,-35.3640863,149.1757619
73.400,-23.65,3.11,30.12,602.89,-35.3640863,149.1757619
73.472,-24.51,3.12,30.09,603.02,-35.3640867,149.1757290
73.529,-24.35,3.16,30.09,603.02,-35.3640867,149.1757290
73.585,-25.13,3.15,30.07,603.15,-35.3640875,149.1756962
73.639,-26.92,3.10,30.07,603.15,-35.3640875,149.1756962
73.709,-27.47,3.12,30.01,603.28,-35.3640887,149.1756634
73.749,-26.85,3.14,30.01,603.28,-35.3640887,149.1756634
73.825,-27.79,3.08,30.00,603.41,-35.3640903,149.1756308
73.865,-28.88,3.07,30.00,603.41,-35.3640903,149.1756308
73.942,-29.31,3.05,29.97,603.54,-35.3640923,149.1755981
73.994,-29.36,2.99,29.97,603.54,-35.3640923,149.1755981
74.059,-30.00,2.94,29.92,603.65,-35.3640949,149.1755655
74.112,-30.47,2.93,29.92,603.65,-35.3640949,149.1755655
74.186,-30.91,2.86,29.89,603.77,-35.3640980,149.1755330
74.223,-31.17,2.80,29.89,603.77,-35.3640980,149.1755330
74.291,-31.62,2.75,29.86,603.87,-35.3641016,149.1755006
74.329,-31.91,2.69,29.86,603.87,-35.3641016,149.1755006
74.398,-32.27,2.60,29.82,603.96,-35.3641058,149.1754683
74.451,-32.50,2.59,29.82,603.96,-35.3641058,149.1754683
74.509,-32.83,2.51,29.79,604.04,-35.3641105,149.1754361
74.552,-33.04,2.42,29.79,604.04,-35.3641105,149.1754361
74.613,-33.34,2.35,29.77,604.11,-35.3641157,149.1754040
74.653,-33.52,2.31,29.77,604.11,-35.3641157,149.1754040
74.723,-33.76,2.22,29.75,604.17,-35.3641216,149.1753722
74.767,-33.91,2.16,29.75,604.17,-35.3641216,149.1753722
74.828,-34.12,2.08,29.73,604.22,-35.3641280,149.1753404
74.877,-34.26,2.03,29.73,604.22,-35.3641280,149.1753404
74.940,-34.45,1.94,29.72,604.26,-35.3641350,149.1753090
74.992,-34.56,1.89,29.72,604.26,-35.3641350,149.1753090
75.058,-34.71,1.83,29.72,604.28,-35.3641426,149.1752777
75.098,-34.81,1.78,29.72,604.28,-35.3641426,149.1752777
75.167,-34.94,1.72,29.71,604.29,-35.3641509,149.1752467
75.201,-35.00,1.69,29.71,604.29,-35.3641509,149.1752467
75.280,-35.09,1.64,29.68,604.29,-35.3641597,149.1752159
75.335,-35.19,1.60,29.68,604.29,-35.3641597,149.1752159
75.395,-35.27,1.55,29.66,604.27,-35.3641692,149.1751855
75.451,-35.28,1.53,29.66,604.27,-35.3641692,149.1751855
75.523,-35.38,1.50,29.66,604.25,-35.3641794,149.1751554
75.560,-35.47,1.49,29.66,604.25,-35.3641794,149.1751554
75.644,-35.46,1.47,29.62,604.22,-35.3641901,149.1751257
75.689,-35.47,1.46,29.62,604.22,-35.3641901,149.1751257
75.757,-35.64,1.44,29.59,604.18,-35.3642015,149.1750963
75.802,-35.68,1.45,29.59,604.18,-35.3642015,149.1750963
75.862,-35.54,1.46,29.59,604.13,-35.3642135,149.1750675
75.908,-35.65,1.45,29.59,604.13,-35.3642135,149.1750675
75.979,-35.97,1.45,29.58,604.08,-35.3642262,149.1750389
76.021,-35.75,1.48,29.58,604.08,-35.3642262,149.1750389
76.095,-35.44,1.51,29.53,604.03,-35.3642395,149.1750110
76.145,-36.01,1.49,29.53,604.03,-35.3642395,149.1750110
76.211,-36.36,1.51,29.49,603.97,-35.3642534,149.1749835
76.264,-35.37,1.61,29.49,603.97,-35.3642534,149.1749835
76.318,-35.27,1.63,29.46,603.90,-35.3642679,149.1749566
76.365,-37.05,1.55,29.46,603.90,-35.3642679,149.1749566
76.432,-36.72,1.66,29.44,603.84,-35.3642830,149.1749302
76.469,-34.03,1.85,29.44,603.84,-35.3642830,149.1749302
76.538,-35.16,1.77,29.40,603.77,-35.3642988,149.1749045
76.577,-36.90,1.74,29.40,603.77,-35.3642988,149.1749045
76.649,-35.95,1.89,29.35,603.71,-35.3643151,149.1748793
76.696,-35.38,1.95,29.35,603.71,-35.3643151,149.1748793
76.757,-36.02,2.00,29.29,603.65,-35.3643320,149.1748549
76.812,-36.21,2.06,29.29,603.65,-35.3643320,149.1748549
76.878,-36.13,2.16,29.27,603.60,-35.3643494,149.1748309
76.914,-36.19,2.22,29.27,603.60,-35.3643494,149.1748309
76.980,-36.32,2.29,29.22,603.55,-35.3643673,149.1748079
77.017,-36.36,2.36,29.22,603.55,-35.3643673,149.1748079
77.084,-36.44,2.46,29.18,603.50,-35.3643858,149.1747854
77.130,-36.49,2.53,29.18,603.50,-35.3643858,149.1747854
77.187,-36.55,2.61,29.14,603.44,-35.3644049,149.1747638
77.239,-36.57,2.67,29.14,603.44,-35.3644049,149.1747638
77.308,-36.62,2.78,29.11,603.40,-35.3644245,149.1747429
77.347,-36.63,2.85,29.11,603.40,-35.3644245,149.1747429
77.409,-36.61,2.93,29.04,603.34,-35.3644445,149.1747230
77.444,-36.60,3.00,29.04,603.34,-35.3644445,149.1747230
77.515,-36.54,3.11,29.00,603.30,-35.3644651,149.1747038
77.559,-36.50,3.17,29.00,603.30,-35.3644651,149.1747038
77.622,-36.42,3.26,28.93,603.24,-35.3644862,149.1746855
77.670,-36.34,3.34,28.93,603.24,-35.3644862,149.1746855
77.741,-36.22,3.44,28.89,603.20,-35.3645077,149.1746681
77.780,-36.15,3.50,28.89,603.20,-35.3645077,149.1746681
77.850,-36.01,3.62,28.87,603.16,-35.3645296,149.1746517
77.888,-35.89,3.70,28.87,603.16,-35.3645296,149.1746517
77.952,-35.70,3.80,28.81,603.12,-35.3645520,149.1746362
77.997,-35.58,3.87,28.81,603.12,-35.3645520,149.1746362
78.055,-35.35,3.99,28.76,603.08,-35.3645747,149.1746217
78.101,-35.17,4.07,28.76,603.08,-35.3645747,149.1746217
78.171,-34.95,4.18,28.70,603.05,-35.3645978,149.1746081
78.208,-34.77,4.26,28.70,603.05,-35.3645978,149.1746081
78.285,-34.44,4.39,28.64,603.03,-35.3646212,149.1745956
78.333,-34.25,4.47,28.64,603.03,-35.3646212,149.1745956
78.413,-34.02,4.59,28.61,603.01,-35.3646449,149.1745840
78.472,-33.79,4.68,28.61,603.01,-35.3646449,149.1745840
78.534,-33.38,4.82,28.58,602.99,-35.3646689,149.1745735
78.580,-33.23,4.89,28.58,602.99,-35.3646689,149.1745735
78.642,-32.95,5.01,28.54,602.98,-35.3646932,149.1745640
78.679,-32.58,5.12,28.54,602.98,-35.3646932,149.1745640
78.742,-32.30,5.26,28.50,602.98,-35.3647177,149.1745556
78.775,-32.25,5.33,28.50,602.98,-35.3647177,149.1745556
78.840,-31.47,5.51,28.47,602.99,-35.3647424,149.1745482
78.896,-31.05,5.63,28.47,602.99,-35.3647424,149.1745482
78.951,-31.65,5.71,28.45,603.01,-35.3647672,149.1745418
78.998,-31.27,5.79,28.45,603.01,-35.3647672,149.1745418
79.068,-28.93,6.06,28.40,603.04,-35.3647922,149.1745364
79.104,-29.03,6.16,28.40,603.04,-35.3647922,149.1745364
79.184,-30.16,6.19,28.39,603.07,-35.3648173,149.1745321
79.220,-29.38,6.27,28.39,603.07,-35.3648173,149.1745321
79.291,-28.34,6.49,28.36,603.13,-35.3648424,149.1745286
79.336,-28.48,6.63,28.36,603.13,-35.3648424,149.1745286
79.392,-28.28,6.72,28.33,603.19,-35.3648676,149.1745263
79.438,-27.91,6.82,28.33,603.19,-35.3648676,149.1745263
79.504,-27.61,7.03,28.32,603.28,-35.3648929,149.1745247
79.542,-27.40,7.11,28.32,603.28,-35.3648929,149.1745247
79.608,-27.00,7.24,28.29,603.36,-35.3649181,149.1745242
79.647,-26.79,7.39,28.29,603.36,-35.3649181,149.1745242
79.717,-26.44,7.56,28.27,603.47,-35.3649434,149.1745247
79.761,-26.17,7.61,28.27,603.47,-35.3649434,149.1745247
79.812,-25.81,7.76,28.27,603.58,-35.3649686,149.1745261
79.849,-25.56,7.88,28.27,603.58,-35.3649686,149.1745261
79.944,-25.15,8.00,28.27,603.71,-35.3649937,149.1745283
79.984,-24.88,8.08,28.27,603.71,-35.3649937,149.1745283
80.053,-24.47,8.22,28.27,603.84,-35.3650188,149.1745315
80.095,-24.19,8.29,28.27,603.84,-35.3650188,149.1745315
80.165,-23.75,8.39,28.27,603.99,-35.3650438,149.1745356
80.211,-23.47,8.49,28.27,603.99,-35.3650438,149.1745356
80.268,-23.04,8.61,28.24,604.15,-35.3650687,149.1745406
80.319,-22.74,8.67,28.24,604.15,-35.3650687,149.1745406
80.391,-22.30,8.76,28.22,604.32,-35.3650935,149.1745464
80.427,-22.01,8.83,28.22,604.32,-35.3650935,149.1745464
80.495,-21.55,8.93,28.23,604.50,-35.3651181,149.1745531
80.530,-21.24,9.00,28.23,604.50,-35.3651181,149.1745531
80.596,-20.78,9.08,28.23,604.69,-35.3651426,149.1745606
80.642,-20.47,9.13,28.23,604.69,-35.3651426,149.1745606
80.700,-20.00,9.20,28.24,604.89,-35.3651670,149.1745688
80.743,-19.69,9.24,28.24,604.89,-35.3651670,149.1745688
80.810,-19.26,9.32,28.27,605.11,-35.3651911,149.1745778
80.848,-18.97,9.36,28.27,605.11,-35.3651911,149.1745778
80.914,-18.47,9.41,28.31,605.32,-35.3652151,149.1745876
80.951,-18.20,9.45,28.31,605.32,-35.3652151,149.1745876
81.016,-17.86,9.50,28.32,605.56,-35.3652389,149.1745981
81.065,-17.52,9.53,28.32,605.56,-35.3652389,149.1745981
81.122,-16.95,9.57,28.34,605.79,-35.3652626,149.1746092
81.179,-16.88,9.58,28.34,605.79,-35.3652626,149.1746092
81.242,-16.74,9.59,28.36,606.04,-35.3652860,149.1746211
81.278,-16.03,9.62,28.36,606.04,-35.3652860,149.1746211
81.345,-15.34,9.63,28.39,606.28,-35.3653093,149.1746335
81.379,-16.05,9.61,28.39,606.28,-35.3653093,149.1746335
81.445,-16.05,9.61,28.44,606.54,-35.3653323,149.1746466
81.488,-14.01,9.63,28.44,606.54,-35.3653323,149.1746466
81.538,-13.85,9.58,28.49,606.79,-35.3653552,149.1746603
81.585,-15.31,9.59,28.49,606.79,-35.3653552,149.1746603
81.653,-14.54,9.59,28.54,607.06,-35.3653778,149.1746745
81.692,-13.41,9.51,28.54,607.06,-35.3653778,149.1746745
81.750,-13.62,9.45,28.56,607.32,-35.3654004,149.1746893
81.781,-13.87,9.49,28.56,607.32,-35.3654004,149.1746893
81.868,-13.45,9.42,28.62,607.59,-35.3654227,149.1747045
81.917,-13.23,9.34,28.62,607.59,-35.3654227,149.1747045
81.970,-13.19,9.29,28.64,607.86,-35.3654448,149.1747202
82.011,-13.14,9.24,28.64,607.86,-35.3654448,149.1747202
82.080,-13.03,9.16,28.68,608.13,-35.3654668,149.1747365
82.114,-12.98,9.14,28.68,608.13,-35.3654668,149.1747365
82.173,-12.90,9.07,28.75,608.40,-35.3654886,149.1747531
82.209,-12.86,8.96,28.75,608.40,-35.3654886,149.1747531
82.267,-12.80,8.89,28.79,608.67,-35.3655101,149.1747703
82.314,-12.78,8.87,28.79,608.67,-35.3655101,149.1747703
82.362,-12.76,8.74,28.84,608.92,-35.3655316,149.1747879
82.407,-12.76,8.65,28.84,608.92,-35.3655316,149.1747879
82.470,-12.77,8.57,28.91,609.18,-35.3655528,149.1748060
82.513,-12.81,8.49,28.91,609.18,-35.3655528,149.1748060
82.580,-12.87,8.35,28.94,609.43,-35.3655739,149.1748244
82.614,-12.93,8.30,28.94,609.43,-35.3655739,149.1748244
82.675,-13.01,8.19,28.99,609.67,-35.3655947,149.1748433
82.718,-13.08,8.07,28.99,609.67,-35.3655947,149.1748433
82.769,-13.18,7.95,29.06,609.91,-35.3656154,149.1748626
82.811,-13.26,7.89,29.06,609.91,-35.3656154,149.1748626
82.871,-13.43,7.75,29.11,610.13,-35.3656359,149.1748823
82.903,-13.55,7.64,29.11,610.13,-35.3656359,149.1748823
82.967,-13.73,7.51,29.16,610.35,-35.3656562,149.1749023
83.000,-13.87,7.42,29.16,610.35,-35.3656562,149.1749023
83.059,-14.13,7.27,29.22,610.56,-35.3656763,149.1749228
83.101,-14.31,7.18,29.22,610.56,-35.3656763,149.1749228
83.164,-14.54,7.05,29.29,610.76,-35.3656963,149.1749436
83.216,-14.73,6.95,29.29,610.76,-35.3656963,149.1749436
83.278,-15.11,6.81,29.33,610.95,-35.3657160,149.1749648
83.312,-15.29,6.72,29.33,610.95,-35.3657160,149.1749648
83.373,-15.50,6.57,29.39,611.12,-35.3657357,149.1749864
83.410,-15.84,6.45,29.39,611.12,-35.3657357,149.1749864
83.485,-16.40,6.31,29.42,611.29,-35.3657550,149.1750083
83.533,-16.35,6.22,29.42,611.29,-35.3657550,149.1750083
83.589,-16.43,6.06,29.48,611.45,-35.3657743,149.1750305
83.635,-17.28,5.97,29.48,611.45,-35.3657743,149.1750305
83.697,-17.99,5.83,29.55,611.59,-35.3657932,149.1750531
83.736,-17.10,5.73,29.55,611.59,-35.3657932,149.1750531
83.817,-17.22,5.57,29.58,611.73,-35.3658121,149.1750760
83.851,-19.50,5.46,29.58,611.73,-35.3658121,149.1750760
83.916,-19.40,5.34,29.61,611.86,-35.3658306,149.1750992
83.960,-17.97,5.24,29.61,611.86,-35.3658306,149.1750992
84.013,-19.09,5.08,29.67,611.97,-35.3658490,149.1751228
84.054,-20.16,5.03,29.67,611.97,-35.3658490,149.1751228
84.126,-20.03,4.89,29.70,612.07,-35.3658671,149.1751467
84.162,-20.05,4.76,29.70,612.07,-35.3658671,149.1751467
84.226,-20.68,4.64,29.72,612.17,-35.3658851,149.1751709
84.261,-20.96,4.55,29.72,612.17,-35.3658851,149.1751709
84.327,-21.26,4.40,29.74,612.25,-35.3659027,149.1751954
84.384,-21.55,4.33,29.74,612.25,-35.3659027,149.1751954
84.433,-21.95,4.20,29.79,612.32,-35.3659201,149.1752203
84.476,-22.20,4.08,29.79,612.32,-35.3659201,149.1752203
84.549,-22.59,3.97,29.84,612.38,-35.3659371,149.1752456
84.584,-22.87,3.92,29.84,612.38,-35.3659371,149.1752456
84.642,-23.29,3.77,29.87,612.43,-35.3659540,149.1752711
84.679,-23.54,3.66,29.87,612.43,-35.3659540,149.1752711
84.737,-23.93,3.56,29.88,612.48,-35.3659704,149.1752970
84.781,-24.21,3.48,29.88,612.48,-35.3659704,149.1752970
84.838,-24.60,3.35,29.91,612.51,-35.3659866,149.1753232
84.875,-24.86,3.28,29.91,612.51,-35.3659866,149.1753232
84.934,-25.26,3.17,29.91,612.53,-35.3660024,149.1753498
84.971,-25.51,3.09,29.91,612.53,-35.3660024,149.1753498
85.040,-25.88,2.99,29.92,612.54,-35.3660179,149.1753767
85.077,-26.14,2.93,29.92,612.54,-35.3660179,149.1753767
85.130,-26.51,2.84,29.93,612.55,-35.3660329,149.1754039
85.166,-26.75,2.77,29.93,612.55,-35.3660329,149.1754039
85.220,-27.12,2.68,29.96,612.54,-35.3660477,149.1754315
85.257,-27.35,2.62,29.96,612.54,-35.3660477,149.1754315
85.325,-27.70,2.54,29.96,612.53,-35.3660619,149.1754593
85.362,-27.93,2.49,29.96,612.53,-35.3660619,149.1754593
85.422,-28.26,2.40,29.94,612.51,-35.3660759,149.1754875
85.456,-28.48,2.35,29.94,612.51,-35.3660759,149.1754875
85.521,-28.82,2.27,29.96,612.49,-35.3660892,149.1755160
85.594,-29.04,2.22,29.96,612.49,-35.3660892,149.1755160
85.651,-29.32,2.15,29.97,612.46,-35.3661023,149.1755448
85.694,-29.52,2.11,29.97,612.46,-35.3661023,149.1755448
85.759,-29.83,2.05,29.97,612.42,-35.3661148,149.1755739
85.808,-30.02,2.00,29.97,612.42,-35.3661148,149.1755739
85.879,-30.28,1.94,29.94,612.38,-35.3661269,149.1756033
85.916,-30.43,1.91,29.94,612.38,-35.3661269,149.1756033
85.976,-30.69,1.85,29.93,612.33,-35.3661383,149.1756330
86.029,-30.88,1.82,29.93,612.33,-35.3661383,149.1756330
86.095,-31.11,1.77,29.93,612.27,-35.3661494,149.1756629
86.145,-31.24,1.75,29.93,612.27,-35.3661494,149.1756629
86.209,-31.45,1.71,29.91,612.22,-35.3661598,149.1756931
86.247,-31.61,1.68,29.91,612.22,-35.3661598,149.1756931
86.316,-31.81,1.64,29.88,612.15,-35.3661698,149.1757236
86.362,-31.95,1.60,29.88,612.15,-35.3661698,149.1757236
86.436,-32.21,1.56,29.86,612.09,-35.3661791,149.1757543
86.497,-32.21,1.56,29.86,612.09,-35.3661791,149.1757543
86.574,-32.07,1.55,29.85,612.02,-35.3661879,149.1757853
86.644,-32.62,1.49,29.85,612.02,-35.3661879,149.1757853
86.709,-33.01,1.48,29.83,611.95,-35.3661960,149.1758165
86.742,-32.57,1.48,29.83,611.95,-35.3661960,149.1758165
86.807,-32.61,1.43,29.79,611.88,-35.3662035,149.1758479
86.841,-33.10,1.45,29.79,611.88,-35.3662035,149.1758479
86.911,-33.24,1.47,29.74,611.80,-35.3662103,149.1758794
86.960,-33.08,1.42,29.74,611.80,-35.3662103,149.1758794
87.012,-33.20,1.40,29.73,611.73,-35.3662166,149.1759112
87.053,-33.37,1.46,29.73,611.73,-35.3662166,149.1759112
87.112,-33.45,1.44,29.71,611.65,-35.3662221,149.1759430
87.151,-33.47,1.41,29.71,611.65,-35.3662221,149.1759430
87.218,-33.56,1.43,29.65,611.57,-35.3662271,149.1759750
87.252,-33.61,1.45,29.65,611.57,-35.3662271,149.1759750
87.315,-33.65,1.43,29.60,611.49,-35.3662312,149.1760071
87.360,-33.68,1.45,29.60,611.49,-35.3662312,149.1760071
87.426,-33.72,1.47,29.56,611.41,-35.3662348,149.1760393
87.471,-33.75,1.47,29.56,611.41,-35.3662348,149.1760393
87.537,-33.79,1.48,29.51,611.33,-35.3662376,149.1760715
87.583,-33.83,1.51,29.51,611.33,-35.3662376,149.1760715
87.644,-33.88,1.54,29.50,611.25,-35.3662398,149.1761038
87.681,-33.89,1.55,29.50,611.25,-35.3662398,149.1761038
87.755,-33.94,1.58,29.46,611.18,-35.3662412,149.1761361
87.800,-33.95,1.61,29.46,611.18,-35.3662412,149.1761361
87.861,-33.95,1.65,29.41,611.11,-35.3662419,149.1761684
87.907,-33.95,1.68,29.41,611.11,-35.3662419,149.1761684
87.971,-33.96,1.71,29.36,611.04,-35.3662419,149.1762006
88.008,-33.95,1.74,29.36,611.04,-35.3662419,149.1762006
88.069,-33.93,1.78,29.32,610.97,-35.3662413,149.1762328
88.101,-33.91,1.80,29.32,610.97,-35.3662413,149.1762328
88.179,-33.87,1.84,29.29,610.91,-35.3662398,149.1762649
88.242,-33.83,1.88,29.29,610.91,-35.3662398,149.1762649
88.297,-33.80,1.93,29.26,610.85,-35.3662376,149.1762969
88.342,-33.77,1.96,29.26,610.85,-35.3662376,149.1762969
88.404,-33.66,2.01,29.23,610.80,-35.3662346,149.1763288
88.442,-33.61,2.05,29.23,610.80,-35.3662346,149.1763288
88.505,-33.62,2.09,29.18,610.75,-35.3662310,149.1763605
88.541,-33.54,2.12,29.18,610.75,-35.3662310,149.1763605
88.597,-33.35,2.19,29.16,610.71,-35.3662265,149.1763920
88.639,-33.37,2.23,29.16,610.71,-35.3662265,149.1763920
88.690,-33.43,2.27,29.14,610.66,-35.3662214,149.1764233
88.731,-33.19,2.32,29.14,610.66,-35.3662214,149.1764233
88.801,-32.97,2.39,29.11,610.63,-35.3662154,149.1764544
88.839,-33.21,2.42,29.11,610.63,-35.3662154,149.1764544
88.901,-33.17,2.48,29.08,610.60,-35.3662088,149.1764852
88.933,-32.61,2.55,29.08,610.60,-35.3662088,149.1764852
88.990,-32.63,2.60,29.03,610.57,-35.3662014,149.1765157
89.043,-33.23,2.62,29.03,610.57,-35.3662014,149.1765157
89.096,-32.59,2.73,29.00,610.54,-35.3661933,149.1765459
89.144,-31.66,2.81,29.00,610.54,-35.3661933,149.1765459
89.207,-32.64,2.80,28.96,610.52,-35.3661844,149.1765757
89.244,-33.37,2.84,28.96,610.52,-35.3661844,149.1765757
89.313,-31.20,3.03,28.92,610.50,-35.3661749,149.1766053
89.351,-30.61,3.05,28.92,610.50,-35.3661749,149.1766053
89.414,-32.83,2.98,28.89,610.49,-35.3661646,149.1766343
89.459,-32.37,3.10,28.89,610.49,-35.3661646,149.1766343
89.515,-30.79,3.27,28.85,610.48,-35.3661536,149.1766630
89.563,-31.41,3.27,28.85,610.48,-35.3661536,149.1766630
89.627,-31.76,3.31,28.81,610.47,-35.3661419,149.1766912
89.671,-31.12,3.37,28.81,610.47,-35.3661419,149.1766912
89.735,-30.92,3.47,28.81,610.47,-35.3661296,149.1767190
89.771,-31.11,3.52,28.81,610.47,-35.3661296,149.1767190
89.835,-30.91,3.56,28.77,610.48,-35.3661166,149.1767463
89.879,-30.69,3.59,28.77,610.48,-35.3661166,149.1767463
89.936,-30.61,3.70,28.74,610.49,-35.3661030,149.1767731
89.984,-30.53,3.76,28.74,610.49,-35.3661030,149.1767731
90.058,-30.33,3.82,28.73,610.51,-35.3660888,149.1767994
90.097,-30.21,3.87,28.73,610.51,-35.3660888,149.1767994
90.157,-30.03,3.96,28.73,610.54,-35.3660740,149.1768252
90.192,-29.89,3.99,28.73,610.54,-35.3660740,149.1768252
90.250,-29.69,4.06,28.71,610.57,-35.3660585,149.1768504
90.292,-29.56,4.13,28.71,610.57,-35.3660585,149.1768504
90.346,-29.35,4.19,28.70,610.61,-35.3660425,149.1768750
90.393,-29.20,4.22,28.70,610.61,-35.3660425,149.1768750
90.457,-28.99,4.31,28.71,610.65,-35.3660260,149.1768991
90.493,-28.83,4.36,28.71,610.65,-35.3660260,149.1768991
90.564,-28.59,4.40,28.70,610.70,-35.3660088,149.1769225
90.615,-28.43,4.44,28.70,610.70,-35.3660088,149.1769225
90.675,-28.16,4.53,28.67,610.75,-35.3659912,149.1769453
90.719,-27.98,4.57,28.67,610.75,-35.3659912,149.1769453
90.771,-27.72,4.62,28.65,610.81,-35.3659730,149.1769675
90.815,-27.53,4.66,28.65,610.81,-35.3659730,149.1769675
90.883,-27.23,4.73,28.67,610.87,-35.3659542,149.1769890
90.918,-27.04,4.76,28.67,610.87,-35.3659542,149.1769890
90.976,-26.75,4.83,28.66,610.94,-35.3659350,149.1770098
91.011,-26.52,4.88,28.66,610.94,-35.3659350,149.1770098
91.066,-26.21,4.94,28.67,611.01,-35.3659154,149.1770300
91.112,-26.04,4.97,28.67,611.01,-35.3659154,149.1770300
91.161,-25.70,5.03,28.66,611.09,-35.3658952,149.1770495
91.207,-25.45,5.08,28.66,611.09,-35.3658952,149.1770495
91.263,-25.21,5.13,28.68,611.17,-35.3658747,149.1770683
91.298,-25.05,5.16,28.68,611.17,-35.3658747,149.1770683
91.364,-24.60,5.22,28.68,611.25,-35.3658537,149.1770865
91.399,-24.40,5.26,28.68,611.25,-35.3658537,149.1770865
91.461,-24.34,5.30,28.68,611.34,-35.3658324,149.1771039
91.505,-24.05,5.34,28.68,611.34,-35.3658324,149.1771039
91.574,-23.41,5.41,28.71,611.44,-35.3658106,149.1771207
91.620,-23.47,5.44,28.71,611.44,-35.3658106,149.1771207
91.680,-23.56,5.47,28.71,611.54,-35.3657885,149.1771367
91.715,-22.82,5.52,28.71,611.54,-35.3657885,149.1771367
91.768,-22.21,5.58,28.71,611.64,-35.3657660,149.1771522
91.798,-22.94,5.57,28.71,611.64,-35.3657660,149.1771522
91.860,-22.63,5.63,28.72,611.75,-35.3657433,149.1771668
91.905,-21.05,5.70,28.72,611.75,-35.3657433,149.1771668
91.954,-21.54,5.70,28.74,611.86,-35.3657202,149.1771809
92.000,-23.11,5.68,28.74,611.86,-35.3657202,149.1771809
92.065,-20.60,5.80,28.74,611.99,-35.3656969,149.1771943
92.104,-18.62,5.83,28.74,611.99,-35.3656969,149.1771943
92.174,-21.83,5.73,28.78,612.11,-35.3656733,149.1772069
92.210,-22.08,5.76,28.78,612.11,-35.3656733,149.1772069
92.287,-19.43,5.86,28.78,612.26,-35.3656495,149.1772192
92.333,-19.83,5.88,28.78,612.26,-35.3656495,149.1772192
92.387,-20.61,5.88,28.79,612.41,-35.3656254,149.1772307
92.431,-19.86,5.84,28.79,612.41,-35.3656254,149.1772307
92.493,-19.39,5.87,28.80,612.56,-35.3656013,149.1772416
92.527,-19.56,5.93,28.80,612.56,-35.3656013,149.1772416
92.585,-19.39,5.88,28.83,612.71,-35.3655768,149.1772519
92.629,-19.15,5.83,28.83,612.71,-35.3655768,149.1772519
92.692,-19.01,5.87,28.87,612.87,-35.3655521,149.1772615
92.739,-18.94,5.88,28.87,612.87,-35.3655521,149.1772615
92.795,-18.76,5.82,28.92,613.01,-35.3655272,149.1772704
92.838,-18.65,5.82,28.92,613.01,-35.3655272,149.1772704
92.904,-18.52,5.84,28.92,613.16,-35.3655022,149.1772786
92.941,-18.42,5.80,28.92,613.16,-35.3655022,149.1772786
93.004,-18.27,5.75,28.94,613.30,-35.3654769,149.1772862
93.042,-18.19,5.77,28.94,613.30,-35.3654769,149.1772862
93.103,-18.07,5.73,28.99,613.45,-35.3654515,149.1772931
93.145,-17.99,5.68,28.99,613.45,-35.3654515,149.1772931
93.193,-17.87,5.65,29.02,613.58,-35.3654260,149.1772994
93.233,-17.79,5.63,29.02,613.58,-35.3654260,149.1772994
93.293,-17.68,5.57,29.07,613.72,-35.3654003,149.1773051
93.345,-17.62,5.53,29.07,613.72,-35.3654003,149.1773051
93.420,-17.53,5.50,29.11,613.85,-35.3653745,149.1773102
93.461,-17.47,5.46,29.11,613.85,-35.3653745,149.1773102
93.540,-17.38,5.40,29.13,613.98,-35.3653486,149.1773147
93.588,-17.34,5.37,29.13,613.98,-35.3653486,149.1773147
93.641,-17.29,5.31,29.18,614.11,-35.3653225,149.1773186
93.690,-17.25,5.26,29.18,614.11,-35.3653225,149.1773186
93.756,-17.22,5.21,29.22,614.24,-35.3652965,149.1773219
93.793,-17.22,5.17,29.22,614.24,-35.3652965,149.1773219
93.855,-17.19,5.11,29.25,614.35,-35.3652703,149.1773247
93.888,-17.17,5.07,29.25,614.35,-35.3652703,149.1773247
93.954,-17.21,5.01,29.28,614.48,-35.3652441,149.1773270
94.026,-17.23,4.97,29.28,614.48,-35.3652441,149.1773270
94.081,-17.20,4.89,29.32,614.59,-35.3652177,149.1773286
94.127,-17.22,4.85,29.32,614.59,-35.3652177,149.1773286
94.195,-17.34,4.77,29.34,614.70,-35.3651914,149.1773298
94.230,-17.34,4.73,29.34,614.70,-35.3651914,149.1773298
94.297,-17.32,4.67,29.35,614.80,-35.3651649,149.1773304
94.336,-17.45,4.61,29.35,614.80,-35.3651649,149.1773304
94.415,-17.63,4.53,29.38,614.90,-35.3651385,149.1773304
94.461,-17.54,4.49,29.38,614.90,-35.3651385,149.1773304
94.519,-17.58,4.41,29.43,615.00,-35.3651120,149.1773299
94.565,-17.92,4.35,29.43,615.00,-35.3651120,149.1773299
94.633,-18.02,4.28,29.47,615.09,-35.3650856,149.1773289
94.668,-17.70,4.23,29.47,615.09,-35.3650856,149.1773289
94.736,-18.01,4.15,29.51,615.17,-35.3650591,149.1773275
94.776,-18.67,4.09,29.51,615.17,-35.3650591,149.1773275
94.847,-18.41,4.03,29.54,615.25,-35.3650326,149.1773254
94.894,-17.80,3.97,29.54,615.25,-35.3650326,149.1773254
94.952,-18.73,3.86,29.57,615.33,-35.3650061,149.1773228
95.005,-19.72,3.82,29.57,615.33,-35.3650061,149.1773228
95.077,-18.75,3.79,29.58,615.40,-35.3649796,149.1773198
95.118,-17.99,3.71,29.58,615.40,-35.3649796,149.1773198
95.183,-19.58,3.58,29.62,615.47,-35.3649531,149.1773160
95.222,-20.03,3.58,29.62,615.47,-35.3649531,149.1773160
95.288,-19.47,3.53,29.65,615.53,-35.3649267,149.1773120
95.342,-19.65,3.45,29.65,615.53,-35.3649267,149.1773120
95.401,-20.05,3.36,29.66,615.59,-35.3649003,149.1773073
95.452,-20.09,3.32,29.66,615.59,-35.3649003,149.1773073
95.516,-20.28,3.24,29.71,615.64,-35.3648740,149.1773021
95.555,-20.47,3.19,29.71,615.64,-35.3648740,149.1773021
95.638,-20.64,3.11,29.71,615.69,-35.3648476,149.1772963
95.676,-20.76,3.04,29.71,615.69,-35.3648476,149.1772963
95.748,-20.98,2.98,29.73,615.72,-35.3648214,149.1772900
95.797,-21.13,2.94,29.73,615.72,-35.3648214,149.1772900
95.855,-21.34,2.85,29.74,615.75,-35.3647952,149.1772832
95.911,-21.49,2.79,29.74,615.75,-35.3647952,149.1772832
95.981,-21.71,2.72,29.77,615.78,-35.3647692,149.1772758
96.029,-21.87,2.68,29.77,615.78,-35.3647692,149.1772758
96.132,-22.11,2.60,29.79,615.80,-35.3647432,149.1772678
96.172,-22.26,2.55,29.79,615.80,-35.3647432,149.1772678
96.260,-22.49,2.49,29.80,615.81,-35.3647173,149.1772593
96.311,-22.65,2.43,29.80,615.81,-35.3647173,149.1772593
96.394,-22.88,2.35,29.82,615.82,-35.3646915,149.1772503
96.440,-23.03,2.32,29.82,615.82,-35.3646915,149.1772503
96.508,-23.30,2.26,29.83,615.82,-35.3646659,149.1772407
96.551,-23.48,2.21,29.83,615.82,-35.3646659,149.1772407
96.650,-23.72,2.16,29.84,615.82,-35.3646404,149.1772305
96.693,-23.89,2.11,29.84,615.82,-35.3646404,149.1772305
96.760,-24.15,2.04,29.87,615.82,-35.3646150,149.1772198
96.810,-24.32,2.02,29.87,615.82,-35.3646150,149.1772198
96.872,-24.56,1.96,29.88,615.80,-35.3645898,149.1772085
96.919,-24.73,1.91,29.88,615.80,-35.3645898,149.1772085
97.019,-25.00,1.86,29.89,615.79,-35.3645648,149.1771966
97.055,-25.16,1.84,29.89,615.79,-35.3645648,149.1771966
97.124,-25.39,1.77,29.88,615.77,-35.3645399,149.1771842
97.167,-25.57,1.73,29.88,615.77,-35.3645399,149.1771842
97.239,-25.82,1.69,29.88,615.75,-35.3645153,149.1771712
97.300,-25.95,1.66,29.88,615.75,-35.3645153,149.1771712
97.358,-26.16,1.60,29.87,615.72,-35.3644908,149.1771577
97.415,-26.37,1.58,29.87,615.72,-35.3644908,149.1771577
97.495,-26.62,1.54,29.85,615.69,-35.3644666,149.1771436
97.537,-26.68,1.51,29.85,615.69,-35.3644666,149.1771436
97.614,-26.86,1.46,29.87,615.65,-35.3644426,149.1771288
97.669,-27.16,1.43,29.87,615.65,-35.3644426,149.1771288
97.741,-27.40,1.40,29.88,615.61,-35.3644189,149.1771135
97.792,-27.28,1.38,29.88,615.61,-35.3644189,149.1771135
97.855,-27.51,1.34,29.86,615.56,-35.3643954,149.1770977
97.910,-28.00,1.32,29.86,615.56,-35.3643954,149.1770977
97.978,-28.05,1.29,29.84,615.51,-35.3643722,149.1770812
98.015,-27.69,1.27,29.84,615.51,-35.3643722,149.1770812
98.091,-28.22,1.23,29.85,615.46,-35.3643493,149.1770642
98.130,-28.92,1.20,29.85,615.46,-35.3643493,149.1770642
98.203,-28.29,1.21,29.83,615.41,-35.3643267,149.1770466
98.262,-28.17,1.18,29.83,615.41,-35.3643267,149.1770466
98.334,-29.09,1.13,29.82,615.35,-35.3643044,149.1770284
98.385,-28.99,1.16,29.82,615.35,-35.3643044,149.1770284
98.460,-28.68,1.13,29.82,615.30,-35.3642825,149.1770096
98.497,-29.11,1.09,29.82,615.30,-35.3642825,149.1770096
98.561,-29.40,1.11,29.81,615.24,-35.3642609,149.1769903
98.608,-29.22,1.10,29.81,615.24,-35.3642609,149.1769903
98.679,-29.32,1.07,29.79,615.19,-35.3642397,149.1769704
98.734,-29.53,1.09,29.79,615.19,-35.3642397,149.1769704
98.795,-29.62,1.09,29.77,615.13,-35.3642189,149.1769499
98.844,-29.63,1.05,29.77,615.13,-35.3642189,149.1769499
98.922,-29.74,1.05,29.75,615.07,-35.3641985,149.1769289
98.967,-29.82,1.07,29.75,615.07,-35.3641985,149.1769289
99.045,-29.90,1.04,29.73,615.00,-35.3641785,149.1769072
99.090,-29.95,1.03,29.73,615.00,-35.3641785,149.1769072
99.162,-30.02,1.05,29.71,614.94,-35.3641590,149.1768851
99.218,-30.07,1.04,29.71,614.94,-35.3641590,149.1768851
99.291,-30.14,1.03,29.69,614.88,-35.3641399,149.1768623
99.339,-30.17,1.05,29.69,614.88,-35.3641399,149.1768623
99.411,-30.22,1.06,29.66,614.81,-35.3641213,149.1768390
99.448,-30.26,1.04,29.66,614.81,-35.3641213,149.1768390
99.512,-30.31,1.06,29.64,614.74,-35.3641031,149.1768151
99.549,-30.34,1.08,29.64,614.74,-35.3641031,149.1768151
99.630,-30.40,1.09,29.62,614.67,-35.3640855,149.1767908
99.690,-30.43,1.10,29.62,614.67,-35.3640855,149.1767908
99.744,-30.48,1.11,29.60,614.60,-35.3640684,149.1767659
99.789,-30.51,1.13,29.60,614.60,-35.3640684,149.1767659
99.861,-30.56,1.14,29.56,614.54,-35.3640518,149.1767406
99.897,-30.57,1.17,29.56,614.54,-35.3640518,149.1767406
99.960,-30.63,1.20,29.53,614.47,-35.3640357,149.1767147
99.998,-30.65,1.21,29.53,614.47,-35.3640357,149.1767147
100.059,-30.64,1.23,29.52,614.40,-35.3640202,149.1766885
100.108,-30.65,1.26,29.52,614.40,-35.3640202,149.1766885
100.168,-30.70,1.30,29.50,614.34,-35.3640052,149.1766617
100.215,-30.68,1.32,29.50,614.34,-35.3640052,149.1766617
100.279,-30.63,1.35,29.49,614.28,-35.3639908,149.1766345
100.321,-30.68,1.37,29.49,614.28,-35.3639908,149.1766345
100.390,-30.70,1.40,29.46,614.22,-35.3639770,149.1766069
100.429,-30.60,1.44,29.46,614.22,-35.3639770,149.1766069
100.490,-30.58,1.48,29.42,614.16,-35.3639638,149.1765789
100.533,-30.68,1.50,29.42,614.16,-35.3639638,149.1765789
100.590,-30.59,1.55,29.39,614.11,-35.3639511,149.1765504
100.637,-30.39,1.58,29.39,614.11,-35.3639511,149.1765504
100.696,-30.50,1.61,29.37,614.06,-35.3639392,149.1765217
100.732,-30.67,1.64,29.37,614.06,-35.3639392,149.1765217
100.801,-30.28,1.70,29.33,614.00,-35.3639278,149.1764925
100.844,-30.07,1.72,29.33,614.00,-35.3639278,149.1764925
100.915,-30.60,1.73,29.29,613.95,-35.3639172,149.1764630
100.968,-30.57,1.78,29.29,613.95,-35.3639172,149.1764630
101.024,-29.58,1.87,29.30,613.91,-35.3639071,149.1764332
101.077,-29.93,1.86,29.30,613.91,-35.3639071,149.1764332
101.152,-31.17,1.86,29.28,613.86,-35.3638978,149.1764031
101.192,-29.91,2.00,29.28,613.86,-35.3638978,149.1764031
101.260,-28.46,2.08,29.27,613.82,-35.3638890,149.1763728
101.299,-30.14,2.00,29.27,613.82,-35.3638890,149.1763728
101.368,-30.58,2.05,29.23,613.78,-35.3638811,149.1763421
101.417,-29.15,2.16,29.23,613.78,-35.3638811,149.1763421
101.470,-29.16,2.20,29.20,613.75,-35.3638737,149.1763112
101.513,-29.88,2.23,29.20,613.75,-35.3638737,149.1763112
101.593,-29.58,2.30,29.20,613.73,-35.3638671,149.1762802
101.631,-29.23,2.32,29.20,613.73,-35.3638671,149.1762802
101.694,-29.31,2.38,29.16,613.71,-35.3638611,149.1762489
101.737,-29.36,2.43,29.16,613.71,-35.3638611,149.1762489
101.806,-29.22,2.50,29.14,613.70,-35.3638558,149.1762175
101.855,-29.14,2.53,29.14,613.70,-35.3638558,149.1762175
101.910,-29.08,2.60,29.13,613.68,-35.3638511,149.1761859
101.963,-29.04,2.63,29.13,613.68,-35.3638511,149.1761859
102.034,-28.94,2.69,29.12,613.68,-35.3638472,149.1761543
102.087,-28.86,2.74,29.12,613.68,-35.3638472,149.1761543
102.157,-28.74,2.78,29.09,613.67,-35.3638440,149.1761225
102.198,-28.66,2.80,29.09,613.67,-35.3638440,149.1761225
102.273,-28.54,2.87,29.08,613.67,-35.3638414,149.1760907
102.322,-28.45,2.91,29.08,613.67,-35.3638414,149.1760907
102.382,-28.33,2.94,29.08,613.68,-35.3638395,149.1760587
102.428,-28.23,2.98,29.08,613.68,-35.3638395,149.1760587
102.491,-28.09,3.05,29.06,613.69,-35.3638384,149.1760268
102.528,-28.00,3.08,29.06,613.69,-35.3638384,149.1760268
102.606,-27.86,3.12,29.04,613.69,-35.3638379,149.1759948
102.644,-27.75,3.17,29.04,613.69,-35.3638379,149.1759948
102.714,-27.59,3.21,29.02,613.71,-35.3638381,149.1759629
102.761,-27.50,3.23,29.02,613.71,-35.3638381,149.1759629
102.816,-27.34,3.29,29.02,613.72,-35.3638390,149.1759310
102.868,-27.23,3.32,29.02,613.72,-35.3638390,149.1759310
102.936,-27.05,3.36,29.01,613.75,-35.3638405,149.1758991
102.974,-26.94,3.39,29.01,613.75,-35.3638405,149.1758991
103.036,-26.77,3.44,29.01,613.77,-35.3638428,149.1758673
103.069,-26.62,3.45,29.01,613.77,-35.3638428,149.1758673
103.136,-26.44,3.51,28.99,613.80,-35.3638456,149.1758356
103.180,-26.36,3.55,28.99,613.80,-35.3638456,149.1758356
103.249,-26.16,3.58,28.99,613.83,-35.3638492,149.1758039
103.304,-25.98,3.60,28.99,613.83,-35.3638492,149.1758039
103.380,-25.85,3.65,28.99,613.87,-35.3638535,149.1757725
103.423,-25.80,3.68,28.99,613.87,-35.3638535,149.1757725
103.484,-25.51,3.73,29.01,613.90,-35.3638584,149.1757411
103.520,-25.33,3.76,29.01,613.90,-35.3638584,149.1757411
103.585,-25.36,3.79,29.02,613.95,-35.3638640,149.1757099
103.634,-25.23,3.82,29.02,613.95,-35.3638640,149.1757099
103.687,-24.72,3.87,29.00,613.99,-35.3638701,149.1756789
103.733,-24.79,3.89,29.00,613.99,-35.3638701,149.1756789
103.795,-25.12,3.90,28.99,614.04,-35.3638770,149.1756481
103.833,-24.43,3.96,28.99,614.04,-35.3638770,149.1756481
103.908,-23.50,4.03,28.99,614.09,-35.3638844,149.1756174
103.955,-24.81,3.98,28.99,614.09,-35.3638844,149.1756174
104.027,-25.07,4.01,28.99,614.15,-35.3638924,149.1755870
104.074,-23.51,4.09,28.99,614.15,-35.3638924,149.1755870
104.128,-23.40,4.10,28.99,614.21,-35.3639011,149.1755569
104.174,-24.25,4.09,28.99,614.21,-35.3639011,149.1755569
104.238,-23.87,4.13,29.02,614.27,-35.3639103,149.1755270
104.276,-23.29,4.12,29.02,614.27,-35.3639103,149.1755270
104.344,-23.33,4.14,29.04,614.34,-35.3639201,149.1754973
104.385,-23.43,4.18,29.04,614.34,-35.3639201,149.1754973
104.441,-23.23,4.19,29.05,614.41,-35.3639305,149.1754680
104.485,-23.10,4.19,29.05,614.41,-35.3639305,149.1754680
104.534,-23.02,4.21,29.05,614.48,-35.3639414,149.1754389
104.581,-22.96,4.22,29.05,614.48,-35.3639414,149.1754389
104.637,-22.82,4.23,29.07,614.55,-35.3639528,149.1754102
104.671,-22.74,4.26,29.07,614.55,-35.3639528,149.1754102
104.730,-22.63,4.25,29.07,614.63,-35.3639648,149.1753817
104.765,-22.55,4.24,29.07,614.63,-35.3639648,149.1753817
104.826,-22.43,4.27,29.10,614.70,-35.3639773,149.1753535
104.875,-22.35,4.28,29.10,614.70,-35.3639773,149.1753535
104.934,-22.24,4.26,29.12,614.78,-35.3639904,149.1753257
104.984,-22.17,4.27,29.12,614.78,-35.3639904,149.1753257
105.062,-22.05,4.28,29.12,614.85,-35.3640039,149.1752982
105.106,-21.97,4.26,29.12,614.85,-35.3640039,149.1752982
105.176,-21.88,4.24,29.13,614.93,-35.3640179,149.1752711
105.212,-21.81,4.25,29.13,614.93,-35.3640179,149.1752711
105.286,-21.69,4.25,29.14,615.01,-35.3640323,149.1752444
105.338,-21.63,4.22,29.14,615.01,-35.3640323,149.1752444
105.395,-21.56,4.21,29.18,615.08,-35.3640473,149.1752179
105.448,-21.51,4.21,29.18,615.08,-35.3640473,149.1752179
105.515,-21.41,4.19,29.18,615.17,-35.3640627,149.1751919
105.561,-21.38,4.16,29.18,615.17,-35.3640627,149.1751919
105.646,-21.35,4.16,29.20,615.24,-35.3640786,149.1751662
105.687,-21.27,4.15,29.20,615.24,-35.3640786,149.1751662
105.780,-21.19,4.12,29.23,615.32,-35.3640948,149.1751410
105.832,-21.22,4.11,29.23,615.32,-35.3640948,149.1751410
105.896,-21.17,4.10,29.26,615.40,-35.3641115,149.1751161
105.945,-21.05,4.08,29.26,615.40,-35.3641115,149.1751161
106.013,-21.08,4.05,29.27,615.48,-35.3641286,149.1750916
106.057,-21.16,4.04,29.27,615.48,-35.3641286,149.1750916
106.129,-20.96,4.01,29.27,615.55,-35.3641462,149.1750675
106.170,-20.87,4.00,29.27,615.55,-35.3641462,149.1750675
106.245,-21.17,3.96,29.28,615.63,-35.3641641,149.1750439
106.300,-21.17,3.94,29.28,615.63,-35.3641641,149.1750439
106.364,-20.65,3.93,29.31,615.70,-35.3641824,149.1750207
106.414,-20.86,3.90,29.31,615.70,-35.3641824,149.1750207
106.495,-21.62,3.84,29.31,615.76,-35.3642011,149.1749979
106.537,-21.02,3.84,29.31,615.76,-35.3642011,149.1749979
106.610,-20.15,3.83,29.33,615.83,-35.3642202,149.1749755
106.645,-21.58,3.76,29.33,615.83,-35.3642202,149.1749755
106.713,-22.43,3.71,29.34,615.90,-35.3642396,149.1749536
106.774,-19.83,3.78,29.34,615.90,-35.3642396,149.1749536
106.833,-19.74,3.72,29.35,615.97,-35.3642594,149.1749321
106.883,-22.97,3.59,29.35,615.97,-35.3642594,149.1749321
106.955,-22.20,3.62,29.39,616.04,-35.3642795,149.1749111
106.995,-20.34,3.63,29.39,616.04,-35.3642795,149.1749111
107.065,-21.41,3.56,29.42,616.11,-35.3642999,149.1748904
107.108,-22.16,3.54,29.42,616.11,-35.3642999,149.1748904
107.183,-21.61,3.50,29.44,616.18,-35.3643206,149.1748702
107.239,-21.51,3.46,29.44,616.18,-35.3643206,149.1748702
107.300,-21.81,3.42,29.46,616.25,-35.3643417,149.1748505
107.353,-21.85,3.36,29.46,616.25,-35.3643417,149.1748505
107.426,-21.86,3.32,29.48,616.31,-35.3643630,149.1748313
107.463,-21.92,3.32,29.48,616.31,-35.3643630,149.1748313
107.544,-22.01,3.24,29.49,616.37,-35.3643847,149.1748125
107.583,-22.06,3.17,29.49,616.37,-35.3643847,149.1748125
107.645,-22.13,3.16,29.51,616.42,-35.3644067,149.1747943
107.688,-22.19,3.14,29.51,616.42,-35.3644067,149.1747943
107.742,-22.27,3.05,29.53,616.47,-35.3644289,149.1747766
107.786,-22.33,3.02,29.53,616.47,-35.3644289,149.1747766
107.848,-22.46,2.99,29.54,616.51,-35.3644515,149.1747594
107.884,-22.54,2.95,29.54,616.51,-35.3644515,149.1747594
107.944,-22.65,2.87,29.55,616.55,-35.3644744,149.1747427
107.978,-22.74,2.86,29.55,616.55,-35.3644744,149.1747427
108.045,-22.87,2.81,29.57,616.58,-35.3644975,149.1747266
108.091,-22.96,2.75,29.57,616.58,-35.3644975,149.1747266
108.145,-23.09,2.70,29.58,616.61,-35.3645208,149.1747110
108.194,-23.18,2.68,29.58,616.61,-35.3645208,149.1747110
108.257,-23.31,2.61,29.61,616.64,-35.3645444,149.1746959
108.295,-23.41,2.56,29.61,616.64,-35.3645444,149.1746959
108.361,-23.57,2.52,29.62,616.66,-35.3645683,149.1746814
108.400,-23.66,2.49,29.62,616.66,-35.3645683,149.1746814
108.473,-23.81,2.43,29.64,616.67,-35.3645924,149.1746674
108.520,-23.94,2.40,29.64,616.67,-35.3645924,149.1746674
108.569,-24.09,2.37,29.65,616.69,-35.3646167,149.1746540
108.616,-24.17,2.33,29.65,616.69,-35.3646167,149.1746540
108.675,-24.34,2.28,29.65,616.70,-35.3646413,149.1746412
108.722,-24.49,2.25,29.65,616.70,-35.3646413,149.1746412
108.783,-24.61,2.21,29.66,616.71,-35.3646660,149.1746289
108.817,-24.69,2.17,29.66,616.71,-35.3646660,149.1746289
108.898,-24.92,2.12,29.68,616.71,-35.3646909,149.1746173
108.940,-25.05,2.09,29.68,616.71,-35.3646909,149.1746173
109.014,-25.09,2.06,29.70,616.71,-35.3647161,149.1746062
109.059,-25.22,2.03,29.70,616.71,-35.3647161,149.1746062
109.117,-25.57,1.98,29.70,616.71,-35.3647413,149.1745958
109.148,-25.55,1.96,29.70,616.71,-35.3647413,149.1745958
109.212,-25.41,1.93,29.71,616.70,-35.3647668,149.1745859
109.247,-25.88,1.88,29.71,616.70,-35.3647668,149.1745859
109.311,-26.47,1.84,29.72,616.69,-35.3647924,149.1745767
109.365,-25.74,1.86,29.72,616.69,-35.3647924,149.1745767
109.425,-25.35,1.83,29.71,616.68,-35.3648182,149.1745681
109.474,-26.94,1.74,29.71,616.68,-35.3648182,149.1745681
109.536,-27.22,1.74,29.69,616.66,-35.3648441,149.1745602
109.574,-26.05,1.76,29.69,616.66,-35.3648441,149.1745602
109.638,-26.35,1.70,29.69,616.65,-35.3648701,149.1745529
109.673,-27.20,1.69,29.69,616.65,-35.3648701,149.1745529
109.741,-27.13,1.69,29.67,616.63,-35.3648962,149.1745463
109.794,-26.87,1.63,29.67,616.63,-35.3648962,149.1745463
109.851,-27.11,1.59,29.68,616.61,-35.3649225,149.1745404
109.891,-27.29,1.61,29.68,616.61,-35.3649225,149.1745404
109.959,-27.34,1.57,29.68,616.59,-35.3649488,149.1745352
109.997,-27.39,1.53,29.68,616.59,-35.3649488,149.1745352
110.064,-27.51,1.52,29.66,616.56,-35.3649752,149.1745306
110.106,-27.59,1.50,29.66,616.56,-35.3649752,149.1745306
110.174,-27.67,1.48,29.68,616.53,-35.3650017,149.1745267
110.222,-27.74,1.49,29.68,616.53,-35.3650017,149.1745267
110.284,-27.84,1.46,29.68,616.50,-35.3650283,149.1745236
110.321,-27.90,1.43,29.68,616.50,-35.3650283,149.1745236
110.377,-27.97,1.41,29.67,616.46,-35.3650548,149.1745212
110.416,-28.02,1.42,29.67,616.46,-35.3650548,149.1745212
110.472,-28.09,1.39,29.64,616.43,-35.3650814,149.1745194
110.503,-28.14,1.38,29.64,616.43,-35.3650814,149.1745194
110.566,-28.22,1.37,29.62,616.39,-35.3651080,149.1745185
110.633,-28.26,1.36,29.62,616.39,-35.3651080,149.1745185
110.686,-28.33,1.34,29.63,616.35,-35.3651347,149.1745182
110.731,-28.38,1.34,29.63,616.35,-35.3651347,149.1745182
110.793,-28.46,1.34,29.64,616.31,-35.3651613,149.1745187
110.827,-28.51,1.32,29.64,616.31,-35.3651613,149.1745187
110.884,-28.57,1.31,29.61,616.27,-35.3651879,149.1745200
110.920,-28.62,1.32,29.61,616.27,-35.3651879,149.1745200
110.985,-28.69,1.33,29.61,616.22,-35.3652144,149.1745220
111.033,-28.73,1.32,29.61,616.22,-35.3652144,149.1745220
111.090,-28.81,1.33,29.57,616.18,-35.3652409,149.1745246
111.138,-28.85,1.34,29.57,616.18,-35.3652409,149.1745246
111.206,-28.89,1.34,29.55,616.14,-35.3652673,149.1745281
111.249,-28.92,1.34,29.55,616.14,-35.3652673,149.1745281
111.330,-28.98,1.36,29.56,616.10,-35.3652936,149.1745323
111.371,-29.01,1.37,29.56,616.10,-35.3652936,149.1745323
111.443,-29.08,1.36,29.56,616.05,-35.3653199,149.1745373
111.488,-29.12,1.38,29.56,616.05,-35.3653199,149.1745373
111.543,-29.13,1.40,29.56,616.01,-35.3653460,149.1745430
111.595,-29.15,1.41,29.56,616.01,-35.3653460,149.1745430
111.669,-29.26,1.42,29.52,615.97,-35.3653719,149.1745495
111.711,-29.26,1.43,29.52,615.97,-35.3653719,149.1745495
111.778,-29.16,1.46,29.51,615.94,-35.3653978,149.1745568
111.811,-29.26,1.46,29.51,615.94,-35.3653978,149.1745568
111.876,-29.44,1.46,29.50,615.90,-35.3654234,149.1745648
111.921,-29.27,1.49,29.50,615.90,-35.3654234,149.1745648
111.995,-29.15,1.50,29.49,615.86,-35.3654489,149.1745736
112.039,-29.46,1.51,29.49,615.86,-35.3654489,149.1745736
112.102,-29.46,1.54,29.46,615.83,-35.3654742,149.1745831
112.139,-28.99,1.57,29.46,615.83,-35.3654742,149.1745831
112.206,-29.36,1.56,29.43,615.80,-35.3654993,149.1745934
112.245,-29.91,1.55,29.43,615.80,-35.3654993,149.1745934
112.320,-28.83,1.64,29.43,615.77,-35.3655241,149.1746044
112.368,-28.47,1.65,29.43,615.77,-35.3655241,149.1746044
112.440,-29.95,1.58,29.40,615.74,-35.3655487,149.1746162
112.485,-29.58,1.63,29.40,615.74,-35.3655487,149.1746162
112.545,-28.53,1.69,29.38,615.71,-35.3655730,149.1746286
112.582,-29.16,1.69,29.38,615.71,-35.3655730,149.1746286
112.658,-29.60,1.72,29.39,615.70,-35.3655971,149.1746418
112.693,-29.11,1.71,29.39,615.70,-35.3655971,149.1746418
112.756,-29.01,1.74,29.38,615.68,-35.3656209,149.1746557
112.799,-29.24,1.81,29.38,615.68,-35.3656209,149.1746557
112.855,-29.20,1.81,29.37,615.67,-35.3656444,149.1746703
112.897,-29.09,1.80,29.37,615.67,-35.3656444,149.1746703
112.956,-29.10,1.86,29.35,615.65,-35.3656676,149.1746856
112.991,-29.11,1.88,29.35,615.65,-35.3656676,149.1746856
113.052,-29.08,1.88,29.33,615.64,-35.3656904,149.1747017
113.083,-29.05,1.91,29.33,615.64,-35.3656904,149.1747017
113.143,-29.03,1.95,29.32,615.62,-35.3657129,149.1747184
113.186,-29.00,1.95,29.32,615.62,-35.3657129,149.1747184
113.245,-28.95,1.98,29.32,615.61,-35.3657350,149.1747359
113.290,-28.92,2.01,29.32,615.61,-35.3657350,149.1747359
113.358,-28.86,2.03,29.29,615.59,-35.3657567,149.1747540
113.393,-28.83,2.03,29.29,615.59,-35.3657567,149.1747540
113.466,-28.77,2.06,29.28,615.58,-35.3657781,149.1747729
113.500,-28.73,2.07,29.28,615.58,-35.3657781,149.1747729
113.560,-28.67,2.09,29.26,615.56,-35.3657990,149.1747923
113.606,-28.61,2.11,29.26,615.56,-35.3657990,149.1747923
113.660,-28.55,2.14,29.26,615.55,-35.3658196,149.1748124
113.706,-28.49,2.15,29.26,615.55,-35.3658196,149.1748124
113.765,-28.40,2.17,29.26,615.53,-35.3658397,149.1748332
113.800,-28.35,2.19,29.26,615.53,-35.3658397,149.1748332
113.861,-28.28,2.21,29.25,615.52,-35.3658593,149.1748545
113.894,-28.20,2.22,29.25,615.52,-35.3658593,149.1748545
113.964,-28.10,2.25,29.26,615.51,-35.3658786,149.1748764
114.006,-28.06,2.26,29.26,615.51,-35.3658786,149.1748764
114.058,-27.98,2.29,29.24,615.50,-35.3658973,149.1748990
114.107,-27.87,2.32,29.24,615.50,-35.3658973,149.1748990
114.166,-27.78,2.34,29.22,615.49,-35.3659156,149.1749220
114.201,-27.79,2.35,29.22,615.49,-35.3659156,149.1749220
114.278,-27.66,2.38,29.19,615.49,-35.3659334,149.1749457
114.312,-27.52,2.40,29.19,615.49,-35.3659334,149.1749457
114.376,-27.52,2.41,29.18,615.49,-35.3659508,149.1749698
114.415,-27.52,2.44,29.18,615.49,-35.3659508,149.1749698
114.466,-27.25,2.47,29.20,615.49,-35.3659676,149.1749945
114.507,-27.15,2.49,29.20,615.49,-35.3659676,149.1749945
114.570,-27.33,2.51,29.19,615.49,-35.3659840,149.1750197
114.611,-27.18,2.54,29.19,615.49,-35.3659840,149.1750197
114.667,-26.66,2.57,29.19,615.49,-35.3659998,149.1750454
114.703,-26.91,2.57,29.19,615.49,-35.3659998,149.1750454
114.764,-27.36,2.58,29.19,615.50,-35.3660151,149.1750715
114.803,-26.55,2.65,29.19,615.50,-35.3660151,149.1750715
114.853,-25.84,2.68,29.19,615.51,-35.3660298,149.1750981
114.902,-27.28,2.62,29.19,615.51,-35.3660298,149.1750981
114.967,-27.40,2.68,29.17,615.52,-35.3660440,149.1751251
115.007,-25.75,2.77,29.17,615.52,-35.3660440,149.1751251
115.074,-25.88,2.75,29.19,615.53,-35.3660577,149.1751526
115.110,-26.87,2.75,29.19,615.53,-35.3660577,149.1751526
115.169,-26.44,2.82,29.19,615.55,-35.3660709,149.1751805
115.217,-25.87,2.81,29.19,615.55,-35.3660709,149.1751805
115.272,-26.02,2.81,29.20,615.57,-35.3660834,149.1752087
115.319,-26.19,2.86,29.20,615.57,-35.3660834,149.1752087
115.386,-26.00,2.88,29.17,615.60,-35.3660955,149.1752373
115.426,-25.90,2.88,29.17,615.60,-35.3660955,149.1752373
115.491,-25.85,2.90,29.19,615.63,-35.3661069,149.1752662
115.526,-25.82,2.92,29.19,615.63,-35.3661069,149.1752662
115.589,-25.73,2.94,29.20,615.66,-35.3661178,149.1752955
115.630,-25.67,2.96,29.20,615.66,-35.3661178,149.1752955
115.685,-25.59,2.98,29.20,615.68,-35.3661282,149.1753251
115.726,-25.53,2.98,29.20,615.68,-35.3661282,149.1753251
115.785,-25.46,3.00,29.19,615.71,-35.3661380,149.1753549
115.823,-25.39,3.02,29.19,615.71,-35.3661380,149.1753549
115.884,-25.31,3.03,29.20,615.74,-35.3661471,149.1753851
115.918,-25.25,3.03,29.20,615.74,-35.3661471,149.1753851
115.978,-25.15,3.05,29.22,615.78,-35.3661558,149.1754155
116.024,-25.08,3.06,29.22,615.78,-35.3661558,149.1754155
116.076,-24.98,3.08,29.21,615.81,-35.3661638,149.1754461
116.120,-24.93,3.10,29.21,615.81,-35.3661638,149.1754461
116.184,-24.84,3.12,29.19,615.84,-35.3661713,149.1754770
116.221,-24.78,3.11,29.19,615.84,-35.3661713,149.1754770
116.276,-24.70,3.12,29.20,615.88,-35.3661782,149.1755081
116.314,-24.64,3.15,29.20,615.88,-35.3661782,149.1755081
116.372,-24.53,3.15,29.20,615.92,-35.3661845,149.1755393
116.412,-24.49,3.14,29.20,615.92,-35.3661845,149.1755393
116.467,-24.43,3.16,29.23,615.95,-35.3661902,149.1755708
116.512,-24.36,3.17,29.23,615.95,-35.3661902,149.1755708
116.570,-24.29,3.16,29.23,615.99,-35.3661954,149.1756024
116.605,-24.27,3.16,29.23,615.99,-35.3661954,149.1756024
116.673,-24.16,3.17,29.24,616.03,-35.3662000,149.1756341
116.707,-24.10,3.17,29.24,616.03,-35.3662000,149.1756341
116.767,-24.12,3.16,29.26,616.07,-35.3662040,149.1756660
116.809,-24.07,3.16,29.26,616.07,-35.3662040,149.1756660
116.860,-23.83,3.17,29.27,616.11,-35.3662074,149.1756980
116.901,-23.87,3.17,29.27,616.11,-35.3662074,149.1756980
116.958,-24.09,3.15,29.26,616.15,-35.3662103,149.1757300
116.994,-23.83,3.16,29.26,616.15,-35.3662103,149.1757300
117.057,-23.42,3.17,29.27,616.18,-35.3662126,149.1757622
117.098,-23.88,3.15,29.27,616.18,-35.3662126,149.1757622
117.167,-24.22,3.15,29.29,616.22,-35.3662143,149.1757944
117.219,-23.37,3.17,29.29,616.22,-35.3662143,149.1757944
117.275,-23.17,3.17,29.29,616.26,-35.3662154,149.1758267
117.314,-24.43,3.14,29.29,616.26,-35.3662154,149.1758267
117.375,-23.92,3.17,29.29,616.29,-35.3662160,149.1758590
117.410,-22.96,3.17,29.29,616.29,-35.3662160,149.1758590
117.469,-23.70,3.14,29.30,616.34,-35.3662161,149.1758913
117.501,-23.90,3.14,29.30,616.34,-35.3662161,149.1758913
117.558,-23.24,3.12,29.33,616.38,-35.3662156,149.1759236
117.606,-23.40,3.12,29.33,616.38,-35.3662156,149.1759236
117.650,-23.74,3.12,29.35,616.43,-35.3662145,149.1759559
117.695,-23.52,3.07,29.35,616.43,-35.3662145,149.1759559
117.751,-23.40,3.07,29.35,616.48,-35.3662130,149.1759882
117.785,-23.54,3.09,29.35,616.48,-35.3662130,149.1759882
117.843,-23.56,3.06,29.37,616.53,-35.3662109,149.1760205
117.877,-23.49,3.02,29.37,616.53,-35.3662109,149.1760205
117.934,-23.51,3.03,29.39,616.57,-35.3662082,149.1760527
117.973,-23.56,3.03,29.39,616.57,-35.3662082,149.1760527
118.023,-23.57,2.99,29.37,616.61,-35.3662049,149.1760848
118.064,-23.57,2.99,29.37,616.61,-35.3662049,149.1760848
118.126,-23.60,2.98,29.37,616.65,-35.3662011,149.1761168
118.160,-23.63,2.95,29.37,616.65,-35.3662011,149.1761168
118.228,-23.65,2.93,29.38,616.68,-35.3661967,149.1761488
118.269,-23.68,2.95,29.38,616.68,-35.3661967,149.1761488
118.329,-23.72,2.91,29.39,616.72,-35.3661917,149.1761807
118.377,-23.74,2.88,29.39,616.72,-35.3661917,149.1761807
118.432,-23.78,2.87,29.42,616.75,-35.3661863,149.1762124
118.479,-23.80,2.87,29.42,616.75,-35.3661863,149.1762124
118.542,-23.85,2.82,29.45,616.78,-35.3661803,149.1762440
118.600,-23.89,2.81,29.45,616.78,-35.3661803,149.1762440
118.686,-23.94,2.79,29.47,616.80,-35.3661737,149.1762755
118.728,-23.96,2.77,29.47,616.80,-35.3661737,149.1762755
118.792,-24.01,2.74,29.49,616.83,-35.3661666,149.1763068
118.837,-24.06,2.73,29.49,616.83,-35.3661666,149.1763068
118.894,-24.09,2.70,29.48,616.85,-35.3661590,149.1763379
118.944,-24.12,2.69,29.48,616.85,-35.3661590,149.1763379
119.011,-24.19,2.66,29.48,616.87,-35.3661509,149.1763689
119.047,-24.24,2.65,29.48,616.87,-35.3661509,149.1763689
119.109,-24.27,2.62,29.49,616.89,-35.3661423,149.1763996
119.144,-24.32,2.60,29.49,616.89,-35.3661423,149.1763996
119.213,-24.41,2.57,29.49,616.91,-35.3661331,149.1764302
119.261,-24.45,2.57,29.49,616.91,-35.3661331,149.1764302
119.318,-24.49,2.53,29.51,616.93,-35.3661235,149.1764605
119.363,-24.54,2.51,29.51,616.93,-35.3661235,149.1764605
119.423,-24.63,2.48,29.51,616.94,-35.3661133,149.1764905
119.459,-24.65,2.47,29.51,616.94,-35.3661133,149.1764905
119.523,-24.69,2.45,29.53,616.95,-35.3661026,149.1765203
119.562,-24.78,2.43,29.53,616.95,-35.3661026,149.1765203
119.633,-24.86,2.41,29.53,616.96,-35.3660915,149.1765499
119.678,-24.83,2.39,29.53,616.96,-35.3660915,149.1765499
119.737,-24.92,2.36,29.53,616.97,-35.3660798,149.1765791
119.782,-25.06,2.35,29.53,616.97,-35.3660798,149.1765791
119.854,-25.07,2.33,29.53,616.97,-35.3660676,149.1766081
119.887,-24.99,2.32,29.53,616.97,-35.3660676,149.1766081
119.951,-25.17,2.29,29.53,616.98,-35.3660550,149.1766367
119.993,-25.38,2.27,29.53,616.98,-35.3660550,149.1766367
120.055,-25.30,2.25,29.54,616.98,-35.3660418,149.1766650
120.100,-25.17,2.24,29.54,616.98,-35.3660418,149.1766650
120.151,-25.44,2.22,29.54,616.98,-35.3660282,149.1766930
120.199,-25.70,2.20,29.54,616.98,-35.3660282,149.1766930
120.269,-25.61,2.17,29.54,616.98,-35.3660141,149.1767207
120.305,-25.40,2.15,29.54,616.98,-35.3660141,149.1767207
120.367,-25.56,2.13,29.54,616.98,-35.3659996,149.1767479
120.401,-26.07,2.12,29.54,616.98,-35.3659996,149.1767479
120.461,-26.28,2.09,29.55,616.97,-35.3659846,149.1767748
120.503,-26.03,2.04,29.55,616.97,-35.3659846,149.1767748
120.561,-26.07,2.05,29.57,616.97,-35.3659691,149.1768013
120.618,-26.24,2.09,29.57,616.97,-35.3659691,149.1768013
120.681,-26.36,2.05,29.55,616.97,-35.3659531,149.1768274
120.721,-26.39,1.99,29.55,616.97,-35.3659531,149.1768274
120.797,-26.44,2.00,29.56,616.96,-35.3659367,149.1768531
120.839,-26.48,2.00,29.56,616.96,-35.3659367,149.1768531
120.901,-26.53,1.95,29.57,616.95,-35.3659199,149.1768783
120.940,-26.58,1.95,29.57,616.95,-35.3659199,149.1768783
120.993,-26.63,1.96,29.57,616.94,-35.3659026,149.1769030
121.035,-26.65,1.91,29.57,616.94,-35.3659026,149.1769030
121.099,-26.71,1.88,29.57,616.93,-35.3658849,149.1769273
121.131,-26.74,1.90,29.57,616.93,-35.3658849,149.1769273
121.190,-26.80,1.88,29.58,616.91,-35.3658667,149.1769511
121.225,-26.84,1.86,29.58,616.91,-35.3658667,149.1769511
121.282,-26.90,1.84,29.55,616.90,-35.3658482,149.1769745
121.320,-26.94,1.83,29.55,616.90,-35.3658482,149.1769745
121.368,-26.99,1.82,29.56,616.88,-35.3658292,149.1769973
121.409,-27.03,1.83,29.56,616.88,-35.3658292,149.1769973
121.471,-27.09,1.82,29.57,616.86,-35.3658098,149.1770196
121.508,-27.13,1.80,29.57,616.86,-35.3658098,149.1770196
121.579,-27.17,1.79,29.58,616.84,-35.3657901,149.1770414
121.622,-27.21,1.80,29.58,616.84,-35.3657901,149.1770414
121.699,-27.27,1.80,29.58,616.82,-35.3657699,149.1770626
121.746,-27.30,1.78,29.58,616.82,-35.3657699,149.1770626
121.801,-27.35,1.78,29.56,616.80,-35.3657494,149.1770833
121.855,-27.38,1.78,29.56,616.80,-35.3657494,149.1770833
121.923,-27.44,1.77,29.54,616.78,-35.3657285,149.1771033
121.962,-27.47,1.76,29.54,616.78,-35.3657285,149.1771033
122.034,-27.52,1.77,29.54,616.75,-35.3657073,149.1771229
122.077,-27.56,1.76,29.54,616.75,-35.3657073,149.1771229
122.148,-27.60,1.75,29.51,616.73,-35.3656857,149.1771418
122.206,-27.63,1.76,29.51,616.73,-35.3656857,149.1771418
122.270,-27.68,1.77,29.51,616.70,-35.3656638,149.1771601
122.324,-27.69,1.77,29.51,616.70,-35.3656638,149.1771601
122.391,-27.74,1.76,29.52,616.68,-35.3656416,149.1771778
122.435,-27.78,1.76,29.52,616.68,-35.3656416,149.1771778
122.514,-27.77,1.77,29.52,616.66,-35.3656190,149.1771948
122.553,-27.79,1.76,29.52,616.66,-35.3656190,149.1771948
122.617,-27.87,1.77,29.51,616.63,-35.3655961,149.1772113
122.663,-27.86,1.78,29.51,616.63,-35.3655961,149.1772113
122.719,-27.82,1.78,29.50,616.61,-35.3655730,149.1772270
122.766,-27.87,1.78,29.50,616.61,-35.3655730,149.1772270
122.834,-27.98,1.78,29.51,616.59,-35.3655495,149.1772421
122.870,-27.90,1.79,29.51,616.59,-35.3655495,149.1772421
122.940,-27.81,1.79,29.51,616.57,-35.3655258,149.1772565
122.980,-27.99,1.79,29.51,616.57,-35.3655258,149.1772565
123.049,-28.11,1.80,29.48,616.55,-35.3655018,149.1772703
123.098,-27.83,1.82,29.48,616.55,-35.3655018,149.1772703
123.153,-27.80,1.83,29.45,616.53,-35.3654776,149.1772833
123.201,-28.24,1.83,29.45,616.53,-35.3654776,149.1772833
123.265,-28.11,1.85,29.46,616.51,-35.3654531,149.1772957
123.306,-27.53,1.87,29.46,616.51,-35.3654531,149.1772957
123.368,-28.03,1.85,29.47,616.49,-35.3654284,149.1773073
123.406,-28.70,1.84,29.47,616.49,-35.3654284,149.1773073
123.477,-27.67,1.92,29.47,616.47,-35.3654035,149.1773183
123.531,-27.14,1.92,29.47,616.47,-35.3654035,149.1773183
123.588,-28.98,1.84,29.44,616.45,-35.3653784,149.1773284
123.642,-28.79,1.90,29.44,616.45,-35.3653784,149.1773284
123.711,-27.14,1.98,29.42,616.44,-35.3653532,149.1773380
123.751,-27.88,1.92,29.42,616.44,-35.3653532,149.1773380
123.819,-28.68,1.91,29.43,616.42,-35.3653278,149.1773468
123.859,-27.91,1.95,29.43,616.42,-35.3653278,149.1773468
123.926,-27.70,1.95,29.43,616.42,-35.3653022,149.1773549
123.965,-28.18,1.98,29.43,616.42,-35.3653022,149.1773549
124.017,-28.15,1.99,29.40,616.41,-35.3652765,149.1773622
124.062,-27.93,1.98,29.40,616.41,-35.3652765,149.1773622
124.129,-27.98,2.00,29.41,616.40,-35.3652506,149.1773687
124.168,-28.05,2.02,29.41,616.40,-35.3652506,149.1773687
124.238,-28.02,2.03,29.40,616.39,-35.3652247,149.1773745
124.272,-27.99,2.03,29.40,616.39,-35.3652247,149.1773745
124.335,-27.99,2.05,29.39,616.38,-35.3651986,149.1773795
124.379,-27.99,2.05,29.39,616.38,-35.3651986,149.1773795
124.431,-27.98,2.07,29.38,616.37,-35.3651724,149.1773836
124.465,-27.97,2.10,29.38,616.37,-35.3651724,149.1773836
124.514,-27.95,2.11,29.38,616.36,-35.3651462,149.1773871
124.546,-27.94,2.10,29.38,616.36,-35.3651462,149.1773871
124.602,-27.91,2.12,29.35,616.34,-35.3651199,149.1773897
124.645,-27.89,2.15,29.35,616.34,-35.3651199,149.1773897
124.712,-27.87,2.15,29.36,616.33,-35.3650936,149.1773916
124.759,-27.85,2.15,29.36,616.33,-35.3650936,149.1773916
124.827,-27.81,2.17,29.37,616.32,-35.3650673,149.1773926
124.874,-27.80,2.17,29.37,616.32,-35.3650673,149.1773926
124.942,-27.78,2.17,29.36,616.31,-35.3650409,149.1773930
124.983,-27.74,2.19,29.36,616.31,-35.3650409,149.1773930
125.047,-27.69,2.21,29.34,616.30,-35.3650146,149.1773925
125.089,-27.68,2.21,29.34,616.30,-35.3650146,149.1773925
125.152,-27.65,2.22,29.31,616.30,-35.3649882,149.1773913
125.199,-27.58,2.23,29.31,616.30,-35.3649882,149.1773913
125.252,-27.55,2.25,29.32,616.29,-35.3649619,149.1773892
125.295,-27.59,2.25,29.32,616.29,-35.3649619,149.1773892
125.369,-27.52,2.26,29.31,616.28,-35.3649357,149.1773865
125.415,-27.40,2.28,29.31,616.28,-35.3649357,149.1773865
125.489,-27.42,2.29,29.31,616.27,-35.3649095,149.1773830
125.526,-27.50,2.30,29.31,616.27,-35.3649095,149.1773830
125.597,-27.31,2.33,29.32,616.27,-35.3648834,149.1773787
125.653,-27.15,2.34,29.32,616.27,-35.3648834,149.1773787
125.719,-27.28,2.33,29.32,616.26,-35.3648574,149.1773736
125.780,-27.37,2.35,29.32,616.26,-35.3648574,149.1773736
125.853,-27.05,2.38,29.33,616.26,-35.3648315,149.1773678
125.894,-26.92,2.38,29.33,616.26,-35.3648315,149.1773678
125.964,-27.17,2.39,29.33,616.26,-35.3648057,149.1773612
126.003,-27.18,2.41,29.33,616.26,-35.3648057,149.1773612
126.077,-26.85,2.43,29.33,616.26,-35.3647801,149.1773539
126.125,-26.87,2.42,29.33,616.26,-35.3647801,149.1773539
126.188,-26.97,2.43,29.31,616.26,-35.3647546,149.1773458
126.246,-26.63,2.49,29.31,616.26,-35.3647546,149.1773458
126.314,-26.56,2.47,29.28,616.26,-35.3647293,149.1773369
126.355,-26.89,2.42,29.28,616.26,-35.3647293,149.1773369
126.426,-26.72,2.48,29.27,616.27,-35.3647042,149.1773273
126.465,-26.46,2.54,29.27,616.27,-35.3647042,149.1773273
126.533,-26.55,2.51,29.28,616.27,-35.3646792,149.1773170
126.583,-26.66,2.51,29.28,616.27,-35.3646792,149.1773170
126.650,-26.57,2.57,29.29,616.28,-35.3646545,149.1773060
126.697,-26.48,2.57,29.29,616.28,-35.3646545,149.1773060
126.764,-26.47,2.56,29.27,616.28,-35.3646300,149.1772943
126.804,-26.47,2.60,29.27,616.28,-35.3646300,149.1772943
126.885,-26.42,2.63,29.29,616.29,-35.3646057,149.1772818
126.924,-26.40,2.61,29.29,616.29,-35.3646057,149.1772818
126.993,-26.36,2.62,29.28,616.30,-35.3645817,149.1772687
127.046,-26.33,2.65,29.28,616.30,-35.3645817,149.1772687
127.137,-26.29,2.66,29.30,616.31,-35.3645579,149.1772549
127.192,-26.26,2.66,29.30,616.31,-35.3645579,149.1772549
127.265,-26.20,2.68,29.31,616.32,-35.3645344,149.1772404
127.305,-26.17,2.69,29.31,616.32,-35.3645344,149.1772404
127.374,-26.11,2.70,29.32,616.33,-35.3645111,149.1772252
127.412,-26.08,2.72,29.32,616.33,-35.3645111,149.1772252
127.481,-26.04,2.73,29.33,616.35,-35.3644882,149.1772094
127.521,-26.00,2.72,29.33,616.35,-35.3644882,149.1772094
127.586,-25.95,2.72,29.32,616.36,-35.3644656,149.1771930
127.642,-25.92,2.74,29.32,616.36,-35.3644656,149.1771930
127.715,-25.87,2.75,29.33,616.38,-35.3644432,149.1771759
127.756,-25.84,2.75,29.33,616.38,-35.3644432,149.1771759
127.823,-25.78,2.77,29.30,616.40,-35.3644212,149.1771582
127.862,-25.76,2.78,29.30,616.40,-35.3644212,149.1771582
127.937,-25.73,2.79,29.31,616.42,-35.3643995,149.1771399
127.988,-25.68,2.78,29.31,616.42,-35.3643995,149.1771399
128.048,-25.63,2.79,29.28,616.44,-35.3643782,149.1771209
128.098,-25.63,2.80,29.28,616.44,-35.3643782,149.1771209
128.167,-25.60,2.80,29.31,616.46,-35.3643572,149.1771014
128.207,-25.53,2.81,29.31,616.46,-35.3643572,149.1771014
128.281,-25.52,2.82,29.31,616.49,-35.3643366,149.1770813
128.319,-25.53,2.83,29.31,616.49,-35.3643366,149.1770813
128.388,-25.40,2.83,29.30,616.51,-35.3643164,149.1770607
128.437,-25.37,2.83,29.30,616.51,-35.3643164,149.1770607
128.502,-25.49,2.85,29.30,616.53,-35.3642965,149.1770395
128.561,-25.40,2.86,29.30,616.53,-35.3642965,149.1770395
128.642,-25.12,2.86,29.31,616.56,-35.3642771,149.1770177
128.682,-25.28,2.86,29.31,616.56,-35.3642771,149.1770177
128.752,-25.56,2.85,29.33,616.58,-35.3642580,149.1769954
128.792,-25.13,2.86,29.33,616.58,-35.3642580,149.1769954
128.870,-24.73,2.88,29.32,616.61,-35.3642394,149.1769726
128.919,-25.50,2.85,29.32,616.61,-35.3642394,149.1769726
128.975,-25.77,2.84,29.34,616.64,-35.3642211,149.1769493
129.027,-24.41,2.88,29.34,616.64,-35.3642211,149.1769493
129.098,-24.41,2.87,29.35,616.67,-35.3642033,149.1769255
129.144,-26.53,2.80,29.35,616.67,-35.3642033,149.1769255
129.212,-25.69,2.85,29.33,616.69,-35.3641859,149.1769012
129.257,-23.67,2.89,29.33,616.69,-35.3641859,149.1769012
129.323,-24.84,2.82,29.34,616.72,-35.3641691,149.1768764
129.374,-25.72,2.84,29.34,616.72,-35.3641691,149.1768764
129.442,-24.94,2.84,29.32,616.74,-35.3641526,149.1768511
129.498,-24.77,2.81,29.32,616.74,-35.3641526,149.1768511
129.570,-25.13,2.82,29.34,616.76,-35.3641367,149.1768253
129.616,-25.11,2.82,29.34,616.76,-35.3641367,149.1768253
129.690,-25.02,2.79,29.36,616.78,-35.3641212,149.1767991
129.753,-25.08,2.80,29.36,616.78,-35.3641212,149.1767991
129.840,-25.10,2.80,29.38,616.80,-35.3641061,149.1767725
129.890,-25.09,2.76,29.38,616.80,-35.3641061,149.1767725
129.959,-25.09,2.76,29.37,616.82,-35.3640915,149.1767455
130.010,-25.08,2.78,29.37,616.82,-35.3640915,149.1767455
130.088,-25.08,2.75,29.39,616.84,-35.3640774,149.1767182
130.131,-25.08,2.74,29.39,616.84,-35.3640774,149.1767182
130.204,-25.08,2.74,29.37,616.87,-35.3640638,149.1766905
130.243,-25.07,2.73,29.37,616.87,-35.3640638,149.1766905
130.311,-25.07,2.71,29.39,616.89,-35.3640506,149.1766624
130.375,-25.06,2.72,29.39,616.89,-35.3640506,149.1766624
130.436,-25.07,2.72,29.40,616.92,-35.3640379,149.1766340
130.489,-25.08,2.70,29.40,616.92,-35.3640379,149.1766340
130.562,-25.08,2.69,29.41,616.94,-35.3640258,149.1766053
130.602,-25.09,2.69,29.41,616.94,-35.3640258,149.1766053
130.675,-25.10,2.68,29.39,616.97,-35.3640141,149.1765762
130.722,-25.10,2.66,29.39,616.97,-35.3640141,149.1765762
130.788,-25.12,2.66,29.39,616.99,-35.3640029,149.1765469
130.845,-25.13,2.65,29.39,616.99,-35.3640029,149.1765469
130.906,-25.15,2.63,29.40,617.02,-35.3639923,149.1765172
130.953,-25.16,2.62,29.40,617.02,-35.3639923,149.1765172
131.025,-25.17,2.61,29.40,617.04,-35.3639821,149.1764873
131.065,-25.19,2.60,29.40,617.04,-35.3639821,149.1764873
131.133,-25.21,2.59,29.40,617.06,-35.3639725,149.1764571
131.166,-25.22,2.57,29.40,617.06,-35.3639725,149.1764571
131.239,-25.25,2.55,29.40,617.09,-35.3639634,149.1764267
131.288,-25.27,2.56,29.40,617.09,-35.3639634,149.1764267
131.357,-25.30,2.54,29.41,617.11,-35.3639548,149.1763960
131.407,-25.30,2.52,29.41,617.11,-35.3639548,149.1763960
131.485,-25.34,2.51,29.44,617.13,-35.3639468,149.1763651
131.536,-25.36,2.51,29.44,617.13,-35.3639468,149.1763651
131.604,-25.34,2.50,29.44,617.15,-35.3639393,149.1763340
131.643,-25.39,2.48,29.44,617.15,-35.3639393,149.1763340
131.708,-25.53,2.46,29.43,617.17,-35.3639324,149.1763027
131.762,-25.45,2.46,29.43,617.17,-35.3639324,149.1763027
131.821,-25.26,2.45,29.44,617.19,-35.3639260,149.1762712
131.867,-25.58,2.42,29.44,617.19,-35.3639260,149.1762712
131.930,-25.98,2.39,29.47,617.20,-35.3639202,149.1762396
131.971,-25.35,2.41,29.47,617.20,-35.3639202,149.1762396
132.036,-24.88,2.40,29.49,617.22,-35.3639149,149.1762078
132.073,-26.23,2.34,29.49,617.22,-35.3639149,149.1762078
132.139,-26.46,2.34,29.49,617.23,-35.3639102,149.1761759
132.184,-25.05,2.37,29.49,617.23,-35.3639102,149.1761759
132.240,-25.22,2.32,29.49,617.24,-35.3639061,149.1761438
132.300,-26.21,2.32,29.49,617.24,-35.3639061,149.1761438
132.375,-26.04,2.34,29.47,617.25,-35.3639025,149.1761116
132.410,-25.61,2.28,29.47,617.25,-35.3639025,149.1761116
132.480,-25.80,2.24,29.47,617.26,-35.3638996,149.1760794
132.519,-26.00,2.28,29.47,617.26,-35.3638996,149.1760794
132.591,-25.97,2.26,29.47,617.27,-35.3638971,149.1760471
132.660,-25.95,2.23,29.47,617.27,-35.3638971,149.1760471
132.713,-26.00,2.23,29.46,617.28,-35.3638953,149.1760146
132.757,-26.03,2.21,29.46,617.28,-35.3638953,149.1760146
132.811,-26.06,2.18,29.46,617.28,-35.3638940,149.1759822
132.850,-26.08,2.18,29.46,617.28,-35.3638940,149.1759822
132.923,-26.12,2.17,29.46,617.29,-35.3638932,149.1759498
132.962,-26.16,2.15,29.46,617.29,-35.3638932,149.1759498
133.035,-26.21,2.14,29.45,617.29,-35.3638931,149.1759173
133.083,-26.25,2.14,29.45,617.29,-35.3638931,149.1759173
133.143,-26.30,2.13,29.45,617.30,-35.3638935,149.1758848
133.191,-26.33,2.12,29.45,617.30,-35.3638935,149.1758848
133.257,-26.38,2.10,29.48,617.30,-35.3638945,149.1758524
133.289,-26.41,2.10,29.48,617.30,-35.3638945,149.1758524
133.348,-26.46,2.08,29.47,617.31,-35.3638960,149.1758199
133.384,-26.50,2.08,29.47,617.31,-35.3638960,149.1758199
133.451,-26.55,2.06,29.48,617.31,-35.3638981,149.1757876
133.493,-26.59,2.05,29.48,617.31,-35.3638981,149.1757876
133.548,-26.63,2.03,29.48,617.31,-35.3639007,149.1757553
133.592,-26.66,2.02,29.48,617.31,-35.3639007,149.1757553
133.662,-26.71,2.01,29.50,617.31,-35.3639040,149.1757230
133.705,-26.76,2.00,29.50,617.31,-35.3639040,149.1757230
133.789,-26.79,1.99,29.50,617.31,-35.3639078,149.1756909
133.825,-26.81,1.98,29.50,617.31,-35.3639078,149.1756909
133.890,-26.87,1.98,29.48,617.30,-35.3639123,149.1756589
133.930,-26.91,1.97,29.48,617.30,-35.3639123,149.1756589
133.988,-26.92,1.95,29.47,617.30,-35.3639172,149.1756270
134.040,-26.94,1.95,29.47,617.30,-35.3639172,149.1756270
134.115,-27.00,1.94,29.49,617.30,-35.3639228,149.1755952
134.148,-27.02,1.93,29.49,617.30,-35.3639228,149.1755952
134.226,-27.04,1.92,29.47,617.29,-35.3639290,149.1755636
134.273,-27.06,1.91,29.47,617.29,-35.3639290,149.1755636
134.354,-27.09,1.90,29.50,617.29,-35.3639357,149.1755322
134.407,-27.12,1.90,29.50,617.29,-35.3639357,149.1755322
134.470,-27.19,1.89,29.48,617.28,-35.3639430,149.1755010
134.528,-27.17,1.89,29.48,617.28,-35.3639430,149.1755010
134.610,-27.08,1.88,29.50,617.28,-35.3639508,149.1754700
134.648,-27.19,1.87,29.50,617.28,-35.3639508,149.1754700
134.728,-27.41,1.85,29.48,617.27,-35.3639593,149.1754393
134.769,-27.21,1.87,29.48,617.27,-35.3639593,149.1754393
134.835,-27.01,1.86,29.46,617.26,-35.3639683,149.1754087
134.889,-27.41,1.85,29.46,617.26,-35.3639683,149.1754087
134.947,-27.61,1.85,29.48,617.25,-35.3639778,149.1753785
134.989,-27.05,1.86,29.48,617.25,-35.3639778,149.1753785
135.060,-27.35,1.84,29.49,617.24,-35.3639879,149.1753485
135.096,-27.60,1.85,29.49,617.24,-35.3639879,149.1753485
135.164,-27.20,1.85,29.48,617.23,-35.3639986,149.1753188
135.202,-27.39,1.83,29.48,617.23,-35.3639986,149.1753188
135.267,-27.74,1.85,29.49,617.22,-35.3640099,149.1752894
135.314,-27.49,1.84,29.49,617.22,-35.3640099,149.1752894
135.369,-27.37,1.82,29.49,617.21,-35.3640217,149.1752604
135.432,-27.59,1.87,29.49,617.21,-35.3640217,149.1752604
135.512,-27.65,1.88,29.49,617.19,-35.3640341,149.1752317
135.551,-27.56,1.83,29.49,617.19,-35.3640341,149.1752317
135.616,-27.57,1.84,29.47,617.18,-35.3640470,149.1752034
135.654,-27.61,1.87,29.47,617.18,-35.3640470,149.1752034
135.723,-27.62,1.84,29.47,617.16,-35.3640604,149.1751755
135.771,-27.61,1.83,29.47,617.16,-35.3640604,149.1751755
135.825,-27.63,1.85,29.46,617.15,-35.3640743,149.1751479
135.875,-27.63,1.85,29.46,617.15,-35.3640743,149.1751479
135.938,-27.63,1.84,29.44,617.13,-35.3640887,149.1751207
135.980,-27.64,1.85,29.44,617.13,-35.3640887,149.1751207
136.047,-27.63,1.86,29.42,617.12,-35.3641036,149.1750939
136.091,-27.63,1.85,29.42,617.12,-35.3641036,149.1750939
136.156,-27.63,1.85,29.44,617.10,-35.3641191,149.1750676
136.205,-27.63,1.85,29.44,617.10,-35.3641191,149.1750676
136.261,-27.62,1.85,29.41,617.09,-35.3641349,149.1750417
136.306,-27.62,1.86,29.41,617.09,-35.3641349,149.1750417
136.372,-27.62,1.87,29.42,617.08,-35.3641513,149.1750163
136.408,-27.61,1.87,29.42,617.08,-35.3641513,149.1750163
136.500,-27.58,1.87,29.42,617.07,-35.3641681,149.1749913
136.552,-27.59,1.88,29.42,617.07,-35.3641681,149.1749913
136.623,-27.58,1.89,29.40,617.07,-35.3641854,149.1749669
136.686,-27.55,1.89,29.40,617.07,-35.3641854,149.1749669
136.741,-27.53,1.90,29.38,617.06,-35.3642032,149.1749429
136.792,-27.56,1.91,29.38,617.06,-35.3642032,149.1749429
136.862,-27.54,1.91,29.40,617.05,-35.3642214,149.1749195
136.902,-27.47,1.93,29.40,617.05,-35.3642214,149.1749195
136.963,-27.48,1.93,29.38,617.05,-35.3642400,149.1748966
136.998,-27.53,1.92,29.38,617.05,-35.3642400,149.1748966
137.065,-27.43,1.95,29.38,617.04,-35.3642591,149.1748742
137.115,-27.35,1.96,29.38,617.04,-35.3642591,149.1748742
137.168,-27.48,1.95,29.39,617.03,-35.3642786,149.1748524
137.210,-27.49,1.97,29.39,617.03,-35.3642786,149.1748524
137.273,-27.24,2.00,29.36,617.03,-35.3642985,149.1748311
137.307,-27.27,1.99,29.36,617.03,-35.3642985,149.1748311
137.375,-27.56,1.99,29.37,617.03,-35.3643188,149.1748105
137.416,-27.36,2.02,29.37,617.03,-35.3643188,149.1748105
137.478,-26.98,2.05,29.35,617.03,-35.3643395,149.1747904
137.528,-27.41,2.03,29.35,617.03,-35.3643395,149.1747904
137.597,-27.72,2.05,29.33,617.02,-35.3643605,149.1747709
137.641,-26.85,2.10,29.33,617.02,-35.3643605,149.1747709
137.709,-26.71,2.09,29.35,617.03,-35.3643819,149.1747521
137.750,-28.15,2.03,29.35,617.03,-35.3643819,149.1747521
137.816,-27.73,2.08,29.35,617.03,-35.3644037,149.1747339
137.854,-25.42,2.19,29.35,617.03,-35.3644037,149.1747339
137.926,-26.49,2.11,29.36,617.03,-35.3644259,149.1747164
137.980,-28.20,2.04,29.36,617.03,-35.3644259,149.1747164
138.034,-27.08,2.13,29.35,617.03,-35.3644483,149.1746994
138.081,-26.29,2.16,29.35,617.03,-35.3644483,149.1746994
138.157,-26.96,2.12,29.36,617.04,-35.3644711,149.1746832
138.196,-27.23,2.14,29.36,617.04,-35.3644711,149.1746832
138.270,-26.99,2.18,29.35,617.04,-35.3644942,149.1746677
138.308,-26.92,2.17,29.35,617.04,-35.3644942,149.1746677
138.376,-27.01,2.16,29.34,617.04,-35.3645176,149.1746528
138.421,-27.01,2.20,29.34,617.04,-35.3645176,149.1746528
138.498,-26.97,2.22,29.33,617.05,-35.3645413,149.1746385
138.554,-26.96,2.22,29.33,617.05,-35.3645413,149.1746385
138.616,-26.94,2.22,29.35,617.05,-35.3645652,149.1746249
138.659,-26.92,2.22,29.35,617.05,-35.3645652,149.1746249
138.723,-26.89,2.22,29.36,617.05,-35.3645894,149.1746121
138.766,-26.88,2.23,29.36,617.05,-35.3645894,149.1746121
138.833,-26.84,2.24,29.35,617.06,-35.3646138,149.1745998
138.885,-26.81,2.23,29.35,617.06,-35.3646138,149.1745998
138.943,-26.77,2.23,29.33,617.07,-35.3646384,149.1745883
138.996,-26.74,2.23,29.33,617.07,-35.3646384,149.1745883
139.076,-26.71,2.24,29.34,617.07,-35.3646632,149.1745775
139.119,-26.68,2.24,29.34,617.07,-35.3646632,149.1745775
139.185,-26.65,2.24,29.34,617.08,-35.3646882,149.1745674
139.221,-26.62,2.23,29.34,617.08,-35.3646882,149.1745674
139.286,-26.59,2.24,29.36,617.09,-35.3647134,149.1745580
139.335,-26.57,2.25,29.36,617.09,-35.3647134,149.1745580
139.388,-26.52,2.25,29.35,617.09,-35.3647388,149.1745493
139.434,-26.50,2.25,29.35,617.09,-35.3647388,149.1745493
139.493,-26.47,2.26,29.36,617.10,-35.3647643,149.1745413
139.533,-26.45,2.26,29.36,617.10,-35.3647643,149.1745413
139.595,-26.41,2.26,29.36,617.11,-35.3647900,149.1745340
139.642,-26.39,2.27,29.36,617.11,-35.3647900,149.1745340
139.708,-26.39,2.28,29.37,617.12,-35.3648158,149.1745275
139.753,-26.35,2.28,29.37,617.12,-35.3648158,149.1745275
139.816,-26.27,2.29,29.34,617.13,-35.3648418,149.1745217
139.865,-26.28,2.30,29.34,617.13,-35.3648418,149.1745217
139.929,-26.32,2.30,29.33,617.15,-35.3648678,149.1745166
139.967,-26.19,2.30,29.33,617.15,-35.3648678,149.1745166
140.028,-26.06,2.31,29.32,617.16,-35.3648939,149.1745122
140.061,-26.24,2.30,29.32,617.16,-35.3648939,149.1745122
140.127,-26.30,2.30,29.34,617.17,-35.3649201,149.1745086
140.176,-25.91,2.32,29.34,617.17,-35.3649201,149.1745086
140.247,-25.83,2.31,29.34,617.18,-35.3649464,149.1745057
140.301,-26.42,2.30,29.34,617.18,-35.3649464,149.1745057
140.366,-26.34,2.32,29.35,617.19,-35.3649727,149.1745035
140.402,-25.38,2.34,29.35,617.19,-35.3649727,149.1745035
140.466,-25.68,2.32,29.37,617.21,-35.3649990,149.1745021
140.504,-27.03,2.29,29.37,617.21,-35.3649990,149.1745021
140.562,-26.00,2.35,29.38,617.22,-35.3650254,149.1745014
140.613,-25.09,2.34,29.38,617.22,-35.3650254,149.1745014
140.682,-25.96,2.31,29.36,617.23,-35.3650517,149.1745015
140.742,-26.17,2.35,29.36,617.23,-35.3650517,149.1745015
140.801,-25.69,2.34,29.38,617.25,-35.3650781,149.1745022
140.845,-25.77,2.33,29.38,617.25,-35.3650781,149.1745022
140.909,-25.93,2.34,29.37,617.27,-35.3651045,149.1745037
140.950,-25.83,2.33,29.37,617.27,-35.3651045,149.1745037
141.010,-25.77,2.32,29.36,617.29,-35.3651308,149.1745059
141.054,-25.82,2.35,29.36,617.29,-35.3651308,149.1745059
141.111,-25.80,2.35,29.35,617.31,-35.3651570,149.1745087
141.157,-25.77,2.31,29.35,617.31,-35.3651570,149.1745087
141.252,-25.78,2.32,29.38,617.33,-35.3651833,149.1745124
141.286,-25.79,2.34,29.38,617.33,-35.3651833,149.1745124
141.366,-25.79,2.32,29.38,617.34,-35.3652094,149.1745167
141.404,-25.78,2.32,29.38,617.34,-35.3652094,149.1745167
141.468,-25.78,2.34,29.37,617.35,-35.3652355,149.1745218
141.514,-25.78,2.33,29.37,617.35,-35.3652355,149.1745218
141.568,-25.77,2.32,29.38,617.36,-35.3652614,149.1745276
141.612,-25.77,2.32,29.38,617.36,-35.3652614,149.1745276
141.673,-25.77,2.32,29.38,617.37,-35.3652873,149.1745342
141.716,-25.77,2.31,29.38,617.37,-35.3652873,149.1745342
141.778,-25.77,2.31,29.38,617.38,-35.3653130,149.1745414
141.810,-25.77,2.32,29.38,617.38,-35.3653130,149.1745414
141.878,-25.78,2.30,29.37,617.39,-35.3653386,149.1745493
141.918,-25.78,2.31,29.37,617.39,-35.3653386,149.1745493
141.967,-25.78,2.32,29.36,617.40,-35.3653641,149.1745579
142.010,-25.79,2.32,29.36,617.40,-35.3653641,149.1745579
142.066,-25.79,2.31,29.36,617.41,-35.3653894,149.1745672
142.096,-25.79,2.31,29.36,617.41,-35.3653894,149.1745672
142.153,-25.79,2.29,29.37,617.42,-35.3654146,149.1745772
142.186,-25.80,2.28,29.37,617.42,-35.3654146,149.1745772
142.251,-25.81,2.28,29.39,617.43,-35.3654395,149.1745879
142.315,-25.79,2.28,29.39,617.43,-35.3654395,149.1745879
142.381,-25.78,2.26,29.40,617.43,-35.3654643,149.1745992
142.442,-25.81,2.25,29.40,617.43,-35.3654643,149.1745992
142.506,-25.82,2.25,29.39,617.44,-35.3654889,149.1746112
142.542,-25.77,2.25,29.39,617.44,-35.3654889,149.1746112
142.604,-25.77,2.23,29.41,617.45,-35.3655132,149.1746239
142.649,-25.84,2.21,29.41,617.45,-35.3655132,149.1746239
142.711,-25.82,2.22,29.42,617.45,-35.3655373,149.1746372
142.761,-25.69,2.23,29.42,617.45,-35.3655373,149.1746372
142.821,-25.76,2.21,29.43,617.46,-35.3655612,149.1746511
142.873,-25.95,2.20,29.43,617.46,-35.3655612,149.1746511
142.935,-25.85,2.22,29.45,617.46,-35.3655848,149.1746657
142.972,-25.56,2.21,29.45,617.46,-35.3655848,149.1746657
143.041,-25.70,2.19,29.43,617.46,-35.3656082,149.1746810
143.073,-26.19,2.18,29.43,617.46,-35.3656082,149.1746810
143.144,-26.09,2.19,29.45,617.47,-35.3656313,149.1746968
143.194,-25.33,2.19,29.45,617.47,-35.3656313,149.1746968
143.254,-25.37,2.20,29.44,617.47,-35.3656541,149.1747134
143.300,-26.39,2.19,29.44,617.47,-35.3656541,149.1747134
143.370,-26.19,2.20,29.44,617.47,-35.3656765,149.1747305
143.407,-25.44,2.17,29.44,617.47,-35.3656765,149.1747305
143.480,-25.61,2.15,29.44,617.48,-35.3656987,149.1747483
143.526,-26.03,2.20,29.44,617.48,-35.3656987,149.1747483
143.586,-26.00,2.19,29.44,617.48,-35.3657205,149.1747666
143.651,-25.87,2.14,29.44,617.48,-35.3657205,149.1747666
143.703,-25.94,2.16,29.46,617.48,-35.3657420,149.1747855
143.750,-26.02,2.17,29.46,617.48,-35.3657420,149.1747855
143.820,-26.04,2.13,29.44,617.49,-35.3657632,149.1748050
143.856,-26.04,2.14,29.44,617.49,-35.3657632,149.1748050
143.926,-26.06,2.16,29.46,617.49,-35.3657840,149.1748251
143.962,-26.07,2.12,29.46,617.49,-35.3657840,149.1748251
144.044,-26.10,2.10,29.47,617.49,-35.3658045,149.1748457
144.089,-26.11,2.13,29.47,617.49,-35.3658045,149.1748457
144.146,-26.13,2.13,29.45,617.49,-35.3658245,149.1748669
144.205,-26.15,2.11,29.45,617.49,-35.3658245,149.1748669
144.285,-26.17,2.11,29.44,617.49,-35.3658442,149.1748886
144.323,-26.18,2.11,29.44,617.49,-35.3658442,149.1748886
144.406,-26.19,2.10,29.45,617.48,-35.3658635,149.1749108
144.441,-26.19,2.09,29.45,617.48,-35.3658635,149.1749108
144.514,-26.20,2.09,29.44,617.48,-35.3658825,149.1749335
144.568,-26.21,2.09,29.44,617.48,-35.3658825,149.1749335
144.624,-26.24,2.07,29.43,617.48,-35.3659009,149.1749568
144.667,-26.24,2.07,29.43,617.48,-35.3659009,149.1749568
144.733,-26.26,2.07,29.44,617.48,-35.3659190,149.1749805
144.772,-26.27,2.07,29.44,617.48,-35.3659190,149.1749805
144.836,-26.29,2.07,29.44,617.48,-35.3659367,149.1750047
144.872,-26.30,2.06,29.44,617.48,-35.3659367,149.1750047
144.930,-26.31,2.05,29.44,617.48,-35.3659539,149.1750294
144.975,-26.32,2.06,29.44,617.48,-35.3659539,149.1750294
145.027,-26.33,2.06,29.47,617.48,-35.3659706,149.1750546
145.074,-26.34,2.05,29.47,617.48,-35.3659706,149.1750546
145.134,-26.36,2.04,29.47,617.48,-35.3659869,149.1750801
145.171,-26.35,2.04,29.47,617.48,-35.3659869,149.1750801
145.236,-26.34,2.04,29.49,617.47,-35.3660027,149.1751062
145.275,-26.38,2.03,29.49,617.47,-35.3660027,149.1751062
145.333,-26.42,2.03,29.47,617.47,-35.3660181,149.1751326
145.380,-26.37,2.03,29.47,617.47,-35.3660181,149.1751326
145.432,-26.34,2.04,29.48,617.47,-35.3660330,149.1751595
145.484,-26.46,2.04,29.48,617.47,-35.3660330,149.1751595
145.550,-26.54,2.04,29.48,617.47,-35.3660473,149.1751867
145.584,-26.34,2.04,29.48,617.47,-35.3660473,149.1751867
145.653,-26.26,2.02,29.46,617.47,-35.3660612,149.1752143
145.688,-26.64,2.01,29.46,617.47,-35.3660612,149.1752143
145.750,-26.76,2.01,29.48,617.47,-35.3660746,149.1752423
145.791,-26.15,2.03,29.48,617.47,-35.3660746,149.1752423
145.866,-26.05,2.01,29.47,617.47,-35.3660874,149.1752707
145.910,-27.11,2.00,29.47,617.47,-35.3660874,149.1752707
145.974,-27.09,2.00,29.46,617.46,-35.3660998,149.1752994
146.011,-26.04,2.01,29.46,617.46,-35.3660998,149.1752994
146.077,-26.34,1.99,29.44,617.46,-35.3661116,149.1753284
146.114,-26.97,2.02,29.44,617.46,-35.3661116,149.1753284
146.173,-26.71,2.01,29.46,617.47,-35.3661229,149.1753578
146.216,-26.49,1.97,29.46,617.47,-35.3661229,149.1753578
146.266,-26.69,1.99,29.44,617.47,-35.3661337,149.1753874
146.310,-26.73,2.00,29.44,617.47,-35.3661337,149.1753874
146.373,-26.69,1.97,29.43,617.47,-35.3661439,149.1754174
146.407,-26.73,1.98,29.43,617.47,-35.3661439,149.1754174
146.476,-26.78,2.00,29.44,617.47,-35.3661536,149.1754476
146.519,-26.76,1.97,29.44,617.47,-35.3661536,149.1754476
146.583,-26.76,1.96,29.44,617.47,-35.3661627,149.1754780
146.626,-26.79,1.99,29.44,617.47,-35.3661627,149.1754780
146.678,-26.80,1.98,29.44,617.47,-35.3661712,149.1755087
146.728,-26.80,1.96,29.44,617.47,-35.3661712,149.1755087
146.792,-26.81,1.97,29.46,617.47,-35.3661792,149.1755397
146.829,-26.82,1.97,29.46,617.47,-35.3661792,149.1755397
146.894,-26.84,1.96,29.45,617.47,-35.3661866,149.1755708
146.930,-26.85,1.96,29.45,617.47,-35.3661866,149.1755708
146.990,-26.86,1.97,29.44,617.47,-35.3661934,149.1756021
147.034,-26.87,1.96,29.44,617.47,-35.3661934,149.1756021
147.084,-26.87,1.94,29.44,617.47,-35.3661997,149.1756337
147.126,-26.88,1.95,29.44,617.47,-35.3661997,149.1756337
147.182,-26.88,1.96,29.45,617.47,-35.3662054,149.1756653
147.215,-26.88,1.95,29.45,617.47,-35.3662054,149.1756653
147.277,-26.87,1.94,29.44,617.47,-35.3662104,149.1756972
147.314,-26.88,1.94,29.44,617.47,-35.3662104,149.1756972
147.378,-26.87,1.93,29.45,617.47,-35.3662149,149.1757291
147.420,-26.87,1.93,29.45,617.47,-35.3662149,149.1757291
147.472,-26.88,1.93,29.45,617.46,-35.3662188,149.1757612
147.528,-26.89,1.93,29.45,617.46,-35.3662188,149.1757612
147.597,-26.89,1.93,29.43,617.46,-35.3662221,149.1757934
147.628,-26.88,1.93,29.43,617.46,-35.3662221,149.1757934
147.692,-26.89,1.92,29.42,617.45,-35.3662249,149.1758256
147.731,-26.90,1.93,29.42,617.45,-35.3662249,149.1758256
147.794,-26.88,1.93,29.43,617.44,-35.3662270,149.1758580
147.843,-26.87,1.93,29.43,617.44,-35.3662270,149.1758580
147.894,-26.90,1.92,29.42,617.44,-35.3662285,149.1758903
147.937,-26.90,1.93,29.42,617.44,-35.3662285,149.1758903
147.991,-26.88,1.93,29.43,617.43,-35.3662294,149.1759227
148.020,-26.88,1.92,29.43,617.43,-35.3662294,149.1759227
148.075,-26.90,1.92,29.45,617.43,-35.3662298,149.1759552
148.108,-26.86,1.92,29.45,617.43,-35.3662298,149.1759552
148.172,-26.84,1.91,29.43,617.42,-35.3662295,149.1759876
148.218,-26.92,1.90,29.43,617.42,-35.3662295,149.1759876
148.277,-26.96,1.91,29.43,617.42,-35.3662286,149.1760200
148.329,-26.77,1.92,29.43,617.42,-35.3662286,149.1760200
148.398,-26.67,1.92,29.42,617.41,-35.3662272,149.1760523
148.447,-27.08,1.89,29.42,617.41,-35.3662272,149.1760523
148.516,-27.29,1.89,29.40,617.41,-35.3662251,149.1760846
148.555,-26.48,1.93,29.40,617.41,-35.3662251,149.1760846
148.621,-26.42,1.93,29.42,617.41,-35.3662225,149.1761169
148.665,-27.37,1.90,29.42,617.41,-35.3662225,149.1761169
148.731,-27.33,1.92,29.41,617.41,-35.3662193,149.1761490
148.778,-26.62,1.93,29.41,617.41,-35.3662193,149.1761490
148.843,-26.70,1.91,29.41,617.41,-35.3662155,149.1761811
148.880,-27.11,1.94,29.41,617.41,-35.3662155,149.1761811
148.944,-27.02,1.95,29.41,617.41,-35.3662110,149.1762131
148.979,-26.82,1.92,29.41,617.41,-35.3662110,149.1762131
149.043,-26.87,1.93,29.41,617.41,-35.3662060,149.1762449
149.091,-26.92,1.95,29.41,617.41,-35.3662060,149.1762449
149.151,-26.89,1.94,29.40,617.41,-35.3662004,149.1762765
149.198,-26.86,1.94,29.40,617.41,-35.3662004,149.1762765
149.261,-26.87,1.95,29.41,617.40,-35.3661941,149.1763080
149.298,-26.87,1.94,29.41,617.40,-35.3661941,149.1763080
149.366,-26.87,1.94,29.41,617.40,-35.3661873,149.1763393
149.407,-26.88,1.95,29.41,617.40,-35.3661873,149.1763393
149.469,-26.87,1.95,29.43,617.40,-35.3661799,149.1763704
149.515,-26.88,1.95,29.43,617.40,-35.3661799,149.1763704
149.573,-26.87,1.95,29.44,617.40,-35.3661720,149.1764013
149.621,-26.86,1.94,29.44,617.40,-35.3661720,149.1764013
149.692,-26.86,1.95,29.41,617.40,-35.3661634,149.1764319
149.730,-26.85,1.96,29.41,617.40,-35.3661634,149.1764319
149.796,-26.85,1.95,29.42,617.39,-35.3661543,149.1764623
149.834,-26.86,1.94,29.42,617.39,-35.3661543,149.1764623
149.897,-26.84,1.96,29.43,617.40,-35.3661446,149.1764924
149.956,-26.83,1.97,29.43,617.40,-35.3661446,149.1764924
150.012,-26.83,1.97,29.43,617.40,-35.3661344,149.1765223
150.056,-26.83,1.97,29.43,617.40,-35.3661344,149.1765223
150.122,-26.80,1.98,29.41,617.40,-35.3661236,149.1765519
150.159,-26.80,1.98,29.41,617.40,-35.3661236,149.1765519
150.225,-26.82,1.98,29.40,617.40,-35.3661123,149.1765811
150.261,-26.79,1.99,29.40,617.40,-35.3661123,149.1765811
150.321,-26.74,2.00,29.40,617.40,-35.3661004,149.1766101
150.369,-26.77,1.99,29.40,617.40,-35.3661004,149.1766101
150.419,-26.80,1.99,29.40,617.39,-35.3660880,149.1766386
150.474,-26.71,2.00,29.40,617.39,-35.3660880,149.1766386
150.552,-26.67,2.01,29.39,617.39,-35.3660750,149.1766669
150.592,-26.78,2.00,29.39,617.39,-35.3660750,149.1766669
150.661,-26.74,2.01,29.41,617.39,-35.3660616,149.1766947
150.698,-26.56,2.01,29.41,617.39,-35.3660616,149.1766947
150.769,-26.63,2.00,29.42,617.39,-35.3660476,149.1767222
150.817,-26.85,2.00,29.42,617.39,-35.3660476,149.1767222
150.870,-26.64,2.01,29.42,617.39,-35.3660331,149.1767493
150.917,-26.34,2.01,29.42,617.39,-35.3660331,149.1767493
150.976,-26.64,2.01,29.40,617.38,-35.3660181,149.1767760
151.017,-26.95,2.01,29.40,617.38,-35.3660181,149.1767760
151.080,-26.47,2.02,29.39,617.38,-35.3660027,149.1768022
151.118,-26.12,2.01,29.39,617.38,-35.3660027,149.1768022
151.189,-26.70,2.01,29.39,617.37,-35.3659867,149.1768280
151.244,-27.01,2.02,29.39,617.37,-35.3659867,149.1768280
151.303,-26.19,2.04,29.39,617.37,-35.3659703,149.1768534
151.348,-26.17,1.99,29.39,617.37,-35.3659703,149.1768534
151.410,-26.67,1.98,29.40,617.37,-35.3659533,149.1768783
151.446,-26.49,2.04,29.40,617.37,-35.3659533,149.1768783
151.526,-26.42,2.04,29.38,617.37,-35.3659360,149.1769027
151.566,-26.58,2.01,29.38,617.37,-35.3659360,149.1769027
151.628,-26.54,2.00,29.40,617.37,-35.3659181,149.1769266
151.692,-26.45,2.02,29.40,617.37,-35.3659181,149.1769266
151.744,-26.45,2.02,29.39,617.38,-35.3658999,149.1769500
151.793,-26.48,2.03,29.39,617.38,-35.3658999,149.1769500
151.861,-26.44,2.04,29.39,617.38,-35.3658812,149.1769729
151.897,-26.42,2.03,29.39,617.38,-35.3658812,149.1769729
151.966,-26.40,2.03,29.39,617.38,-35.3658621,149.1769953
152.002,-26.41,2.04,29.39,617.38,-35.3658621,149.1769953
152.070,-26.40,2.03,29.41,617.38,-35.3658426,149.1770171
152.140,-26.40,2.04,29.41,617.38,-35.3658426,149.1770171
152.191,-26.39,2.05,29.40,617.39,-35.3658227,149.1770384
152.233,-26.39,2.04,29.40,617.39,-35.3658227,149.1770384
152.297,-26.38,2.04,29.41,617.39,-35.3658024,149.1770591
152.334,-26.38,2.06,29.41,617.39,-35.3658024,149.1770591
152.406,-26.38,2.06,29.39,617.40,-35.3657818,149.1770793
152.447,-26.37,2.05,29.39,617.40,-35.3657818,149.1770793
152.512,-26.36,2.07,29.40,617.40,-35.3657608,149.1770989
152.557,-26.36,2.07,29.40,617.40,-35.3657608,149.1770989
152.612,-26.34,2.07,29.41,617.41,-35.3657394,149.1771179
152.660,-26.33,2.07,29.41,617.41,-35.3657394,149.1771179
152.724,-26.32,2.08,29.39,617.41,-35.3657177,149.1771364
152.769,-26.33,2.07,29.39,617.41,-35.3657177,149.1771364
152.840,-26.32,2.08,29.41,617.42,-35.3656956,149.1771542
152.880,-26.30,2.09,29.41,617.42,-35.3656956,149.1771542
152.950,-26.31,2.08,29.42,617.42,-35.3656732,149.1771714
152.994,-26.34,2.07,29.42,617.42,-35.3656732,149.1771714
153.054,-26.30,2.08,29.42,617.43,-35.3656505,149.1771880
153.102,-26.25,2.08,29.42,617.43,-35.3656505,149.1771880
153.166,-26.28,2.07,29.43,617.43,-35.3656276,149.1772039
153.208,-26.31,2.08,29.43,617.43,-35.3656276,149.1772039
153.276,-26.24,2.09,29.40,617.44,-35.3656043,149.1772193
153.316,-26.18,2.08,29.40,617.44,-35.3656043,149.1772193
153.392,-26.24,2.07,29.39,617.45,-35.3655807,149.1772339
153.440,-26.28,2.08,29.39,617.45,-35.3655807,149.1772339
153.500,-26.18,2.08,29.38,617.45,-35.3655569,149.1772479
153.546,-26.15,2.07,29.38,617.45,-35.3655569,149.1772479
153.610,-26.21,2.07,29.38,617.46,-35.3655328,149.1772613
153.646,-26.21,2.08,29.38,617.46,-35.3655328,149.1772613
153.709,-26.17,2.08,29.40,617.46,-35.3655085,149.1772740
153.749,-26.20,2.07,29.40,617.46,-35.3655085,149.1772740
153.812,-26.20,2.07,29.40,617.46,-35.3654840,149.1772860
153.858,-26.09,2.09,29.40,617.46,-35.3654840,149.1772860
153.916,-26.10,2.08,29.41,617.47,-35.3654593,149.1772973
153.963,-26.56,2.06,29.41,617.47,-35.3654593,149.1772973
154.026,-26.49,2.08,29.43,617.47,-35.3654343,149.1773080
154.061,-26.00,2.10,29.43,617.47,-35.3654343,149.1773080
154.126,-26.07,2.07,29.43,617.48,-35.3654091,149.1773179
154.163,-26.43,2.07,29.43,617.48,-35.3654091,149.1773179
154.227,-26.39,2.08,29.43,617.48,-35.3653838,149.1773272
154.279,-26.19,2.06,29.43,617.48,-35.3653838,149.1773272
154.333,-26.22,2.05,29.41,617.48,-35.3653583,149.1773357
154.381,-26.33,2.08,29.41,617.48,-35.3653583,149.1773357
154.445,-26.30,2.08,29.42,617.48,-35.3653327,149.1773435
154.481,-26.26,2.05,29.42,617.48,-35.3653327,149.1773435
154.544,-26.26,2.06,29.41,617.48,-35.3653069,149.1773506
154.580,-26.27,2.07,29.41,617.48,-35.3653069,149.1773506
154.635,-26.26,2.06,29.43,617.48,-35.3652810,149.1773571
154.668,-26.25,2.06,29.43,617.48,-35.3652810,149.1773571
154.709,-26.25,2.06,29.45,617.48,-35.3652549,149.1773627
154.744,-26.23,2.04,29.45,617.48,-35.3652549,149.1773627
154.796,-26.21,2.05,29.44,617.48,-35.3652288,149.1773678
154.834,-26.21,2.05,29.44,617.48,-35.3652288,149.1773678
154.901,-26.20,2.05,29.43,617.48,-35.3652026,149.1773720
154.942,-26.19,2.04,29.43,617.48,-35.3652026,149.1773720
155.022,-26.18,2.05,29.43,617.48,-35.3651763,149.1773756
155.074,-26.19,2.05,29.43,617.48,-35.3651763,149.1773756
155.137,-26.19,2.03,29.45,617.48,-35.3651500,149.1773785
155.186,-26.18,2.04,29.45,617.48,-35.3651500,149.1773785
155.252,-26.18,2.05,29.45,617.48,-35.3651236,149.1773806
155.293,-26.18,2.03,29.45,617.48,-35.3651236,149.1773806
155.359,-26.19,2.02,29.45,617.48,-35.3650972,149.1773821
155.407,-26.20,2.03,29.45,617.48,-35.3650972,149.1773821
155.472,-26.20,2.03,29.46,617.48,-35.3650708,149.1773828
155.521,-26.19,2.02,29.46,617.48,-35.3650708,149.1773828
155.581,-26.21,2.02,29.47,617.48,-35.3650443,149.1773828
155.630,-26.23,2.02,29.47,617.48,-35.3650443,149.1773828
155.698,-26.20,2.02,29.45,617.48,-35.3650179,149.1773821
155.733,-26.20,2.02,29.45,617.48,-35.3650179,149.1773821
155.802,-26.23,2.03,29.46,617.48,-35.3649915,149.1773806
155.840,-26.23,2.03,29.46,617.48,-35.3649915,149.1773806
155.910,-26.19,2.04,29.45,617.47,-35.3649651,149.1773785
155.955,-26.19,2.04,29.45,617.47,-35.3649651,149.1773785
156.006,-26.25,2.04,29.44,617.47,-35.3649388,149.1773756
156.051,-26.21,2.04,29.44,617.47,-35.3649388,149.1773756
156.114,-26.16,2.03,29.43,617.47,-35.3649125,149.1773721
156.150,-26.23,2.03,29.43,617.47,-35.3649125,149.1773721
156.214,-26.26,2.04,29.43,617.47,-35.3648863,149.1773677
156.248,-26.16,2.05,29.43,617.47,-35.3648863,149.1773677
156.323,-26.19,2.03,29.42,617.46,-35.3648602,149.1773627
156.371,-26.33,2.03,29.42,617.46,-35.3648602,149.1773627
156.422,-26.19,2.03,29.44,617.46,-35.3648341,149.1773569
156.471,-26.04,2.03,29.44,617.46,-35.3648341,149.1773569
156.530,-26.36,2.01,29.43,617.46,-35.3648082,149.1773504
156.566,-26.45,2.01,29.43,617.46,-35.3648082,149.1773504
156.642,-25.89,2.04,29.44,617.46,-35.3647824,149.1773433
156.681,-25.98,2.03,29.44,617.46,-35.3647824,149.1773433
156.740,-26.81,1.99,29.45,617.46,-35.3647568,149.1773353
156.787,-26.34,2.03,29.45,617.46,-35.3647568,149.1773353
156.843,-25.25,2.08,29.44,617.45,-35.3647312,149.1773268
156.901,-26.46,2.01,29.44,617.45,-35.3647312,149.1773268
156.972,-27.65,1.98,29.42,617.45,-35.3647059,149.1773174
157.014,-25.29,2.09,29.42,617.45,-35.3647059,149.1773174
157.079,-24.46,2.09,29.43,617.45,-35.3646807,149.1773075
157.118,-27.35,1.96,29.43,617.45,-35.3646807,149.1773075
157.185,-27.15,2.01,29.43,617.45,-35.3646558,149.1772967
157.233,-25.42,2.07,29.43,617.45,-35.3646558,149.1772967
157.289,-26.04,2.04,29.43,617.46,-35.3646310,149.1772854
157.336,-26.72,2.05,29.43,617.46,-35.3646310,149.1772854
157.401,-26.32,2.05,29.42,617.46,-35.3646064,149.1772734
157.439,-26.15,2.03,29.42,617.46,-35.3646064,149.1772734
157.502,-26.31,2.04,29.42,617.47,-35.3645821,149.1772608
157.545,-26.33,2.04,29.42,617.47,-35.3645821,149.1772608
157.612,-26.27,2.04,29.42,617.47,-35.3645580,149.1772475
157.659,-26.29,2.05,29.42,617.47,-35.3645580,149.1772475
157.720,-26.31,2.05,29.42,617.48,-35.3645341,149.1772335
157.793,-26.32,2.03,29.42,617.48,-35.3645341,149.1772335
157.857,-26.33,2.03,29.44,617.48,-35.3645105,149.1772189
157.898,-26.34,2.06,29.44,617.48,-35.3645105,149.1772189
157.965,-26.36,2.05,29.43,617.49,-35.3644872,149.1772036
158.005,-26.37,2.04,29.43,617.49,-35.3644872,149.1772036
158.070,-26.39,2.05,29.43,617.49,-35.3644641,149.1771877
158.113,-26.39,2.05,29.43,617.49,-35.3644641,149.1771877
158.171,-26.41,2.05,29.45,617.49,-35.3644414,149.1771712
158.218,-26.42,2.04,29.45,617.49,-35.3644414,149.1771712
158.286,-26.43,2.04,29.43,617.49,-35.3644189,149.1771540
158.322,-26.44,2.03,29.43,617.49,-35.3644189,149.1771540
158.396,-26.45,2.02,29.43,617.49,-35.3643968,149.1771362
158.433,-26.47,2.02,29.43,617.49,-35.3643968,149.1771362
158.501,-26.48,2.02,29.45,617.49,-35.3643750,149.1771178
158.563,-26.49,2.01,29.45,617.49,-35.3643750,149.1771178
158.625,-26.50,2.01,29.44,617.49,-35.3643536,149.1770988
158.670,-26.51,2.01,29.44,617.49,-35.3643536,149.1770988
158.738,-26.52,2.00,29.43,617.49,-35.3643325,149.1770793
158.775,-26.53,1.99,29.43,617.49,-35.3643325,149.1770793
158.853,-26.54,1.99,29.42,617.48,-35.3643117,149.1770591
158.894,-26.55,1.99,29.42,617.48,-35.3643117,149.1770591
158.965,-26.58,1.98,29.45,617.48,-35.3642914,149.1770384
159.015,-26.58,1.98,29.45,617.48,-35.3642914,149.1770384
159.067,-26.59,1.98,29.45,617.48,-35.3642714,149.1770171
159.118,-26.60,1.98,29.45,617.48,-35.3642714,149.1770171
159.188,-26.62,1.97,29.45,617.47,-35.3642518,149.1769953
159.226,-26.61,1.97,29.45,617.47,-35.3642518,149.1769953
159.300,-26.61,1.97,29.47,617.46,-35.3642326,149.1769730
159.341,-26.64,1.97,29.47,617.46,-35.3642326,149.1769730
159.410,-26.63,1.96,29.46,617.46,-35.3642139,149.1769501
159.464,-26.60,1.97,29.46,617.46,-35.3642139,149.1769501
159.519,-26.66,1.96,29.45,617.45,-35.3641955,149.1769267
159.567,-26.69,1.96,29.45,617.45,-35.3641955,149.1769267
159.639,-26.58,1.96,29.46,617.44,-35.3641776,149.1769029
159.675,-26.58,1.97,29.46,617.44,-35.3641776,149.1769029
159.741,-26.75,1.96,29.47,617.43,-35.3641601,149.1768785
159.780,-26.70,1.97,29.47,617.43,-35.3641601,149.1768785
159.853,-26.49,1.97,29.45,617.43,-35.3641431,149.1768537
159.899,-26.64,1.95,29.45,617.43,-35.3641431,149.1768537
159.959,-26.86,1.96,29.47,617.42,-35.3641266,149.1768283
160.009,-26.54,1.98,29.47,617.42,-35.3641266,149.1768283
160.078,-26.40,1.96,29.45,617.41,-35.3641105,149.1768026
160.116,-26.92,1.93,29.45,617.41,-35.3641105,149.1768026
160.184,-26.82,1.97,29.45,617.40,-35.3640949,149.1767764
160.223,-26.09,1.99,29.45,617.40,-35.3640949,149.1767764
160.293,-26.75,1.94,29.43,617.39,-35.3640798,149.1767497
160.339,-27.58,1.93,29.43,617.39,-35.3640798,149.1767497
160.404,-26.00,2.03,29.43,617.38,-35.3640651,149.1767227
160.451,-25.41,2.01,29.43,617.38,-35.3640651,149.1767227
160.526,-28.43,1.88,29.44,617.37,-35.3640511,149.1766952
160.558,-28.10,1.95,29.44,617.37,-35.3640511,149.1766952
160.630,-25.78,2.08,29.44,617.36,-35.3640375,149.1766674
160.665,-26.77,2.05,29.44,617.36,-35.3640375,149.1766674
160.729,-27.78,2.00,29.43,617.35,-35.3640245,149.1766391
160.794,-26.95,1.99,29.43,617.35,-35.3640245,149.1766391
160.852,-26.73,2.02,29.43,617.34,-35.3640120,149.1766105
160.919,-27.16,2.06,29.43,617.34,-35.3640120,149.1766105
160.995,-27.12,2.03,29.41,617.32,-35.3640001,149.1765815
161.035,-26.95,2.00,29.41,617.32,-35.3640001,149.1765815
161.106,-26.99,2.03,29.40,617.31,-35.3639887,149.1765523
161.148,-27.03,2.04,29.40,617.31,-35.3639887,149.1765523
161.220,-26.97,2.01,29.42,617.30,-35.3639778,149.1765227
161.270,-26.94,2.02,29.42,617.30,-35.3639778,149.1765227
161.332,-26.91,2.03,29.42,617.30,-35.3639675,149.1764929
161.386,-26.89,2.02,29.42,617.30,-35.3639675,149.1764929
161.459,-26.87,2.01,29.40,617.29,-35.3639577,149.1764628
161.495,-26.85,2.03,29.40,617.29,-35.3639577,149.1764628
161.569,-26.82,2.03,29.42,617.29,-35.3639484,149.1764324
161.611,-26.80,2.02,29.42,617.29,-35.3639484,149.1764324
161.686,-26.78,2.04,29.41,617.28,-35.3639397,149.1764018
161.734,-26.77,2.06,29.41,617.28,-35.3639397,149.1764018
161.798,-26.74,2.06,29.43,617.28,-35.3639316,149.1763710
161.850,-26.72,2.07,29.43,617.28,-35.3639316,149.1763710
161.917,-26.69,2.08,29.43,617.28,-35.3639240,149.1763400
161.960,-26.68,2.07,29.43,617.28,-35.3639240,149.1763400
162.034,-26.65,2.08,29.43,617.28,-35.3639170,149.1763088
162.074,-26.63,2.09,29.43,617.28,-35.3639170,149.1763088
162.147,-26.61,2.10,29.44,617.29,-35.3639106,149.1762774
162.203,-26.60,2.09,29.44,617.29,-35.3639106,149.1762774
162.266,-26.57,2.10,29.44,617.29,-35.3639047,149.1762458
162.311,-26.56,2.12,29.44,617.29,-35.3639047,149.1762458
162.393,-26.54,2.12,29.41,617.29,-35.3638995,149.1762141
162.433,-26.53,2.12,29.41,617.29,-35.3638995,149.1762141
162.503,-26.51,2.13,29.42,617.30,-35.3638948,149.1761822
162.547,-26.48,2.13,29.42,617.30,-35.3638948,149.1761822
162.618,-26.47,2.14,29.42,617.30,-35.3638907,149.1761502
162.664,-26.47,2.14,29.42,617.30,-35.3638907,149.1761502
162.720,-26.43,2.16,29.43,617.31,-35.3638873,149.1761181
162.769,-26.41,2.16,29.43,617.31,-35.3638873,149.1761181
162.845,-26.46,2.16,29.42,617.32,-35.3638844,149.1760860
162.895,-26.43,2.17,29.42,617.32,-35.3638844,149.1760860
162.952,-26.28,2.17,29.41,617.32,-35.3638821,149.1760538
162.981,-26.39,2.17,29.41,617.32,-35.3638821,149.1760538
163.032,-26.62,2.16,29.41,617.33,-35.3638804,149.1760215
163.072,-26.28,2.19,29.41,617.33,-35.3638804,149.1760215
163.139,-25.87,2.20,29.38,617.34,-35.3638793,149.1759892
163.186,-26.63,2.18,29.38,617.34,-35.3638793,149.1759892
163.257,-27.23,2.16,29.39,617.35,-35.3638788,149.1759568
163.298,-25.92,2.22,29.39,617.35,-35.3638788,149.1759568
163.369,-25.66,2.21,29.38,617.36,-35.3638790,149.1759245
163.412,-26.79,2.20,29.38,617.36,-35.3638790,149.1759245
163.480,-26.75,2.23,29.37,617.37,-35.3638797,149.1758921
163.538,-26.06,2.22,29.37,617.37,-35.3638797,149.1758921
163.601,-26.19,2.21,29.37,617.38,-35.3638810,149.1758598
163.655,-26.52,2.24,29.37,617.38,-35.3638810,149.1758598
163.723,-26.44,2.24,29.39,617.39,-35.3638829,149.1758276
163.765,-26.34,2.22,29.39,617.39,-35.3638829,149.1758276
163.844,-26.39,2.22,29.38,617.40,-35.3638854,149.1757954
163.901,-26.42,2.23,29.38,617.40,-35.3638854,149.1757954
163.974,-26.39,2.22,29.36,617.41,-35.3638885,149.1757632
164.026,-26.39,2.22,29.36,617.41,-35.3638885,149.1757632
164.087,-26.38,2.23,29.35,617.43,-35.3638922,149.1757312
164.134,-26.37,2.22,29.35,617.43,-35.3638922,149.1757312
164.206,-26.36,2.21,29.35,617.44,-35.3638964,149.1756993
164.251,-26.35,2.23,29.35,617.44,-35.3638964,149.1756993
164.318,-26.34,2.22,29.34,617.45,-35.3639013,149.1756675
164.358,-26.34,2.21,29.34,617.45,-35.3639013,149.1756675
164.432,-26.34,2.22,29.38,617.46,-35.3639067,149.1756358
164.488,-26.33,2.22,29.38,617.46,-35.3639067,149.1756358
164.560,-26.32,2.21,29.38,617.48,-35.3639127,149.1756043
164.616,-26.31,2.21,29.38,617.48,-35.3639127,149.1756043
164.704,-26.29,2.22,29.39,617.49,-35.3639193,149.1755729
164.744,-26.30,2.21,29.39,617.49,-35.3639193,149.1755729
164.817,-26.29,2.19,29.38,617.50,-35.3639264,149.1755418
164.859,-26.28,2.19,29.38,617.50,-35.3639264,149.1755418
164.929,-26.28,2.20,29.37,617.52,-35.3639341,149.1755108
164.980,-26.29,2.19,29.37,617.52,-35.3639341,149.1755108
165.043,-26.26,2.18,29.40,617.53,-35.3639424,149.1754801
165.091,-26.24,2.18,29.40,617.53,-35.3639424,149.1754801
165.177,-26.27,2.17,29.42,617.54,-35.3639512,149.1754496
165.216,-26.26,2.17,29.42,617.54,-35.3639512,149.1754496
165.316,-26.20,2.17,29.41,617.55,-35.3639606,149.1754193
165.356,-26.21,2.16,29.41,617.55,-35.3639606,149.1754193
165.425,-26.28,2.15,29.42,617.56,-35.3639705,149.1753893
165.488,-26.21,2.16,29.42,617.56,-35.3639705,149.1753893
165.547,-26.10,2.16,29.41,617.57,-35.3639810,149.1753596
165.596,-26.24,2.15,29.41,617.57,-35.3639810,149.1753596
165.661,-26.35,2.14,29.40,617.59,-35.3639920,149.1753302
165.699,-26.08,2.16,29.40,617.59,-35.3639920,149.1753302
165.758,-25.97,2.16,29.41,617.60,-35.3640035,149.1753011
165.787,-26.46,2.13,29.41,617.60,-35.3640035,149.1753011
165.835,-26.51,2.13,29.39,617.60,-35.3640156,149.1752723
165.870,-25.70,2.16,29.39,617.60,-35.3640156,149.1752723
165.914,-25.77,2.15,29.41,617.61,-35.3640282,149.1752438
165.963,-27.08,2.10,29.41,617.61,-35.3640282,149.1752438
166.035,-26.74,2.13,29.43,617.62,-35.3640413,149.1752157
166.075,-25.27,2.16,29.43,617.62,-35.3640413,149.1752157
166.138,-25.91,2.10,29.44,617.63,-35.3640549,149.1751879
166.179,-26.83,2.11,29.44,617.63,-35.3640549,149.1751879
166.245,-26.34,2.15,29.46,617.64,-35.3640690,149.1751605
166.289,-25.99,2.09,29.46,617.64,-35.3640690,149.1751605
166.342,-26.24,2.09,29.45,617.65,-35.3640836,149.1751335
166.383,-26.37,2.13,29.45,617.65,-35.3640836,149.1751335
166.446,-26.29,2.11,29.46,617.66,-35.3640987,149.1751069
166.489,-26.28,2.09,29.46,617.66,-35.3640987,149.1751069
166.563,-26.32,2.11,29.44,617.68,-35.3641143,149.1750808
166.604,-26.32,2.09,29.44,617.68,-35.3641143,149.1750808
166.680,-26.31,2.06,29.42,617.69,-35.3641303,149.1750550
166.737,-26.33,2.07,29.42,617.69,-35.3641303,149.1750550
166.810,-26.33,2.07,29.44,617.69,-35.3641469,149.1750297
166.859,-26.34,2.04,29.44,617.69,-35.3641469,149.1750297
166.927,-26.35,2.03,29.45,617.70,-35.3641638,149.1750049
166.984,-26.36,2.04,29.45,617.70,-35.3641638,149.1750049
167.075,-26.36,2.03,29.45,617.70,-35.3641813,149.1749805
167.116,-26.36,2.02,29.45,617.70,-35.3641813,149.1749805
167.199,-26.38,2.02,29.45,617.71,-35.3641991,149.1749566
167.251,-26.38,2.02,29.45,617.71,-35.3641991,149.1749566
167.309,-26.39,2.01,29.44,617.71,-35.3642174,149.1749332
167.355,-26.40,2.01,29.44,617.71,-35.3642174,149.1749332
167.425,-26.42,2.00,29.43,617.71,-35.3642361,149.1749103
167.464,-26.42,1.99,29.43,617.71,-35.3642361,149.1749103
167.530,-26.42,1.98,29.45,617.71,-35.3642552,149.1748879
167.573,-26.42,1.98,29.45,617.71,-35.3642552,149.1748879
167.645,-26.45,1.96,29.45,617.71,-35.3642748,149.1748660
167.695,-26.45,1.96,29.45,617.71,-35.3642748,149.1748660
167.759,-26.43,1.96,29.47,617.70,-35.3642947,149.1748447
167.828,-26.47,1.95,29.47,617.70,-35.3642947,149.1748447
167.908,-26.51,1.94,29.47,617.70,-35.3643150,149.1748239
167.953,-26.45,1.93,29.47,617.70,-35.3643150,149.1748239
168.021,-26.43,1.93,29.46,617.70,-35.3643357,149.1748037
168.056,-26.53,1.94,29.46,617.70,-35.3643357,149.1748037
168.121,-26.52,1.93,29.46,617.70,-35.3643567,149.1747840
168.167,-26.38,1.93,29.46,617.70,-35.3643567,149.1747840
168.235,-26.45,1.93,29.45,617.69,-35.3643781,149.1747649
168.298,-26.63,1.93,29.45,617.69,-35.3643781,149.1747649
168.366,-26.46,1.93,29.45,617.69,-35.3643998,149.1747464
168.405,-26.27,1.92,29.45,617.69,-35.3643998,149.1747464
168.463,-26.60,1.91,29.45,617.69,-35.3644219,149.1747285
168.498,-26.77,1.91,29.45,617.69,-35.3644219,149.1747285
168.558,-26.26,1.92,29.43,617.68,-35.3644442,149.1747112
168.606,-26.19,1.92,29.43,617.68,-35.3644442,149.1747112
168.668,-26.90,1.89,29.44,617.68,-35.3644669,149.1746945
168.714,-26.73,1.91,29.44,617.68,-35.3644669,149.1746945
168.775,-25.88,1.93,29.44,617.68,-35.3644899,149.1746784
168.818,-26.53,1.88,29.44,617.68,-35.3644899,149.1746784
168.882,-27.31,1.87,29.44,617.67,-35.3645132,149.1746630
168.929,-26.38,1.94,29.44,617.67,-35.3645132,149.1746630
169.009,-26.18,1.92,29.43,617.67,-35.3645367,149.1746482
169.064,-26.94,1.88,29.43,617.67,-35.3645367,149.1746482
169.126,-26.84,1.90,29.45,617.67,-35.3645605,149.1746341
169.176,-26.42,1.92,29.45,617.67,-35.3645605,149.1746341
169.244,-26.57,1.89,29.44,617.67,-35.3645846,149.1746206
169.289,-26.75,1.89,29.44,617.67,-35.3645846,149.1746206
169.362,-26.67,1.92,29.43,617.66,-35.3646089,149.1746078
169.408,-26.61,1.90,29.43,617.66,-35.3646089,149.1746078
169.477,-26.65,1.89,29.43,617.66,-35.3646334,149.1745957
169.527,-26.66,1.91,29.43,617.66,-35.3646334,149.1745957
169.590,-26.66,1.91,29.45,617.66,-35.3646582,149.1745842
169.645,-26.66,1.89,29.45,617.66,-35.3646582,149.1745842
169.721,-26.67,1.89,29.45,617.65,-35.3646831,149.1745735
169.762,-26.68,1.88,29.45,617.65,-35.3646831,149.1745735
169.839,-26.69,1.88,29.46,617.65,-35.3647083,149.1745634
169.881,-26.69,1.88,29.46,617.65,-35.3647083,149.1745634
169.953,-26.70,1.88,29.44,617.64,-35.3647336,149.1745540
170.004,-26.70,1.88,29.44,617.64,-35.3647336,149.1745540
170.064,-26.71,1.88,29.43,617.63,-35.3647590,149.1745453
170.129,-26.71,1.88,29.43,617.63,-35.3647590,149.1745453
170.203,-26.72,1.88,29.42,617.63,-35.3647847,149.1745374
170.244,-26.72,1.88,29.42,617.63,-35.3647847,149.1745374
170.305,-26.72,1.87,29.40,617.62,-35.3648105,149.1745301
170.342,-26.72,1.88,29.40,617.62,-35.3648105,149.1745301
170.406,-26.75,1.89,29.43,617.61,-35.3648364,149.1745235
170.448,-26.74,1.89,29.43,617.61,-35.3648364,149.1745235
170.511,-26.72,1.89,29.41,617.60,-35.3648624,149.1745177
170.561,-26.73,1.89,29.41,617.60,-35.3648624,149.1745177
170.633,-26.76,1.91,29.42,617.60,-35.3648885,149.1745125
170.688,-26.73,1.91,29.42,617.60,-35.3648885,149.1745125
170.757,-26.71,1.92,29.42,617.60,-35.3649147,149.1745081
170.794,-26.75,1.92,29.42,617.60,-35.3649147,149.1745081
170.869,-26.78,1.92,29.41,617.59,-35.3649410,149.1745044
170.916,-26.70,1.92,29.41,617.59,-35.3649410,149.1745044
170.968,-26.68,1.92,29.41,617.59,-35.3649673,149.1745015
171.023,-26.79,1.91,29.41,617.59,-35.3649673,149.1745015
171.087,-26.78,1.92,29.41,617.58,-35.3649937,149.1744992
171.128,-26.61,1.93,29.41,617.58,-35.3649937,149.1744992
171.194,-26.67,1.92,29.42,617.58,-35.3650201,149.1744978
171.231,-26.89,1.92,29.42,617.58,-35.3650201,149.1744978
171.302,-26.73,1.93,29.43,617.57,-35.3650465,149.1744970
171.344,-26.43,1.93,29.43,617.57,-35.3650465,149.1744970
171.407,-26.67,1.93,29.43,617.57,-35.3650730,149.1744970
171.452,-27.05,1.93,29.43,617.57,-35.3650730,149.1744970
171.518,-26.71,1.95,29.44,617.57,-35.3650994,149.1744976
171.555,-26.26,1.95,29.44,617.57,-35.3650994,149.1744976
171.617,-26.67,1.95,29.44,617.56,-35.3651258,149.1744991
171.657,-27.03,1.96,29.44,617.56,-35.3651258,149.1744991
171.716,-26.57,1.98,29.44,617.57,-35.3651522,149.1745013
171.771,-26.49,1.95,29.44,617.57,-35.3651522,149.1745013
171.826,-26.71,1.96,29.42,617.56,-35.3651785,149.1745041
171.872,-26.64,2.00,29.42,617.56,-35.3651785,149.1745041
171.933,-26.61,1.98,29.41,617.56,-35.3652047,149.1745078
171.970,-26.73,1.98,29.41,617.56,-35.3652047,149.1745078
172.029,-26.74,1.99,29.39,617.57,-35.3652309,149.1745121
172.064,-26.67,1.99,29.39,617.57,-35.3652309,149.1745121
172.129,-26.67,1.98,29.39,617.57,-35.3652570,149.1745172
172.180,-26.71,2.01,29.39,617.57,-35.3652570,149.1745172
172.256,-26.70,2.02,29.41,617.57,-35.3652830,149.1745231
172.309,-26.68,1.99,29.41,617.57,-35.3652830,149.1745231
172.373,-26.70,2.00,29.43,617.57,-35.3653089,149.1745296
172.412,-26.70,2.02,29.43,617.57,-35.3653089,149.1745296
172.483,-26.70,2.02,29.41,617.57,-35.3653346,149.1745369
172.527,-26.70,2.02,29.41,617.57,-35.3653346,149.1745369
172.595,-26.69,2.03,29.43,617.57,-35.3653602,149.1745449
172.642,-26.68,2.02,29.43,617.57,-35.3653602,149.1745449
172.696,-26.68,2.03,29.42,617.57,-35.3653857,149.1745536
172.747,-26.68,2.03,29.42,617.57,-35.3653857,149.1745536
172.812,-26.67,2.03,29.43,617.58,-35.3654110,149.1745630
172.847,-26.67,2.02,29.43,617.58,-35.3654110,149.1745630
172.909,-26.65,2.03,29.44,617.58,-35.3654361,149.1745730
172.950,-26.65,2.02,29.44,617.58,-35.3654361,149.1745730
173.023,-26.65,2.02,29.42,617.57,-35.3654610,149.1745838
173.070,-26.63,2.02,29.42,617.57,-35.3654610,149.1745838
173.131,-26.62,2.02,29.42,617.57,-35.3654857,149.1745953
173.179,-26.63,2.02,29.42,617.57,-35.3654857,149.1745953
173.243,-26.63,2.02,29.43,617.57,-35.3655102,149.1746074
173.284,-26.61,2.02,29.43,617.57,-35.3655102,149.1746074
173.357,-26.60,2.02,29.43,617.57,-35.3655345,149.1746202
173.399,-26.64,2.01,29.43,617.57,-35.3655345,149.1746202
173.465,-26.62,2.00,29.42,617.57,-35.3655585,149.1746337
173.513,-26.56,2.02,29.42,617.57,-35.3655585,149.1746337
173.578,-26.59,2.02,29.43,617.57,-35.3655822,149.1746478
173.625,-26.63,2.01,29.43,617.57,-35.3655822,149.1746478
173.688,-26.52,2.01,29.43,617.57,-35.3656057,149.1746626
173.724,-26.48,2.01,29.43,617.57,-35.3656057,149.1746626
173.788,-26.65,2.00,29.42,617.57,-35.3656290,149.1746781
173.826,-26.62,2.01,29.42,617.57,-35.3656290,149.1746781
173.892,-26.34,2.02,29.41,617.57,-35.3656519,149.1746941
173.935,-26.46,2.01,29.41,617.57,-35.3656519,149.1746941
173.992,-26.78,1.99,29.41,617.58,-35.3656745,149.1747109
174.043,-26.45,2.00,29.41,617.58,-35.3656745,149.1747109
174.108,-26.09,2.02,29.42,617.58,-35.3656968,149.1747282
174.144,-26.71,2.00,29.42,617.58,-35.3656968,149.1747282
174.212,-26.90,1.99,29.41,617.57,-35.3657188,149.1747461
174.251,-25.83,2.04,29.41,617.57,-35.3657188,149.1747461
174.311,-26.02,2.02,29.41,617.57,-35.3657405,149.1747647
174.360,-27.57,1.96,29.41,617.57,-35.3657405,149.1747647
174.413,-26.57,2.02,29.40,617.57,-35.3657618,149.1747838
174.458,-24.50,2.09,29.40,617.57,-35.3657618,149.1747838
174.522,-26.84,1.98,29.39,617.57,-35.3657827,149.1748037
174.556,-28.75,1.94,29.39,617.57,-35.3657827,149.1748037
174.634,-26.15,2.11,29.41,617.57,-35.3658033,149.1748239
174.673,-25.52,2.10,29.41,617.57,-35.3658033,149.1748239
174.735,-27.03,2.02,29.40,617.57,-35.3658234,149.1748449
174.779,-26.92,2.03,29.40,617.57,-35.3658234,149.1748449
174.833,-26.34,2.07,29.41,617.56,-35.3658432,149.1748665
174.880,-26.51,2.07,29.41,617.56,-35.3658432,149.1748665
174.943,-26.60,2.03,29.43,617.55,-35.3658625,149.1748886
174.988,-26.49,2.00,29.43,617.55,-35.3658625,149.1748886
175.060,-26.47,2.03,29.41,617.54,-35.3658815,149.1749112
175.095,-26.49,2.05,29.41,617.54,-35.3658815,149.1749112
175.159,-26.46,2.01,29.42,617.54,-35.3659001,149.1749343
175.207,-26.44,2.00,29.42,617.54,-35.3659001,149.1749343
175.272,-26.44,2.02,29.41,617.54,-35.3659182,149.1749579
175.318,-26.43,2.02,29.41,617.54,-35.3659182,149.1749579
175.399,-26.42,2.00,29.42,617.54,-35.3659359,149.1749819
175.438,-26.40,2.01,29.42,617.54,-35.3659359,149.1749819
175.505,-26.38,2.02,29.40,617.54,-35.3659532,149.1750065
175.543,-26.37,2.01,29.40,617.54,-35.3659532,149.1750065
175.622,-26.36,2.02,29.39,617.54,-35.3659701,149.1750314
175.668,-26.35,2.04,29.39,617.54,-35.3659701,149.1750314
175.725,-26.34,2.03,29.40,617.55,-35.3659864,149.1750568
175.770,-26.33,2.01,29.40,617.55,-35.3659864,149.1750568
175.840,-26.32,2.04,29.40,617.56,-35.3660024,149.1750827
175.876,-26.32,2.05,29.40,617.56,-35.3660024,149.1750827
175.939,-26.31,2.03,29.42,617.56,-35.3660178,149.1751090
175.977,-26.30,2.03,29.42,617.56,-35.3660178,149.1751090
176.044,-26.29,2.05,29.41,617.57,-35.3660328,149.1751357
176.088,-26.29,2.06,29.41,617.57,-35.3660328,149.1751357
176.146,-26.28,2.04,29.39,617.58,-35.3660473,149.1751628
176.194,-26.28,2.05,29.39,617.58,-35.3660473,149.1751628
176.263,-26.27,2.07,29.39,617.58,-35.3660613,149.1751902
176.305,-26.26,2.05,29.39,617.58,-35.3660613,149.1751902
176.379,-26.26,2.06,29.41,617.59,-35.3660748,149.1752181
176.415,-26.26,2.07,29.41,617.59,-35.3660748,149.1752181
176.480,-26.24,2.07,29.42,617.60,-35.3660877,149.1752463
176.527,-26.24,2.06,29.42,617.60,-35.3660877,149.1752463
176.598,-26.27,2.06,29.41,617.61,-35.3661002,149.1752749
176.672,-26.25,2.08,29.41,617.61,-35.3661002,149.1752749
176.741,-26.22,2.07,29.39,617.62,-35.3661121,149.1753038
176.781,-26.26,2.06,29.39,617.62,-35.3661121,149.1753038
176.848,-26.28,2.07,29.41,617.63,-35.3661235,149.1753330
176.884,-26.20,2.08,29.41,617.63,-35.3661235,149.1753330
176.949,-26.20,2.06,29.40,617.64,-35.3661344,149.1753625
176.995,-26.32,2.06,29.40,617.64,-35.3661344,149.1753625
177.048,-26.24,2.07,29.41,617.65,-35.3661447,149.1753923
177.097,-26.09,2.06,29.41,617.65,-35.3661447,149.1753923
177.164,-26.30,2.04,29.40,617.65,-35.3661545,149.1754224
177.204,-26.41,2.05,29.40,617.65,-35.3661545,149.1754224
177.270,-25.94,2.06,29.39,617.66,-35.3661637,149.1754527
177.305,-26.00,2.05,29.39,617.66,-35.3661637,149.1754527
177.379,-26.85,2.02,29.41,617.67,-35.3661724,149.1754834
177.436,-26.36,2.05,29.41,617.67,-35.3661724,149.1754834
177.502,-25.03,2.09,29.42,617.68,-35.3661805,149.1755142
177.553,-26.43,2.02,29.42,617.68,-35.3661805,149.1755142
177.618,-27.29,2.01,29.41,617.68,-35.3661879,149.1755453
177.654,-25.96,2.04,29.41,617.68,-35.3661879,149.1755453
177.715,-25.82,2.04,29.40,617.69,-35.3661949,149.1755765
177.746,-26.63,2.05,29.40,617.69,-35.3661949,149.1755765
177.810,-26.54,2.04,29.40,617.70,-35.3662013,149.1756080
177.857,-26.20,2.00,29.40,617.70,-35.3662013,149.1756080
177.915,-26.34,2.01,29.42,617.71,-35.3662071,149.1756396
177.962,-26.47,2.02,29.42,617.71,-35.3662071,149.1756396
178.033,-26.42,2.00,29.41,617.71,-35.3662123,149.1756714
178.075,-26.40,1.99,29.41,617.71,-35.3662123,149.1756714
178.143,-26.44,1.99,29.40,617.72,-35.3662169,149.1757033
178.181,-26.43,1.97,29.40,617.72,-35.3662169,149.1757033
178.247,-26.42,1.96,29.39,617.73,-35.3662210,149.1757353
178.297,-26.42,1.97,29.39,617.73,-35.3662210,149.1757353
178.353,-26.41,1.96,29.40,617.74,-35.3662245,149.1757674
178.395,-26.40,1.94,29.40,617.74,-35.3662245,149.1757674
178.464,-26.39,1.94,29.42,617.75,-35.3662274,149.1757996
178.501,-26.38,1.94,29.42,617.75,-35.3662274,149.1757996
178.560,-26.36,1.92,29.43,617.75,-35.3662298,149.1758319
178.596,-26.36,1.92,29.43,617.75,-35.3662298,149.1758319
178.661,-26.36,1.92,29.44,617.76,-35.3662316,149.1758643
178.703,-26.35,1.92,29.44,617.76,-35.3662316,149.1758643
178.758,-26.36,1.91,29.42,617.77,-35.3662327,149.1758966
178.804,-26.36,1.90,29.42,617.77,-35.3662327,149.1758966
178.867,-26.34,1.90,29.42,617.78,-35.3662333,149.1759290
178.902,-26.34,1.90,29.42,617.78,-35.3662333,149.1759290
178.970,-26.34,1.90,29.44,617.78,-35.3662333,149.1759615
179.005,-26.35,1.89,29.44,617.78,-35.3662333,149.1759615
179.068,-26.35,1.90,29.45,617.78,-35.3662328,149.1759939
179.108,-26.35,1.89,29.45,617.78,-35.3662328,149.1759939
179.159,-26.36,1.87,29.43,617.79,-35.3662316,149.1760262
179.202,-26.36,1.88,29.43,617.79,-35.3662316,149.1760262
179.262,-26.35,1.87,29.45,617.79,-35.3662298,149.1760586
179.300,-26.38,1.86,29.45,617.79,-35.3662298,149.1760586
179.362,-26.38,1.84,29.45,617.79,-35.3662276,149.1760909
179.394,-26.35,1.84,29.45,617.79,-35.3662276,149.1760909
179.456,-26.37,1.84,29.45,617.79,-35.3662247,149.1761231
179.499,-26.41,1.83,29.45,617.79,-35.3662247,149.1761231
