time_s,roll_deg,pitch_deg,airspeed,altitude,lat,lon
120.025,35.12,4.89,0.00,0.00,0.0000000,0.0000000
120.081,34.92,4.88,0.00,0.00,0.0000000,0.0000000
120.121,34.87,4.87,30.41,624.16,-35.3714220,149.1800503
120.185,35.06,4.85,30.41,624.16,-35.3714220,149.1800503
120.225,35.07,4.84,30.40,624.16,-35.3714479,149.1800606
120.281,34.80,4.81,30.40,624.16,-35.3714479,149.1800606
120.321,34.44,4.83,30.41,624.16,-35.3714739,149.1800708
120.385,33.55,4.86,30.41,624.16,-35.3714739,149.1800708
120.425,33.07,4.76,30.42,624.16,-35.3715000,149.1800807
120.481,32.19,4.60,30.42,624.16,-35.3715000,149.1800807
120.521,30.72,4.65,30.40,624.13,-35.3715262,149.1800904
120.585,28.66,4.56,30.40,624.13,-35.3715262,149.1800904
120.625,27.97,4.34,30.43,624.09,-35.3715524,149.1800996
120.681,26.18,4.18,30.43,624.09,-35.3715524,149.1800996
120.721,24.42,4.15,30.42,624.04,-35.3715788,149.1801084
120.785,22.30,3.94,30.42,624.04,-35.3715788,149.1801084
120.825,21.06,3.79,30.44,623.97,-35.3716053,149.1801167
120.881,18.80,3.64,30.44,623.97,-35.3716053,149.1801167
120.921,17.25,3.53,30.44,623.89,-35.3716320,149.1801245
120.985,15.05,3.35,30.44,623.89,-35.3716320,149.1801245
121.025,13.59,3.25,30.48,623.81,-35.3716587,149.1801319
121.081,11.39,3.10,30.48,623.81,-35.3716587,149.1801319
121.121,9.95,2.99,30.48,623.71,-35.3716855,149.1801389
121.185,7.82,2.84,30.48,623.71,-35.3716855,149.1801389
121.225,6.42,2.74,30.52,623.62,-35.3717124,149.1801457
121.281,4.40,2.57,30.52,623.62,-35.3717124,149.1801457
121.321,3.06,2.44,30.51,623.52,-35.3717393,149.1801522
121.385,1.10,2.26,30.51,623.52,-35.3717393,149.1801522
121.425,-0.16,2.13,30.52,623.42,-35.3717662,149.1801586
121.481,-1.99,1.89,30.52,623.42,-35.3717662,149.1801586
121.521,-3.18,1.72,30.53,623.31,-35.3717932,149.1801649
121.585,-4.96,1.42,30.53,623.31,-35.3717932,149.1801649
121.625,-6.10,1.19,30.57,623.19,-35.3718202,149.1801713
121.681,-7.73,0.78,30.57,623.19,-35.3718202,149.1801713
121.721,-8.80,0.46,30.57,623.06,-35.3718471,149.1801778
121.785,-10.42,-0.13,30.57,623.06,-35.3718471,149.1801778
121.825,-11.45,-0.62,30.61,622.89,-35.3718741,149.1801844
121.881,-12.92,-1.55,30.61,622.89,-35.3718741,149.1801844
121.921,-13.95,-2.39,30.62,622.67,-35.3719009,149.1801913
121.985,-14.17,-3.70,30.62,622.67,-35.3719009,149.1801913
122.025,-14.01,-4.44,30.68,622.38,-35.3719278,149.1801986
122.081,-17.28,-5.55,30.68,622.38,-35.3719278,149.1801986
122.121,-19.62,-6.32,30.70,621.97,-35.3719545,149.1802061
122.185,-15.91,-7.24,30.70,621.97,-35.3719545,149.1802061
122.225,-14.20,-7.82,30.83,621.46,-35.3719811,149.1802142
122.281,-24.92,-8.98,30.83,621.46,-35.3719811,149.1802142
122.321,-25.86,-9.48,30.87,620.86,-35.3720076,149.1802223
122.385,-17.45,-9.86,30.87,620.86,-35.3720076,149.1802223
122.425,-21.62,-10.47,30.96,620.17,-35.3720339,149.1802311
122.481,-27.56,-11.62,30.96,620.17,-35.3720339,149.1802311
122.521,-22.96,-11.98,31.02,619.41,-35.3720600,149.1802401
122.585,-21.56,-12.41,31.02,619.41,-35.3720600,149.1802401
122.625,-26.87,-13.02,31.12,618.54,-35.3720856,149.1802499
122.681,-29.79,-13.91,31.12,618.54,-35.3720856,149.1802499
122.721,-26.17,-14.24,31.16,617.61,-35.3721110,149.1802600
122.785,-23.34,-14.74,31.16,617.61,-35.3721110,149.1802600
122.825,-24.78,-15.32,31.23,616.59,-35.3721359,149.1802708
122.881,-22.71,-15.85,31.23,616.59,-35.3721359,149.1802708
122.921,-19.42,-15.93,31.26,615.52,-35.3721605,149.1802821
122.985,-16.23,-16.36,31.26,615.52,-35.3721605,149.1802821
123.025,-14.22,-16.64,31.34,614.36,-35.3721846,149.1802940
123.081,-10.45,-16.71,31.34,614.36,-35.3721846,149.1802940
123.121,-8.24,-16.79,31.35,613.16,-35.3722085,149.1803062
123.185,-5.44,-16.97,31.35,613.16,-35.3722085,149.1803062
123.225,-3.50,-17.01,31.41,611.90,-35.3722320,149.1803187
123.281,-0.91,-16.98,31.41,611.90,-35.3722320,149.1803187
123.321,0.52,-17.01,31.42,610.60,-35.3722554,149.1803314
123.385,2.19,-17.07,31.42,610.60,-35.3722554,149.1803314
123.425,2.85,-17.03,31.52,609.26,-35.3722787,149.1803440
123.481,2.60,-17.05,31.52,609.26,-35.3722787,149.1803440
123.521,1.29,-17.10,31.52,607.88,-35.3723019,149.1803565
123.585,-2.17,-17.16,31.52,607.88,-35.3723019,149.1803565
123.625,-4.85,-17.20,31.58,606.50,-35.3723252,149.1803688
123.681,-8.18,-17.33,31.58,606.50,-35.3723252,149.1803688
123.721,-9.68,-17.43,31.53,605.11,-35.3723484,149.1803812
123.785,-12.32,-17.55,31.53,605.11,-35.3723484,149.1803812
123.825,-15.62,-17.65,31.54,603.74,-35.3723714,149.1803938
123.881,-20.83,-17.86,31.54,603.74,-35.3723714,149.1803938
123.921,-18.92,-18.00,31.47,602.36,-35.3723944,149.1804065
123.985,-15.48,-18.11,31.47,602.36,-35.3723944,149.1804065
124.025,-23.57,-18.40,31.46,600.98,-35.3724167,149.1804202
124.081,-30.36,-18.61,31.46,600.98,-35.3724167,149.1804202
124.121,-21.34,-18.39,31.38,599.62,-35.3724394,149.1804334
124.185,-23.11,-18.52,31.38,599.62,-35.3724394,149.1804334
124.225,-33.26,-19.12,31.40,598.21,-35.3724609,149.1804485
124.281,-29.91,-19.28,31.40,598.21,-35.3724609,149.1804485
124.321,-25.36,-19.24,31.31,596.84,-35.3724824,149.1804637
124.385,-31.76,-19.59,31.31,596.84,-35.3724824,149.1804637
124.425,-34.89,-20.09,31.31,595.40,-35.3725030,149.1804799
124.481,-31.53,-20.39,31.31,595.40,-35.3725030,149.1804799
124.521,-29.35,-20.37,31.26,593.92,-35.3725231,149.1804968
124.585,-27.29,-20.84,31.26,593.92,-35.3725231,149.1804968
124.625,-25.13,-21.04,31.26,592.40,-35.3725427,149.1805141
124.681,-21.88,-20.90,31.26,592.40,-35.3725427,149.1805141
124.721,-20.00,-20.95,31.22,590.83,-35.3725616,149.1805321
124.785,-17.41,-21.08,31.22,590.83,-35.3725616,149.1805321
124.825,-15.76,-20.99,31.25,589.23,-35.3725801,149.1805506
124.881,-13.42,-20.81,31.25,589.23,-35.3725801,149.1805506
124.921,-12.08,-20.77,31.22,587.61,-35.3725982,149.1805694
124.985,-10.20,-20.64,31.22,587.61,-35.3725982,149.1805694
125.025,-9.00,-20.45,31.29,585.97,-35.3726160,149.1805886
125.081,-0.98,-13.70,31.29,585.97,-35.3726160,149.1805886
125.121,-1.26,-7.32,27.46,584.64,-35.3726317,149.1806027
125.185,1.09,7.59,27.46,584.64,-35.3726317,149.1806027
125.225,1.57,7.63,24.03,584.08,-35.3726417,149.1806034
125.281,0.87,8.28,24.03,584.08,-35.3726417,149.1806034
125.321,0.34,10.85,21.39,583.61,-35.3726504,149.1806050
125.385,-1.26,13.62,21.39,583.61,-35.3726504,149.1806050
125.425,-3.49,13.33,19.36,583.24,-35.3726588,149.1806089
125.481,-6.57,13.40,19.36,583.24,-35.3726588,149.1806089
125.521,-7.25,14.17,18.09,582.99,-35.3726676,149.1806158
125.585,-10.11,14.48,18.09,582.99,-35.3726676,149.1806158
125.625,-13.26,16.43,17.34,582.83,-35.3726767,149.1806249
125.681,-14.12,16.27,17.34,582.83,-35.3726767,149.1806249
125.721,-13.95,15.47,16.91,582.86,-35.3726860,149.1806359
125.785,-17.46,14.89,16.91,582.86,-35.3726860,149.1806359
125.825,-18.45,14.39,16.79,582.93,-35.3726953,149.1806485
125.881,-14.58,13.55,16.79,582.93,-35.3726953,149.1806485
125.921,-14.83,13.05,16.93,583.03,-35.3727048,149.1806631
125.985,-18.00,12.34,16.93,583.03,-35.3727048,149.1806631
126.025,-15.18,11.76,17.38,583.14,-35.3727147,149.1806790
126.081,-10.99,11.02,17.38,583.14,-35.3727147,149.1806790
126.121,-12.32,10.53,18.02,583.26,-35.3727247,149.1806972
126.185,-11.81,9.74,18.02,583.26,-35.3727247,149.1806972
126.225,-9.41,9.22,18.71,583.38,-35.3727352,149.1807165
126.281,-9.10,8.56,18.71,583.38,-35.3727352,149.1807165
126.321,-9.61,8.16,19.48,583.49,-35.3727458,149.1807374
126.385,-9.11,7.56,19.48,583.49,-35.3727458,149.1807374
126.425,-9.23,7.18,20.29,583.58,-35.3727567,149.1807591
126.481,-10.23,6.71,20.29,583.58,-35.3727567,149.1807591
126.521,-10.84,6.44,21.13,583.65,-35.3727680,149.1807819
126.585,-11.87,6.08,21.13,583.65,-35.3727680,149.1807819
126.625,-12.80,5.83,21.91,583.70,-35.3727797,149.1808052
126.681,-14.23,5.49,21.91,583.70,-35.3727797,149.1808052
126.721,-15.19,5.28,22.68,583.74,-35.3727916,149.1808292
126.785,-16.69,4.99,22.68,583.74,-35.3727916,149.1808292
126.825,-17.73,4.79,23.37,583.76,-35.3728038,149.1808537
126.881,-19.24,4.50,23.37,583.76,-35.3728038,149.1808537
126.921,-20.23,4.33,24.04,583.77,-35.3728161,149.1808789
126.985,-21.68,4.09,24.04,583.77,-35.3728161,149.1808789
127.025,-22.63,3.91,24.66,583.76,-35.3728286,149.1809045
127.081,-23.96,3.66,24.66,583.76,-35.3728286,149.1809045
127.121,-24.83,3.51,25.22,583.74,-35.3728411,149.1809307
127.185,-26.05,3.30,25.22,583.74,-35.3728411,149.1809307
127.225,-26.83,3.14,25.72,583.70,-35.3728535,149.1809573
127.281,-27.94,2.91,25.72,583.70,-35.3728535,149.1809573
127.321,-28.64,2.76,26.19,583.64,-35.3728659,149.1809846
127.385,-29.59,2.58,26.19,583.64,-35.3728659,149.1809846
127.425,-30.20,2.43,26.60,583.56,-35.3728781,149.1810122
127.481,-31.06,2.24,26.60,583.56,-35.3728781,149.1810122
127.521,-31.57,2.11,26.97,583.47,-35.3728900,149.1810405
127.585,-32.27,1.92,26.97,583.47,-35.3728900,149.1810405
127.625,-32.74,1.79,27.32,583.35,-35.3729017,149.1810691
127.681,-33.34,1.61,27.32,583.35,-35.3729017,149.1810691
127.721,-33.68,1.49,27.64,583.22,-35.3729131,149.1810983
127.785,-34.23,1.34,27.64,583.22,-35.3729131,149.1810983
127.825,-33.72,0.94,27.91,583.06,-35.3729241,149.1811279
127.881,-31.88,3.29,27.91,583.06,-35.3729241,149.1811279
127.921,-33.43,6.52,27.18,582.99,-35.3729338,149.1811568
127.985,-34.66,6.18,27.18,582.99,-35.3729338,149.1811568
128.025,-32.83,6.21,26.58,583.06,-35.3729405,149.1811846
128.081,-33.69,7.79,26.58,583.06,-35.3729405,149.1811846
128.121,-35.52,7.61,26.24,583.13,-35.3729453,149.1812131
128.185,-35.00,7.39,26.24,583.13,-35.3729453,149.1812131
128.225,-35.20,7.37,26.09,583.26,-35.3729495,149.1812420
128.281,-36.56,7.15,26.09,583.26,-35.3729495,149.1812420
128.321,-36.71,7.02,26.07,583.39,-35.3729532,149.1812715
128.385,-36.95,6.83,26.07,583.39,-35.3729532,149.1812715
128.425,-37.39,6.69,26.15,583.52,-35.3729564,149.1813013
128.481,-37.85,6.47,26.15,583.52,-35.3729564,149.1813013
128.521,-38.07,6.33,26.28,583.65,-35.3729591,149.1813316
128.585,-38.45,6.12,26.28,583.65,-35.3729591,149.1813316
128.625,-38.69,5.98,26.43,583.77,-35.3729613,149.1813621
128.681,-38.99,5.76,26.43,583.77,-35.3729613,149.1813621
128.721,-39.18,5.62,26.63,583.88,-35.3729629,149.1813930
128.785,-39.46,5.40,26.63,583.88,-35.3729629,149.1813930
128.825,-39.62,5.27,26.84,583.97,-35.3729640,149.1814242
128.881,-39.82,5.07,26.84,583.97,-35.3729640,149.1814242
128.921,-39.95,4.93,27.04,584.06,-35.3729644,149.1814555
128.985,-40.12,4.74,27.04,584.06,-35.3729644,149.1814555
129.025,-40.22,4.61,27.23,584.13,-35.3729641,149.1814871
129.081,-40.37,4.44,27.23,584.13,-35.3729641,149.1814871
129.121,-40.48,4.33,27.39,584.19,-35.3729632,149.1815187
129.185,-40.61,4.16,27.39,584.19,-35.3729632,149.1815187
129.225,-40.67,4.07,27.53,584.24,-35.3729616,149.1815505
129.281,-40.77,3.93,27.53,584.24,-35.3729616,149.1815505
129.321,-40.81,3.85,27.66,584.28,-35.3729593,149.1815822
129.385,-40.88,3.72,27.66,584.28,-35.3729593,149.1815822
129.425,-40.90,3.66,27.80,584.30,-35.3729563,149.1816140
129.481,-40.90,3.57,27.80,584.30,-35.3729563,149.1816140
129.521,-40.91,3.51,27.92,584.33,-35.3729525,149.1816456
129.585,-40.90,3.45,27.92,584.33,-35.3729525,149.1816456
129.625,-40.86,3.43,28.01,584.34,-35.3729480,149.1816772
129.681,-40.81,3.38,28.01,584.34,-35.3729480,149.1816772
129.721,-40.78,3.36,28.09,584.36,-35.3729427,149.1817086
129.785,-40.69,3.34,28.09,584.36,-35.3729427,149.1817086
129.825,-40.62,3.34,28.13,584.37,-35.3729365,149.1817398
129.881,-40.54,3.33,28.13,584.37,-35.3729365,149.1817398
129.921,-40.48,3.31,28.19,584.38,-35.3729296,149.1817707
129.985,-40.38,3.31,28.19,584.38,-35.3729296,149.1817707
130.025,-40.32,3.31,28.22,584.40,-35.3729219,149.1818013
130.081,-40.24,3.31,28.22,584.40,-35.3729219,149.1818013
130.121,-40.17,3.30,28.26,584.43,-35.3729134,149.1818315
130.185,-40.12,3.31,28.26,584.43,-35.3729134,149.1818315
130.225,-40.07,3.31,28.29,584.46,-35.3729040,149.1818614
130.281,-39.94,3.32,28.29,584.46,-35.3729040,149.1818614
130.321,-39.90,3.33,28.30,584.50,-35.3728940,149.1818908
130.385,-39.93,3.32,28.30,584.50,-35.3728940,149.1818908
130.425,-39.83,3.34,28.30,584.54,-35.3728831,149.1819198
130.481,-39.67,3.37,28.30,584.54,-35.3728831,149.1819198
130.521,-39.72,3.37,28.31,584.59,-35.3728716,149.1819482
130.585,-39.77,3.38,28.31,584.59,-35.3728716,149.1819482
130.625,-39.55,3.41,28.29,584.65,-35.3728593,149.1819761
130.681,-39.44,3.43,28.29,584.65,-35.3728593,149.1819761
130.721,-39.66,3.42,28.28,584.72,-35.3728464,149.1820035
130.785,-39.56,3.45,28.28,584.72,-35.3728464,149.1820035
130.825,-39.20,3.50,28.26,584.80,-35.3728327,149.1820303
130.881,-39.35,3.50,28.26,584.80,-35.3728327,149.1820303
130.921,-39.65,3.49,28.26,584.89,-35.3728184,149.1820565
130.985,-39.20,3.55,28.26,584.89,-35.3728184,149.1820565
131.025,-38.87,3.59,28.24,584.98,-35.3728035,149.1820821
131.081,-39.36,3.56,28.24,584.98,-35.3728035,149.1820821
131.121,-39.48,3.58,28.22,585.08,-35.3727880,149.1821070
131.185,-38.86,3.66,28.22,585.08,-35.3727880,149.1821070
131.225,-38.79,3.67,28.21,585.19,-35.3727719,149.1821313
131.281,-39.18,3.66,28.21,585.19,-35.3727719,149.1821313
131.321,-39.05,3.71,28.21,585.31,-35.3727552,149.1821549
131.385,-38.89,3.74,28.21,585.31,-35.3727552,149.1821549
131.425,-38.99,3.74,28.21,585.42,-35.3727379,149.1821778
131.481,-38.83,3.79,28.21,585.42,-35.3727379,149.1821778
131.521,-38.88,3.84,28.19,585.56,-35.3727202,149.1822000
131.585,-39.19,3.85,28.19,585.56,-35.3727202,149.1822000
131.625,-39.05,3.86,28.21,585.69,-35.3727019,149.1822215
131.681,-38.95,3.90,28.21,585.69,-35.3727019,149.1822215
131.721,-39.13,3.92,28.22,585.83,-35.3726832,149.1822421
131.785,-39.24,3.95,28.22,585.83,-35.3726832,149.1822421
131.825,-39.18,3.96,28.19,585.97,-35.3726639,149.1822622
131.881,-39.26,3.99,28.19,585.97,-35.3726639,149.1822622
131.921,-39.33,4.02,28.19,586.13,-35.3726443,149.1822813
131.985,-39.39,4.03,28.19,586.13,-35.3726443,149.1822813
132.025,-39.42,4.05,28.16,586.28,-35.3726241,149.1822998
132.081,-39.48,4.09,28.16,586.28,-35.3726241,149.1822998
132.121,-39.51,4.10,28.15,586.44,-35.3726036,149.1823174
132.185,-39.57,4.11,28.15,586.44,-35.3726036,149.1823174
132.225,-39.58,4.13,28.15,586.59,-35.3725827,149.1823342
132.281,-39.59,4.15,28.15,586.59,-35.3725827,149.1823342
132.321,-39.60,4.17,28.15,586.76,-35.3725614,149.1823501
132.385,-39.62,4.18,28.15,586.76,-35.3725614,149.1823501
132.425,-39.60,4.20,28.14,586.92,-35.3725396,149.1823653
132.481,-39.58,4.23,28.14,586.92,-35.3725396,149.1823653
132.521,-39.57,4.24,28.14,587.08,-35.3725176,149.1823795
132.585,-39.53,4.26,28.14,587.08,-35.3725176,149.1823795
132.625,-39.46,4.27,28.13,587.25,-35.3724952,149.1823929
132.681,-39.41,4.28,28.13,587.25,-35.3724952,149.1823929
132.721,-39.38,4.29,28.13,587.41,-35.3724725,149.1824053
132.785,-39.31,4.31,28.13,587.41,-35.3724725,149.1824053
132.825,-39.25,4.32,28.11,587.57,-35.3724494,149.1824168
132.881,-39.19,4.34,28.11,587.57,-35.3724494,149.1824168
132.921,-39.15,4.35,28.10,587.73,-35.3724262,149.1824273
132.985,-39.10,4.36,28.10,587.73,-35.3724262,149.1824273
133.025,-39.06,4.37,28.11,587.89,-35.3724026,149.1824370
133.081,-39.00,4.39,28.11,587.89,-35.3724026,149.1824370
133.121,-38.99,4.41,28.10,588.05,-35.3723788,149.1824456
133.185,-39.00,4.43,28.10,588.05,-35.3723788,149.1824456
133.225,-38.93,4.43,28.07,588.20,-35.3723548,149.1824533
133.281,-38.82,4.48,28.07,588.20,-35.3723548,149.1824533
133.321,-38.89,4.49,28.08,588.36,-35.3723306,149.1824600
133.385,-38.98,4.50,28.08,588.36,-35.3723306,149.1824600
133.425,-38.79,4.53,28.07,588.51,-35.3723062,149.1824658
133.481,-38.65,4.56,28.07,588.51,-35.3723062,149.1824658
133.521,-38.90,4.57,28.05,588.65,-35.3722818,149.1824705
133.585,-38.94,4.59,28.05,588.65,-35.3722818,149.1824705
133.625,-38.49,4.65,28.04,588.80,-35.3722571,149.1824743
133.681,-38.42,4.67,28.04,588.80,-35.3722571,149.1824743
133.721,-38.94,4.65,28.04,588.94,-35.3722324,149.1824770
133.785,-38.69,4.68,28.04,588.94,-35.3722324,149.1824770
133.825,-37.81,4.77,28.03,589.08,-35.3722076,149.1824788
133.881,-37.99,4.78,28.03,589.08,-35.3722076,149.1824788
133.921,-38.87,4.72,28.01,589.21,-35.3721828,149.1824795
133.985,-38.10,4.79,28.01,589.21,-35.3721828,149.1824795
134.025,-36.96,4.89,28.00,589.34,-35.3721580,149.1824792
134.081,-37.35,4.86,28.00,589.34,-35.3721580,149.1824792
134.121,-37.81,4.85,28.01,589.47,-35.3721332,149.1824778
134.185,-37.24,4.92,28.01,589.47,-35.3721332,149.1824778
134.225,-36.78,4.95,28.03,589.60,-35.3721084,149.1824754
134.281,-36.60,4.97,28.03,589.60,-35.3721084,149.1824754
134.321,-36.53,4.99,28.04,589.72,-35.3720837,149.1824720
134.385,-36.18,5.05,28.04,589.72,-35.3720837,149.1824720
134.425,-35.86,5.07,28.05,589.84,-35.3720591,149.1824676
134.481,-35.45,5.12,28.05,589.84,-35.3720591,149.1824676
134.521,-35.19,5.16,28.04,589.96,-35.3720346,149.1824621
134.585,-34.70,5.22,28.04,589.96,-35.3720346,149.1824621
134.625,-34.34,5.25,28.03,590.07,-35.3720102,149.1824556
134.681,-33.77,5.32,28.03,590.07,-35.3720102,149.1824556
134.721,-33.37,5.37,28.04,590.18,-35.3719861,149.1824479
134.785,-32.72,5.44,28.04,590.18,-35.3719861,149.1824479
134.825,-32.25,5.49,28.01,590.29,-35.3719622,149.1824392
134.881,-31.52,5.58,28.01,590.29,-35.3719622,149.1824392
134.921,-31.01,5.65,28.02,590.40,-35.3719386,149.1824293
134.985,-30.17,5.75,28.02,590.40,-35.3719386,149.1824293
135.025,-29.60,5.82,28.01,590.51,-35.3719152,149.1824185
135.081,-28.71,5.94,28.01,590.51,-35.3719152,149.1824185
135.121,-28.08,6.01,27.99,590.62,-35.3718921,149.1824066
135.185,-27.08,6.12,27.99,590.62,-35.3718921,149.1824066
135.225,-26.39,6.22,28.01,590.74,-35.3718694,149.1823938
135.281,-25.33,6.37,28.01,590.74,-35.3718694,149.1823938
135.321,-24.58,6.47,27.99,590.87,-35.3718471,149.1823799
135.385,-23.39,6.63,27.99,590.87,-35.3718471,149.1823799
135.425,-22.61,6.74,28.02,591.00,-35.3718251,149.1823651
135.481,-21.41,6.93,28.02,591.00,-35.3718251,149.1823651
135.521,-20.56,7.05,28.04,591.15,-35.3718036,149.1823493
135.585,-19.30,7.26,28.04,591.15,-35.3718036,149.1823493
135.625,-18.51,7.40,28.04,591.31,-35.3717825,149.1823326
135.681,-17.20,7.62,28.04,591.31,-35.3717825,149.1823326
135.721,-16.29,7.77,28.05,591.48,-35.3717619,149.1823151
135.785,-15.09,8.02,28.05,591.48,-35.3717619,149.1823151
135.825,-14.28,8.18,28.05,591.67,-35.3717417,149.1822968
135.881,-12.78,8.45,28.05,591.67,-35.3717417,149.1822968
135.921,-11.89,8.63,28.04,591.88,-35.3717220,149.1822778
135.985,-10.89,8.90,28.04,591.88,-35.3717220,149.1822778
136.025,-9.89,9.09,28.07,592.11,-35.3717027,149.1822580
136.081,-8.14,9.39,28.07,592.11,-35.3717027,149.1822580
136.121,-7.64,9.58,28.07,592.37,-35.3716839,149.1822376
136.185,-6.71,9.86,28.07,592.37,-35.3716839,149.1822376
136.225,-5.09,10.08,28.09,592.65,-35.3716655,149.1822167
136.281,-3.68,10.41,28.09,592.65,-35.3716655,149.1822167
136.321,-3.95,10.57,28.07,592.96,-35.3716477,149.1821951
136.385,-1.93,10.84,28.07,592.96,-35.3716477,149.1821951
136.425,0.37,11.09,28.08,593.31,-35.3716301,149.1821732
136.481,-0.43,11.40,28.08,593.31,-35.3716301,149.1821732
136.521,-0.74,11.49,28.10,593.68,-35.3716130,149.1821508
136.585,3.88,11.75,28.10,593.68,-35.3716130,149.1821508
136.625,4.84,12.07,28.11,594.09,-35.3715963,149.1821281
136.681,3.83,12.30,28.11,594.09,-35.3715963,149.1821281
136.721,5.09,12.37,28.12,594.52,-35.3715799,149.1821050
136.785,6.80,12.69,28.12,594.52,-35.3715799,149.1821050
136.825,7.13,12.89,28.11,594.99,-35.3715639,149.1820816
136.881,8.19,13.03,28.11,594.99,-35.3715639,149.1820816
136.921,9.00,13.18,28.09,595.48,-35.3715481,149.1820580
136.985,9.89,13.45,28.09,595.48,-35.3715481,149.1820580
137.026,10.55,13.52,28.09,595.99,-35.3715327,149.1820341
137.081,11.60,13.64,28.09,595.99,-35.3715327,149.1820341
137.121,12.24,13.80,28.09,596.52,-35.3715175,149.1820099
137.185,13.20,13.93,28.09,596.52,-35.3715175,149.1820099
137.225,13.83,13.94,28.10,597.06,-35.3715026,149.1819855
137.281,14.77,14.04,28.10,597.06,-35.3715026,149.1819855
137.321,15.38,14.13,28.14,597.62,-35.3714880,149.1819608
137.385,16.30,14.15,28.14,597.62,-35.3714880,149.1819608
137.425,16.89,14.13,28.18,598.19,-35.3714736,149.1819359
137.481,17.77,14.19,28.18,598.19,-35.3714736,149.1819359
137.521,18.35,14.21,28.23,598.77,-35.3714593,149.1819108
137.585,19.20,14.13,28.23,598.77,-35.3714593,149.1819108
137.625,19.74,14.11,28.29,599.36,-35.3714453,149.1818855
137.681,20.57,14.08,28.29,599.36,-35.3714453,149.1818855
137.721,21.11,14.02,28.33,599.95,-35.3714315,149.1818599
137.785,21.88,13.92,28.33,599.95,-35.3714315,149.1818599
137.825,22.39,13.87,28.36,600.54,-35.3714179,149.1818341
137.881,23.15,13.74,28.36,600.54,-35.3714179,149.1818341
137.921,23.64,13.63,28.44,601.13,-35.3714044,149.1818081
137.985,24.33,13.50,28.44,601.13,-35.3714044,149.1818081
138.025,24.77,13.40,28.49,601.71,-35.3713911,149.1817819
138.081,25.43,13.22,28.49,601.71,-35.3713911,149.1817819
138.121,25.87,13.10,28.58,602.28,-35.3713779,149.1817554
138.185,26.44,12.94,28.58,602.28,-35.3713779,149.1817554
138.225,26.81,12.80,28.66,602.85,-35.3713648,149.1817287
138.281,27.40,12.60,28.66,602.85,-35.3713648,149.1817287
138.321,27.73,12.47,28.71,603.40,-35.3713519,149.1817018
138.385,28.16,12.27,28.71,603.40,-35.3713519,149.1817018
138.425,28.51,12.12,28.78,603.93,-35.3713390,149.1816747
138.481,29.01,11.89,28.78,603.93,-35.3713390,149.1816747
138.521,29.20,11.74,28.86,604.45,-35.3713263,149.1816473
138.585,29.55,11.47,28.86,604.45,-35.3713263,149.1816473
138.625,29.92,11.30,28.96,604.95,-35.3713136,149.1816198
138.681,30.20,11.06,28.96,604.95,-35.3713136,149.1816198
138.721,30.29,10.89,29.06,605.44,-35.3713010,149.1815921
138.785,30.78,10.63,29.06,605.44,-35.3713010,149.1815921
138.825,31.06,10.46,29.15,605.90,-35.3712885,149.1815641
138.881,31.02,10.19,29.15,605.90,-35.3712885,149.1815641
138.921,31.31,9.99,29.23,606.34,-35.3712760,149.1815360
138.985,31.96,9.72,29.23,606.34,-35.3712760,149.1815360
139.025,31.64,9.61,29.30,606.76,-35.3712637,149.1815077
139.081,31.65,9.27,29.30,606.76,-35.3712637,149.1815077
139.121,32.24,9.01,29.39,607.15,-35.3712513,149.1814792
139.185,32.26,8.82,29.39,607.15,-35.3712513,149.1814792
139.225,32.16,8.66,29.45,607.53,-35.3712391,149.1814505
139.281,32.61,8.35,29.45,607.53,-35.3712391,149.1814505
139.321,32.75,8.18,29.54,607.87,-35.3712269,149.1814216
139.385,32.75,7.95,29.54,607.87,-35.3712269,149.1814216
139.425,32.89,7.75,29.62,608.20,-35.3712147,149.1813926
139.481,33.11,7.49,29.62,608.20,-35.3712147,149.1813926
139.521,33.16,7.34,29.70,608.50,-35.3712027,149.1813634
139.585,33.26,7.09,29.70,608.50,-35.3712027,149.1813634
139.625,33.36,6.90,29.78,608.78,-35.3711906,149.1813340
139.681,33.48,6.67,29.78,608.78,-35.3711906,149.1813340
139.721,33.54,6.52,29.87,609.04,-35.3711786,149.1813046
139.785,33.65,6.27,29.87,609.04,-35.3711786,149.1813046
139.825,33.72,6.10,29.95,609.27,-35.3711667,149.1812750
139.881,33.82,5.89,29.95,609.27,-35.3711667,149.1812750
139.921,33.88,5.75,30.03,609.48,-35.3711547,149.1812453
139.985,33.95,5.54,30.03,609.48,-35.3711547,149.1812453
140.025,33.99,5.40,30.10,609.67,-35.3711428,149.1812155
140.081,34.07,5.20,30.10,609.67,-35.3711428,149.1812155
140.121,34.11,5.07,30.17,609.84,-35.3711309,149.1811856
140.185,34.18,4.88,30.17,609.84,-35.3711309,149.1811856
140.225,34.22,4.75,30.23,609.99,-35.3711190,149.1811556
140.281,34.30,4.58,30.23,609.99,-35.3711190,149.1811556
140.321,34.34,4.46,30.26,610.11,-35.3711071,149.1811255
140.385,34.37,4.29,30.26,610.11,-35.3711071,149.1811255
140.425,34.40,4.18,30.32,610.22,-35.3710952,149.1810954
140.481,34.46,4.03,30.32,610.22,-35.3710952,149.1810954
140.521,34.49,3.93,30.35,610.31,-35.3710833,149.1810653
140.585,34.51,3.78,30.35,610.31,-35.3710833,149.1810653
140.625,34.53,3.70,30.41,610.39,-35.3710714,149.1810350
140.681,34.54,3.56,30.41,610.39,-35.3710714,149.1810350
140.721,34.54,3.47,30.44,610.45,-35.3710595,149.1810048
140.785,34.50,3.34,30.44,610.45,-35.3710595,149.1810048
140.825,34.42,3.26,30.47,610.49,-35.3710476,149.1809745
140.881,34.29,3.12,30.47,610.49,-35.3710476,149.1809745
140.921,34.21,3.01,30.49,610.52,-35.3710357,149.1809442
140.985,33.99,2.87,30.49,610.52,-35.3710357,149.1809442
141.025,33.74,2.76,30.54,610.53,-35.3710237,149.1809139
141.081,33.43,2.56,30.54,610.53,-35.3710237,149.1809139
141.121,33.29,2.41,30.55,610.53,-35.3710117,149.1808836
141.185,32.74,2.18,30.55,610.53,-35.3710117,149.1808836
141.225,32.20,2.00,30.58,610.50,-35.3709998,149.1808532
141.281,31.76,1.61,30.58,610.50,-35.3709998,149.1808532
141.321,31.47,1.31,30.59,610.44,-35.3709878,149.1808228
141.385,30.27,0.73,30.59,610.44,-35.3709878,149.1808228
141.425,29.69,0.22,30.67,610.34,-35.3709761,149.1807922
141.481,30.21,-0.51,30.67,610.34,-35.3709761,149.1807922
141.521,30.41,-0.95,30.69,610.18,-35.3709647,149.1807614
141.585,26.67,-1.79,30.69,610.18,-35.3709647,149.1807614
141.625,26.13,-2.36,30.80,609.92,-35.3709537,149.1807303
141.681,30.49,-2.83,30.80,609.92,-35.3709537,149.1807303
141.721,27.91,-3.23,30.84,609.60,-35.3709435,149.1806988
141.785,21.74,-4.23,30.84,609.60,-35.3709435,149.1806988
141.825,22.07,-4.58,30.94,609.16,-35.3709335,149.1806672
141.881,23.82,-5.00,30.94,609.16,-35.3709335,149.1806672
141.921,22.36,-5.70,31.02,608.66,-35.3709242,149.1806353
141.985,24.30,-6.28,31.02,608.66,-35.3709242,149.1806353
142.025,25.74,-6.36,31.14,608.08,-35.3709152,149.1806034
142.081,27.44,-6.81,31.14,608.08,-35.3709152,149.1806034
142.121,29.67,-7.17,31.18,607.42,-35.3709068,149.1805713
142.185,33.04,-7.36,31.18,607.42,-35.3709068,149.1805713
142.225,35.16,-7.47,31.33,606.69,-35.3708988,149.1805392
142.281,38.30,-7.81,31.33,606.69,-35.3708988,149.1805392
142.321,40.26,-7.99,31.36,605.89,-35.3708912,149.1805070
142.385,43.00,-8.19,31.36,605.89,-35.3708912,149.1805070
142.425,44.66,-8.41,31.50,605.00,-35.3708839,149.1804750
142.481,46.86,-8.82,31.50,605.00,-35.3708839,149.1804750
142.521,48.15,-9.10,31.53,604.04,-35.3708766,149.1804431
142.585,49.51,-9.60,31.53,604.04,-35.3708766,149.1804431
142.625,49.46,-10.03,31.63,602.99,-35.3708694,149.1804114
142.681,47.00,-10.72,31.63,602.99,-35.3708694,149.1804114
142.721,43.45,-11.16,31.64,601.85,-35.3708619,149.1803800
142.785,35.02,-11.87,31.64,601.85,-35.3708619,149.1803800
142.825,27.20,-12.24,31.70,600.64,-35.3708540,149.1803490
142.881,15.38,-12.65,31.70,600.64,-35.3708540,149.1803490
142.921,9.01,-12.95,31.62,599.42,-35.3708454,149.1803184
142.985,0.27,-13.36,31.62,599.42,-35.3708454,149.1803184
143.025,-5.06,-13.63,31.54,598.26,-35.3708365,149.1802880
143.081,-10.99,-14.10,31.54,598.26,-35.3708365,149.1802880
143.121,-12.58,-14.44,31.39,597.14,-35.3708275,149.1802576
143.185,-11.36,-14.82,31.39,597.14,-35.3708275,149.1802576
143.225,-10.95,-15.04,31.31,596.05,-35.3708189,149.1802273
143.281,-12.48,-15.38,31.31,596.05,-35.3708189,149.1802273
143.321,-12.22,-15.55,31.21,594.95,-35.3708105,149.1801969
143.385,-9.59,-15.71,31.21,594.95,-35.3708105,149.1801969
143.425,-11.29,-15.83,31.17,593.83,-35.3708027,149.1801666
143.481,-19.30,-16.20,31.17,593.83,-35.3708027,149.1801666
143.521,-17.04,-16.35,31.12,592.70,-35.3707950,149.1801363
143.585,-11.18,-16.37,31.12,592.70,-35.3707950,149.1801363
143.625,-18.62,-16.68,31.09,591.54,-35.3707887,149.1801059
143.681,-24.22,-17.20,31.09,591.54,-35.3707887,149.1801059
143.721,-17.40,-17.10,31.00,590.39,-35.3707821,149.1800755
143.785,-19.09,-17.21,31.00,590.39,-35.3707821,149.1800755
143.825,-25.43,-17.71,31.01,589.19,-35.3707771,149.1800451
143.881,-23.09,-18.07,31.01,589.19,-35.3707771,149.1800451
143.921,-21.21,-18.08,30.97,588.00,-35.3707723,149.1800146
143.985,-26.36,-18.39,30.97,588.00,-35.3707723,149.1800146
144.025,-27.45,-18.83,30.96,586.76,-35.3707683,149.1799843
144.081,-25.37,-19.06,30.96,586.76,-35.3707683,149.1799843
144.121,-25.37,-19.09,30.92,585.48,-35.3707651,149.1799540
144.185,-25.19,-19.55,30.92,585.48,-35.3707651,149.1799540
144.225,-24.09,-18.11,28.75,584.23,-35.3707622,149.1799247
144.281,-24.71,-10.63,28.75,584.23,-35.3707622,149.1799247
144.321,-25.21,-7.52,25.14,584.32,-35.3707554,149.1799127
144.385,-25.54,-5.60,25.14,584.32,-35.3707554,149.1799127
144.425,-25.85,-4.63,22.49,584.11,-35.3707493,149.1798994
144.481,-26.49,-2.72,22.49,584.11,-35.3707493,149.1798994
144.521,-26.82,-2.00,20.68,583.67,-35.3707447,149.1798829
144.585,-26.96,-1.26,20.68,583.67,-35.3707447,149.1798829
144.625,-26.98,-0.72,19.58,583.27,-35.3707409,149.1798651
144.681,-26.82,-0.13,19.58,583.27,-35.3707409,149.1798651
144.721,-23.58,-1.05,19.00,582.93,-35.3707382,149.1798460
144.785,-22.75,4.54,19.00,582.93,-35.3707382,149.1798460
144.825,-23.72,5.62,17.98,582.92,-35.3707364,149.1798286
144.881,-22.27,6.01,17.98,582.92,-35.3707364,149.1798286
144.921,-20.81,6.98,17.46,582.97,-35.3707360,149.1798109
144.985,-21.00,7.70,17.46,582.97,-35.3707360,149.1798109
145.025,-20.90,7.82,17.31,583.02,-35.3707369,149.1797922
145.081,-19.37,8.07,17.31,583.02,-35.3707369,149.1797922
145.121,-18.92,8.17,17.47,583.11,-35.3707390,149.1797727
145.185,-18.69,8.20,17.47,583.11,-35.3707390,149.1797727
145.225,-18.03,8.18,17.83,583.23,-35.3707420,149.1797523
145.281,-17.12,8.14,17.83,583.23,-35.3707420,149.1797523
145.321,-16.83,8.08,18.31,583.39,-35.3707459,149.1797311
145.385,-16.24,7.99,18.31,583.39,-35.3707459,149.1797311
145.425,-15.75,7.92,18.92,583.57,-35.3707505,149.1797091
145.481,-15.25,7.82,18.92,583.57,-35.3707505,149.1797091
145.521,-14.99,7.73,19.51,583.77,-35.3707559,149.1796866
145.585,-14.57,7.63,19.51,583.77,-35.3707559,149.1796866
145.625,-14.35,7.56,20.15,583.98,-35.3707618,149.1796634
145.681,-14.12,7.46,20.15,583.98,-35.3707618,149.1796634
145.721,-13.98,7.39,20.77,584.21,-35.3707685,149.1796398
145.785,-13.81,7.29,20.77,584.21,-35.3707685,149.1796398
145.825,-13.76,7.22,21.38,584.45,-35.3707758,149.1796157
145.881,-13.76,7.12,21.38,584.45,-35.3707758,149.1796157
145.921,-13.81,7.05,21.97,584.69,-35.3707836,149.1795912
145.985,-13.96,6.95,21.97,584.69,-35.3707836,149.1795912
146.025,-14.12,6.89,22.55,584.94,-35.3707920,149.1795664
146.081,-14.39,6.79,22.55,584.94,-35.3707920,149.1795664
146.121,-14.63,6.73,23.08,585.20,-35.3708009,149.1795413
146.185,-15.06,6.63,23.08,585.20,-35.3708009,149.1795413
146.225,-15.39,6.57,23.58,585.45,-35.3708103,149.1795160
146.281,-15.91,6.47,23.58,585.45,-35.3708103,149.1795160
146.321,-16.31,6.40,24.05,585.72,-35.3708202,149.1794905
146.385,-16.96,6.30,24.05,585.72,-35.3708202,149.1794905
146.425,-17.37,6.24,24.49,585.98,-35.3708304,149.1794648
146.481,-18.06,6.15,24.49,585.98,-35.3708304,149.1794648
146.522,-18.62,6.09,24.93,586.25,-35.3708411,149.1794390
146.585,-19.35,6.01,24.93,586.25,-35.3708411,149.1794390
146.625,-19.79,5.96,25.32,586.52,-35.3708522,149.1794131
146.681,-20.72,5.89,25.32,586.52,-35.3708522,149.1794131
146.721,-21.36,5.83,25.69,586.78,-35.3708638,149.1793871
146.785,-21.94,5.77,25.69,586.78,-35.3708638,149.1793871
146.825,-22.50,5.73,26.02,587.05,-35.3708756,149.1793611
146.881,-23.76,5.66,26.02,587.05,-35.3708756,149.1793611
146.921,-24.14,5.63,26.31,587.32,-35.3708880,149.1793351
146.985,-24.49,5.59,26.31,587.32,-35.3708880,149.1793351
147.025,-25.58,5.55,26.59,587.58,-35.3709007,149.1793092
147.082,-26.70,5.51,26.59,587.58,-35.3709007,149.1793092
147.121,-26.21,5.53,26.82,587.85,-35.3709138,149.1792833
147.185,-27.22,5.45,26.82,587.85,-35.3709138,149.1792833
147.225,-29.18,5.39,27.05,588.11,-35.3709275,149.1792577
147.282,-28.37,5.46,27.05,588.11,-35.3709275,149.1792577
147.321,-27.14,5.48,27.24,588.37,-35.3709415,149.1792322
147.385,-30.40,5.27,27.24,588.37,-35.3709415,149.1792322
147.425,-31.39,5.25,27.42,588.62,-35.3709561,149.1792070
147.481,-30.16,5.36,27.42,588.62,-35.3709561,149.1792070
147.521,-30.83,5.33,27.58,588.87,-35.3709711,149.1791821
147.585,-32.13,5.24,27.58,588.87,-35.3709711,149.1791821
147.625,-32.19,5.22,27.68,589.11,-35.3709867,149.1791575
147.681,-32.58,5.24,27.68,589.11,-35.3709867,149.1791575
147.721,-33.05,5.21,27.81,589.35,-35.3710027,149.1791334
147.785,-33.48,5.15,27.81,589.35,-35.3710027,149.1791334
147.825,-33.74,5.14,27.92,589.58,-35.3710192,149.1791095
147.881,-34.18,5.13,27.92,589.58,-35.3710192,149.1791095
147.921,-34.45,5.10,27.98,589.81,-35.3710362,149.1790861
147.985,-34.82,5.06,27.98,589.81,-35.3710362,149.1790861
148.025,-35.04,5.06,28.04,590.04,-35.3710536,149.1790632
148.081,-35.36,5.03,28.04,590.04,-35.3710536,149.1790632
148.121,-35.56,5.00,28.09,590.26,-35.3710715,149.1790407
148.185,-35.84,4.98,28.09,590.26,-35.3710715,149.1790407
148.225,-36.00,4.97,28.15,590.48,-35.3710898,149.1790188
148.281,-36.24,4.93,28.15,590.48,-35.3710898,149.1790188
148.321,-36.38,4.91,28.21,590.69,-35.3711086,149.1789976
148.385,-36.58,4.90,28.21,590.69,-35.3711086,149.1789976
148.425,-36.73,4.88,28.24,590.90,-35.3711279,149.1789769
148.481,-36.92,4.86,28.24,590.90,-35.3711279,149.1789769
148.521,-37.02,4.85,28.26,591.10,-35.3711477,149.1789569
148.585,-37.16,4.82,28.26,591.10,-35.3711477,149.1789569
148.625,-37.24,4.82,28.27,591.30,-35.3711679,149.1789375
148.682,-37.35,4.81,28.27,591.30,-35.3711679,149.1789375
148.721,-37.41,4.80,28.29,591.49,-35.3711885,149.1789190
148.785,-37.48,4.79,28.29,591.49,-35.3711885,149.1789190
148.825,-37.53,4.79,28.31,591.68,-35.3712096,149.1789011
148.881,-37.58,4.80,28.31,591.68,-35.3712096,149.1789011
148.921,-37.59,4.80,28.32,591.87,-35.3712311,149.1788842
148.985,-37.62,4.80,28.32,591.87,-35.3712311,149.1788842
149.025,-37.67,4.80,28.30,592.04,-35.3712530,149.1788679
149.081,-37.68,4.82,28.30,592.04,-35.3712530,149.1788679
149.121,-37.67,4.83,28.32,592.22,-35.3712753,149.1788526
149.185,-37.71,4.83,28.32,592.22,-35.3712753,149.1788526
149.225,-37.75,4.84,28.31,592.39,-35.3712979,149.1788381
149.281,-37.75,4.86,28.31,592.39,-35.3712979,149.1788381
149.322,-37.72,4.88,28.29,592.56,-35.3713209,149.1788246
149.385,-37.73,4.90,28.29,592.56,-35.3713209,149.1788246
149.425,-37.80,4.91,28.29,592.73,-35.3713442,149.1788119
149.481,-37.80,4.95,28.29,592.73,-35.3713442,149.1788119
149.521,-37.70,4.97,28.26,592.89,-35.3713678,149.1788002
149.585,-37.69,5.00,28.26,592.89,-35.3713678,149.1788002
149.625,-37.86,5.02,28.23,593.06,-35.3713916,149.1787894
149.682,-37.86,5.07,28.23,593.06,-35.3713916,149.1787894
149.721,-37.57,5.11,28.21,593.22,-35.3714157,149.1787796
149.785,-37.58,5.15,28.21,593.22,-35.3714157,149.1787796
149.825,-38.02,5.17,28.21,593.38,-35.3714400,149.1787708
149.881,-37.91,5.24,28.21,593.38,-35.3714400,149.1787708
149.922,-37.24,5.32,28.19,593.54,-35.3714645,149.1787629
149.985,-37.46,5.34,28.19,593.54,-35.3714645,149.1787629
150.025,-38.15,5.36,28.16,593.70,-35.3714891,149.1787560
150.082,-37.82,5.46,28.16,593.70,-35.3714891,149.1787560
150.121,-37.36,5.50,28.14,593.86,-35.3715139,149.1787502
150.185,-37.70,5.52,28.14,593.86,-35.3715139,149.1787502
150.225,-37.94,5.58,28.14,594.02,-35.3715388,149.1787453
150.281,-37.82,5.66,28.14,594.02,-35.3715388,149.1787453
150.321,-37.79,5.69,28.10,594.18,-35.3715638,149.1787415
150.385,-37.95,5.73,28.10,594.18,-35.3715638,149.1787415
150.425,-38.01,5.79,28.06,594.35,-35.3715888,149.1787386
150.482,-38.05,5.86,28.06,594.35,-35.3715888,149.1787386
150.521,-38.10,5.89,28.05,594.51,-35.3716139,149.1787368
150.585,-38.16,5.95,28.05,594.51,-35.3716139,149.1787368
150.625,-38.20,5.99,28.01,594.69,-35.3716390,149.1787360
150.681,-38.26,6.05,28.01,594.69,-35.3716390,149.1787360
150.721,-38.29,6.08,28.01,594.86,-35.3716640,149.1787362
150.785,-38.33,6.14,28.01,594.86,-35.3716640,149.1787362
150.825,-38.35,6.18,27.99,595.03,-35.3716890,149.1787374
150.882,-38.37,6.22,27.99,595.03,-35.3716890,149.1787374
150.922,-38.38,6.25,27.96,595.21,-35.3717139,149.1787396
150.985,-38.39,6.30,27.96,595.21,-35.3717139,149.1787396
151.025,-38.40,6.33,27.95,595.39,-35.3717388,149.1787429
151.082,-38.41,6.39,27.95,595.39,-35.3717388,149.1787429
151.122,-38.41,6.41,27.94,595.57,-35.3717635,149.1787472
151.185,-38.38,6.46,27.94,595.57,-35.3717635,149.1787472
151.225,-38.38,6.49,27.90,595.75,-35.3717880,149.1787525
151.282,-38.35,6.54,27.90,595.75,-35.3717880,149.1787525
151.322,-38.31,6.56,27.90,595.93,-35.3718124,149.1787588
151.385,-38.24,6.60,27.90,595.93,-35.3718124,149.1787588
151.425,-38.21,6.63,27.87,596.11,-35.3718366,149.1787661
151.482,-38.13,6.66,27.87,596.11,-35.3718366,149.1787661
151.522,-38.05,6.70,27.87,596.29,-35.3718605,149.1787745
151.585,-37.98,6.73,27.87,596.29,-35.3718605,149.1787745
151.625,-37.94,6.75,27.85,596.47,-35.3718842,149.1787838
151.682,-37.78,6.80,27.85,596.47,-35.3718842,149.1787838
151.722,-37.68,6.83,27.82,596.65,-35.3719075,149.1787942
151.785,-37.63,6.86,27.82,596.65,-35.3719075,149.1787942
151.825,-37.54,6.88,27.82,596.83,-35.3719306,149.1788055
151.882,-37.28,6.93,27.82,596.83,-35.3719306,149.1788055
151.922,-37.21,6.95,27.80,597.02,-35.3719534,149.1788178
151.985,-37.13,6.99,27.80,597.02,-35.3719534,149.1788178
152.025,-36.92,7.02,27.78,597.20,-35.3719757,149.1788310
152.082,-36.69,7.06,27.78,597.20,-35.3719757,149.1788310
152.122,-36.67,7.08,27.77,597.38,-35.3719977,149.1788451
152.185,-36.33,7.14,27.77,597.38,-35.3719977,149.1788451
152.225,-36.09,7.18,27.77,597.56,-35.3720193,149.1788602
152.282,-36.16,7.21,27.77,597.56,-35.3720193,149.1788602
152.322,-35.91,7.24,27.76,597.75,-35.3720404,149.1788762
152.385,-35.13,7.32,27.76,597.75,-35.3720404,149.1788762
152.425,-35.38,7.35,27.78,597.94,-35.3720611,149.1788930
152.482,-35.68,7.37,27.78,597.94,-35.3720611,149.1788930
152.522,-34.74,7.44,27.79,598.13,-35.3720813,149.1789107
152.585,-34.27,7.51,27.79,598.13,-35.3720813,149.1789107
152.625,-34.75,7.54,27.76,598.32,-35.3721010,149.1789292
152.682,-34.32,7.61,27.76,598.32,-35.3721010,149.1789292
152.722,-33.79,7.64,27.78,598.52,-35.3721202,149.1789485
152.785,-33.79,7.71,27.78,598.52,-35.3721202,149.1789485
152.825,-33.72,7.76,27.75,598.72,-35.3721389,149.1789686
152.882,-33.30,7.82,27.75,598.72,-35.3721389,149.1789686
152.922,-33.13,7.86,27.74,598.92,-35.3721570,149.1789894
152.985,-32.95,7.94,27.74,598.92,-35.3721570,149.1789894
153.025,-32.74,7.99,27.72,599.13,-35.3721745,149.1790109
153.082,-32.42,8.07,27.72,599.13,-35.3721745,149.1790109
153.122,-32.24,8.12,27.71,599.35,-35.3721915,149.1790332
153.185,-31.94,8.22,27.71,599.35,-35.3721915,149.1790332
153.225,-31.71,8.27,27.73,599.57,-35.3722079,149.1790560
153.282,-31.38,8.35,27.73,599.57,-35.3722079,149.1790560
153.322,-31.16,8.40,27.73,599.79,-35.3722237,149.1790795
153.385,-30.81,8.50,27.73,599.79,-35.3722237,149.1790795
153.425,-30.56,8.55,27.75,600.03,-35.3722388,149.1791037
153.482,-30.18,8.62,27.75,600.03,-35.3722388,149.1791037
153.522,-29.93,8.68,27.76,600.27,-35.3722533,149.1791283
153.585,-29.55,8.76,27.76,600.27,-35.3722533,149.1791283
153.625,-29.28,8.81,27.76,600.52,-35.3722672,149.1791536
153.682,-28.89,8.89,27.76,600.52,-35.3722672,149.1791536
153.722,-28.61,8.96,27.75,600.78,-35.3722804,149.1791793
153.785,-28.17,9.04,27.75,600.78,-35.3722804,149.1791793
153.825,-27.87,9.09,27.76,601.05,-35.3722930,149.1792056
153.882,-27.44,9.17,27.76,601.05,-35.3722930,149.1792056
153.922,-27.13,9.23,27.76,601.32,-35.3723049,149.1792323
153.985,-26.67,9.31,27.76,601.32,-35.3723049,149.1792323
154.025,-26.40,9.37,27.75,601.61,-35.3723162,149.1792594
154.082,-25.94,9.44,27.75,601.61,-35.3723162,149.1792594
154.122,-25.60,9.49,27.76,601.90,-35.3723268,149.1792870
154.185,-25.20,9.56,27.76,601.90,-35.3723268,149.1792870
154.225,-24.95,9.60,27.79,602.21,-35.3723367,149.1793149
154.282,-24.39,9.68,27.79,602.21,-35.3723367,149.1793149
154.322,-24.08,9.72,27.79,602.52,-35.3723460,149.1793431
154.385,-23.85,9.78,27.79,602.52,-35.3723460,149.1793431
154.425,-23.50,9.83,27.80,602.83,-35.3723546,149.1793717
154.482,-22.78,9.91,27.80,602.83,-35.3723546,149.1793717
154.522,-22.70,9.93,27.82,603.16,-35.3723626,149.1794006
154.585,-22.58,9.96,27.82,603.16,-35.3723626,149.1794006
154.625,-21.86,10.02,27.87,603.49,-35.3723700,149.1794297
154.682,-21.27,10.08,27.87,603.49,-35.3723700,149.1794297
154.722,-21.69,10.07,27.91,603.83,-35.3723768,149.1794591
154.786,-21.11,10.11,27.91,603.83,-35.3723768,149.1794591
154.825,-19.91,10.19,27.93,604.17,-35.3723830,149.1794887
154.882,-20.29,10.17,27.93,604.17,-35.3723830,149.1794887
154.922,-20.98,10.12,27.94,604.53,-35.3723886,149.1795186
154.985,-19.02,10.19,27.94,604.53,-35.3723886,149.1795186
155.026,-18.03,10.26,27.98,604.89,-35.3723936,149.1795485
155.082,-19.34,10.18,27.98,604.89,-35.3723936,149.1795485
155.122,-19.18,10.15,28.01,605.26,-35.3723982,149.1795787
155.185,-17.97,10.22,28.01,605.26,-35.3723982,149.1795787
155.225,-18.02,10.23,28.05,605.63,-35.3724021,149.1796090
155.282,-17.91,10.15,28.05,605.63,-35.3724021,149.1796090
155.322,-17.59,10.13,28.09,606.01,-35.3724057,149.1796394
155.385,-17.49,10.15,28.09,606.01,-35.3724057,149.1796394
155.425,-17.38,10.10,28.15,606.39,-35.3724086,149.1796700
155.482,-17.05,10.02,28.15,606.39,-35.3724086,149.1796700
155.522,-16.98,10.03,28.21,606.77,-35.3724111,149.1797007
155.585,-16.92,10.00,28.21,606.77,-35.3724111,149.1797007
155.625,-16.77,9.92,28.23,607.15,-35.3724130,149.1797315
155.682,-16.62,9.86,28.23,607.15,-35.3724130,149.1797315
155.722,-16.57,9.84,28.29,607.52,-35.3724145,149.1797624
155.785,-16.45,9.74,28.29,607.52,-35.3724145,149.1797624
155.825,-16.35,9.66,28.36,607.90,-35.3724155,149.1797934
155.882,-16.27,9.60,28.36,607.90,-35.3724155,149.1797934
155.922,-16.22,9.54,28.41,608.27,-35.3724160,149.1798245
155.985,-16.14,9.41,28.41,608.27,-35.3724160,149.1798245
156.025,-16.09,9.34,28.45,608.63,-35.3724161,149.1798556
156.082,-16.05,9.23,28.45,608.63,-35.3724161,149.1798556
156.122,-16.03,9.14,28.48,608.99,-35.3724157,149.1798869
156.185,-16.03,9.02,28.48,608.99,-35.3724157,149.1798869
156.226,-16.02,8.95,28.56,609.34,-35.3724149,149.1799181
156.282,-16.02,8.80,28.56,609.34,-35.3724149,149.1799181
156.322,-16.06,8.70,28.62,609.68,-35.3724137,149.1799495
156.386,-16.13,8.57,28.62,609.68,-35.3724137,149.1799495
156.425,-16.15,8.48,28.69,610.02,-35.3724120,149.1799809
156.482,-16.22,8.33,28.69,610.02,-35.3724120,149.1799809
156.522,-16.33,8.23,28.77,610.34,-35.3724100,149.1800123
156.585,-16.47,8.08,28.77,610.34,-35.3724100,149.1800123
156.625,-16.50,7.97,28.82,610.65,-35.3724076,149.1800438
156.682,-16.66,7.81,28.82,610.65,-35.3724076,149.1800438
156.722,-16.85,7.71,28.87,610.96,-35.3724048,149.1800753
156.785,-17.04,7.56,28.87,610.96,-35.3724048,149.1800753
156.825,-17.09,7.43,28.92,611.25,-35.3724015,149.1801068
156.882,-17.34,7.27,28.92,611.25,-35.3724015,149.1801068
156.922,-17.62,7.17,28.99,611.53,-35.3723979,149.1801384
156.986,-17.81,7.00,28.99,611.53,-35.3723979,149.1801384
157.025,-17.83,6.88,29.04,611.80,-35.3723939,149.1801699
157.082,-18.19,6.72,29.04,611.80,-35.3723939,149.1801699
157.122,-18.57,6.62,29.11,612.05,-35.3723896,149.1802015
157.186,-18.78,6.46,29.11,612.05,-35.3723896,149.1802015
157.225,-18.73,6.34,29.17,612.29,-35.3723848,149.1802330
157.282,-19.07,6.17,29.17,612.29,-35.3723848,149.1802330
157.322,-19.65,6.06,29.22,612.52,-35.3723797,149.1802645
157.386,-20.11,5.90,29.22,612.52,-35.3723797,149.1802645
157.425,-19.71,5.81,29.27,612.74,-35.3723742,149.1802961
157.482,-19.69,5.65,29.27,612.74,-35.3723742,149.1802961
157.522,-20.91,5.52,29.32,612.94,-35.3723684,149.1803275
157.585,-21.56,5.37,29.32,612.94,-35.3723684,149.1803275
157.625,-20.84,5.27,29.39,613.13,-35.3723621,149.1803590
157.682,-21.13,5.11,29.39,613.13,-35.3723621,149.1803590
157.722,-22.03,5.03,29.42,613.31,-35.3723555,149.1803903
157.786,-22.40,4.88,29.42,613.31,-35.3723555,149.1803903
157.826,-22.32,4.74,29.48,613.47,-35.3723485,149.1804216
157.882,-22.81,4.61,29.48,613.47,-35.3723485,149.1804216
157.922,-23.22,4.54,29.55,613.62,-35.3723412,149.1804528
157.986,-23.60,4.39,29.55,613.62,-35.3723412,149.1804528
158.026,-23.84,4.28,29.57,613.75,-35.3723334,149.1804840
158.082,-24.29,4.15,29.57,613.75,-35.3723334,149.1804840
158.122,-24.59,4.06,29.62,613.87,-35.3723253,149.1805150
158.186,-25.01,3.92,29.62,613.87,-35.3723253,149.1805150
158.226,-25.30,3.84,29.67,613.97,-35.3723167,149.1805460
158.282,-25.73,3.71,29.67,613.97,-35.3723167,149.1805460
158.322,-26.01,3.61,29.69,614.07,-35.3723078,149.1805768
158.386,-26.44,3.48,29.69,614.07,-35.3723078,149.1805768
158.426,-26.72,3.40,29.74,614.15,-35.3722984,149.1806074
158.482,-27.14,3.26,29.74,614.15,-35.3722984,149.1806074
158.522,-27.43,3.17,29.75,614.21,-35.3722886,149.1806379
158.586,-27.84,3.06,29.75,614.21,-35.3722886,149.1806379
158.626,-28.11,2.99,29.76,614.26,-35.3722784,149.1806682
158.682,-28.53,2.86,29.76,614.26,-35.3722784,149.1806682
158.722,-28.81,2.79,29.78,614.30,-35.3722678,149.1806983
158.786,-29.21,2.67,29.78,614.30,-35.3722678,149.1806983
158.826,-29.47,2.60,29.79,614.33,-35.3722568,149.1807282
158.882,-29.87,2.50,29.79,614.33,-35.3722568,149.1807282
158.922,-30.13,2.43,29.83,614.35,-35.3722453,149.1807579
158.986,-30.48,2.33,29.83,614.35,-35.3722453,149.1807579
159.026,-30.71,2.27,29.84,614.35,-35.3722334,149.1807873
159.082,-31.08,2.17,29.84,614.35,-35.3722334,149.1807873
159.122,-31.30,2.12,29.86,614.35,-35.3722210,149.1808164
159.186,-31.57,2.03,29.86,614.35,-35.3722210,149.1808164
159.226,-31.79,1.98,29.87,614.33,-35.3722082,149.1808452
159.282,-32.10,1.91,29.87,614.33,-35.3722082,149.1808452
159.322,-32.23,1.85,29.86,614.31,-35.3721948,149.1808737
159.386,-32.45,1.77,29.86,614.31,-35.3721948,149.1808737
159.426,-32.65,1.73,29.85,614.28,-35.3721810,149.1809018
159.482,-32.80,1.67,29.85,614.28,-35.3721810,149.1809018
159.522,-32.88,1.64,29.87,614.23,-35.3721668,149.1809295
159.586,-33.20,1.59,29.87,614.23,-35.3721668,149.1809295
159.626,-33.31,1.56,29.84,614.18,-35.3721520,149.1809568
159.682,-33.25,1.53,29.84,614.18,-35.3721520,149.1809568
159.722,-33.47,1.50,29.83,614.12,-35.3721367,149.1809837
159.786,-33.89,1.45,29.83,614.12,-35.3721367,149.1809837
159.826,-33.63,1.45,29.81,614.05,-35.3721210,149.1810101
159.882,-33.57,1.43,29.81,614.05,-35.3721210,149.1810101
159.922,-34.32,1.39,29.79,613.98,-35.3721047,149.1810360
159.986,-34.29,1.40,29.79,613.98,-35.3721047,149.1810360
160.026,-33.33,1.44,29.75,613.90,-35.3720880,149.1810615
160.082,-34.25,1.36,29.75,613.90,-35.3720880,149.1810615
160.122,-35.64,1.32,29.73,613.82,-35.3720707,149.1810863
160.186,-33.80,1.46,29.73,613.82,-35.3720707,149.1810863
160.226,-33.16,1.46,29.71,613.75,-35.3720530,149.1811106
160.282,-34.75,1.36,29.71,613.75,-35.3720530,149.1811106
160.322,-34.77,1.40,29.70,613.67,-35.3720349,149.1811343
160.386,-34.15,1.47,29.70,613.67,-35.3720349,149.1811343
160.426,-34.39,1.48,29.66,613.60,-35.3720162,149.1811574
160.482,-34.65,1.49,29.66,613.60,-35.3720162,149.1811574
160.522,-34.58,1.52,29.62,613.53,-35.3719972,149.1811799
160.586,-34.62,1.60,29.62,613.53,-35.3719972,149.1811799
160.626,-34.71,1.63,29.59,613.46,-35.3719776,149.1812018
160.682,-34.75,1.66,29.59,613.46,-35.3719776,149.1812018
160.722,-34.78,1.70,29.55,613.39,-35.3719577,149.1812229
160.786,-34.84,1.76,29.55,613.39,-35.3719577,149.1812229
160.826,-34.88,1.80,29.51,613.33,-35.3719373,149.1812433
160.882,-34.94,1.87,29.51,613.33,-35.3719373,149.1812433
160.922,-34.98,1.91,29.46,613.26,-35.3719165,149.1812630
160.986,-35.04,1.97,29.46,613.26,-35.3719165,149.1812630
161.026,-35.07,2.01,29.39,613.20,-35.3718952,149.1812820
161.082,-35.12,2.09,29.39,613.20,-35.3718952,149.1812820
161.122,-35.15,2.14,29.36,613.14,-35.3718736,149.1813001
161.186,-35.21,2.20,29.36,613.14,-35.3718736,149.1813001
161.226,-35.25,2.26,29.31,613.09,-35.3718516,149.1813176
161.282,-35.28,2.34,29.31,613.09,-35.3718516,149.1813176
161.322,-35.30,2.39,29.24,613.05,-35.3718293,149.1813342
161.386,-35.33,2.47,29.24,613.05,-35.3718293,149.1813342
161.426,-35.35,2.52,29.21,613.01,-35.3718066,149.1813500
161.482,-35.35,2.60,29.21,613.01,-35.3718066,149.1813500
161.522,-35.34,2.66,29.17,612.97,-35.3717837,149.1813650
161.586,-35.35,2.73,29.17,612.97,-35.3717837,149.1813650
161.626,-35.36,2.78,29.11,612.94,-35.3717604,149.1813791
161.682,-35.32,2.86,29.11,612.94,-35.3717604,149.1813791
161.722,-35.28,2.91,29.07,612.92,-35.3717368,149.1813924
161.786,-35.30,2.99,29.07,612.92,-35.3717368,149.1813924
161.826,-35.28,3.05,29.01,612.91,-35.3717129,149.1814047
161.882,-35.19,3.12,29.01,612.91,-35.3717129,149.1814047
161.922,-35.16,3.18,28.96,612.90,-35.3716888,149.1814162
161.986,-35.16,3.26,28.96,612.90,-35.3716888,149.1814162
162.026,-35.11,3.31,28.90,612.89,-35.3716645,149.1814268
162.082,-35.01,3.38,28.90,612.89,-35.3716645,149.1814268
162.122,-34.99,3.44,28.86,612.90,-35.3716400,149.1814365
162.186,-34.85,3.52,28.86,612.90,-35.3716400,149.1814365
162.226,-34.79,3.56,28.82,612.91,-35.3716152,149.1814453
162.282,-34.90,3.63,28.82,612.91,-35.3716152,149.1814453
162.322,-34.72,3.69,28.80,612.93,-35.3715903,149.1814531
162.386,-34.14,3.80,28.80,612.93,-35.3715903,149.1814531
162.426,-34.41,3.82,28.76,612.95,-35.3715653,149.1814600
162.482,-34.97,3.85,28.76,612.95,-35.3715653,149.1814600
162.522,-33.94,3.99,28.72,612.99,-35.3715401,149.1814659
162.586,-32.92,4.10,28.72,612.99,-35.3715401,149.1814659
162.626,-34.64,4.01,28.70,613.02,-35.3715148,149.1814708
162.682,-34.95,4.09,28.70,613.02,-35.3715148,149.1814708
162.722,-32.58,4.31,28.67,613.07,-35.3714895,149.1814750
162.786,-32.72,4.35,28.67,613.07,-35.3714895,149.1814750
162.826,-34.21,4.31,28.61,613.11,-35.3714640,149.1814779
162.882,-33.38,4.43,28.61,613.11,-35.3714640,149.1814779
162.922,-32.49,4.52,28.57,613.17,-35.3714385,149.1814801
162.986,-32.85,4.56,28.57,613.17,-35.3714385,149.1814801
163.026,-33.01,4.60,28.56,613.22,-35.3714130,149.1814812
163.082,-32.59,4.70,28.56,613.22,-35.3714130,149.1814812
163.122,-32.45,4.75,28.56,613.29,-35.3713875,149.1814814
163.186,-32.39,4.80,28.56,613.29,-35.3713875,149.1814814
163.226,-32.29,4.86,28.52,613.36,-35.3713620,149.1814807
163.282,-32.10,4.96,28.52,613.36,-35.3713620,149.1814807
163.322,-31.99,5.00,28.51,613.43,-35.3713366,149.1814791
163.386,-31.80,5.05,28.51,613.43,-35.3713366,149.1814791
163.426,-31.67,5.11,28.51,613.52,-35.3713112,149.1814765
163.482,-31.48,5.20,28.51,613.52,-35.3713112,149.1814765
163.522,-31.34,5.23,28.47,613.61,-35.3712859,149.1814731
163.586,-31.13,5.28,28.47,613.61,-35.3712859,149.1814731
163.626,-30.98,5.34,28.47,613.71,-35.3712607,149.1814688
163.682,-30.76,5.40,28.47,613.71,-35.3712607,149.1814688
163.722,-30.61,5.43,28.45,613.81,-35.3712357,149.1814635
163.786,-30.37,5.50,28.45,613.81,-35.3712357,149.1814635
163.826,-30.21,5.54,28.44,613.92,-35.3712107,149.1814574
163.882,-29.96,5.59,28.44,613.92,-35.3712107,149.1814574
163.922,-29.78,5.62,28.43,614.04,-35.3711860,149.1814503
163.986,-29.54,5.69,28.43,614.04,-35.3711860,149.1814503
164.026,-29.35,5.73,28.42,614.16,-35.3711614,149.1814424
164.082,-29.07,5.76,28.42,614.16,-35.3711614,149.1814424
164.122,-28.89,5.80,28.42,614.29,-35.3711370,149.1814337
164.186,-28.62,5.85,28.42,614.29,-35.3711370,149.1814337
164.226,-28.41,5.89,28.42,614.42,-35.3711129,149.1814240
164.282,-28.14,5.92,28.42,614.42,-35.3711129,149.1814240
164.322,-27.97,5.94,28.42,614.56,-35.3710889,149.1814136
164.386,-27.64,6.00,28.42,614.56,-35.3710889,149.1814136
164.426,-27.46,6.03,28.45,614.70,-35.3710652,149.1814023
164.482,-27.30,6.05,28.45,614.70,-35.3710652,149.1814023
164.522,-27.05,6.09,28.45,614.84,-35.3710418,149.1813902
164.586,-26.60,6.14,28.45,614.84,-35.3710418,149.1813902
164.626,-26.60,6.14,28.45,614.99,-35.3710186,149.1813773
164.682,-26.51,6.15,28.45,614.99,-35.3710186,149.1813773
164.722,-25.93,6.20,28.44,615.15,-35.3709957,149.1813638
164.786,-25.56,6.22,28.44,615.15,-35.3709957,149.1813638
164.826,-26.07,6.19,28.45,615.31,-35.3709731,149.1813494
164.882,-25.56,6.24,28.45,615.31,-35.3709731,149.1813494
164.922,-24.30,6.30,28.49,615.47,-35.3709507,149.1813343
164.986,-24.90,6.25,28.49,615.47,-35.3709507,149.1813343
165.026,-26.12,6.22,28.52,615.63,-35.3709287,149.1813185
165.082,-23.92,6.36,28.52,615.63,-35.3709287,149.1813185
165.122,-22.76,6.36,28.52,615.80,-35.3709070,149.1813020
165.186,-24.26,6.26,28.52,615.80,-35.3709070,149.1813020
165.226,-24.31,6.30,28.57,615.96,-35.3708856,149.1812848
165.282,-23.18,6.37,28.57,615.96,-35.3708856,149.1812848
165.322,-23.18,6.33,28.59,616.12,-35.3708645,149.1812670
165.386,-23.30,6.28,28.59,616.12,-35.3708645,149.1812670
165.426,-23.06,6.31,28.64,616.29,-35.3708437,149.1812485
165.482,-22.90,6.35,28.64,616.29,-35.3708437,149.1812485
165.522,-22.84,6.30,28.67,616.46,-35.3708233,149.1812295
165.586,-22.70,6.25,28.67,616.46,-35.3708233,149.1812295
165.626,-22.61,6.28,28.67,616.63,-35.3708032,149.1812099
165.682,-22.50,6.28,28.67,616.63,-35.3708032,149.1812099
165.722,-22.41,6.23,28.72,616.80,-35.3707834,149.1811898
165.786,-22.29,6.22,28.72,616.80,-35.3707834,149.1811898
165.826,-22.22,6.22,28.74,616.98,-35.3707639,149.1811691
165.882,-22.11,6.17,28.74,616.98,-35.3707639,149.1811691
165.922,-22.03,6.14,28.75,617.16,-35.3707448,149.1811479
165.986,-21.94,6.14,28.75,617.16,-35.3707448,149.1811479
166.026,-21.87,6.11,28.78,617.33,-35.3707260,149.1811262
166.082,-21.78,6.05,28.78,617.33,-35.3707260,149.1811262
166.122,-21.73,6.02,28.84,617.51,-35.3707075,149.1811041
166.186,-21.65,6.00,28.84,617.51,-35.3707075,149.1811041
166.226,-21.58,5.96,28.86,617.68,-35.3706894,149.1810814
166.282,-21.53,5.91,28.86,617.68,-35.3706894,149.1810814
166.322,-21.49,5.88,28.90,617.86,-35.3706717,149.1810582
166.386,-21.41,5.83,28.90,617.86,-35.3706717,149.1810582
166.426,-21.38,5.78,28.93,618.02,-35.3706543,149.1810346
166.482,-21.35,5.72,28.93,618.02,-35.3706543,149.1810346
166.522,-21.31,5.69,28.96,618.19,-35.3706373,149.1810105
166.586,-21.28,5.62,28.96,618.19,-35.3706373,149.1810105
166.626,-21.30,5.57,29.02,618.35,-35.3706206,149.1809860
166.682,-21.28,5.52,29.02,618.35,-35.3706206,149.1809860
166.722,-21.25,5.48,29.06,618.50,-35.3706043,149.1809611
166.786,-21.35,5.38,29.06,618.50,-35.3706043,149.1809611
166.826,-21.39,5.35,29.10,618.65,-35.3705884,149.1809358
166.882,-21.26,5.29,29.10,618.65,-35.3705884,149.1809358
166.922,-21.31,5.22,29.14,618.80,-35.3705728,149.1809101
166.986,-21.62,5.14,29.14,618.80,-35.3705728,149.1809101
167.026,-21.54,5.10,29.17,618.94,-35.3705576,149.1808840
167.082,-21.28,5.04,29.17,618.94,-35.3705576,149.1808840
167.122,-21.67,4.97,29.22,619.08,-35.3705428,149.1808575
167.186,-22.06,4.88,29.22,619.08,-35.3705428,149.1808575
167.226,-21.47,4.86,29.26,619.21,-35.3705284,149.1808306
167.282,-21.52,4.77,29.26,619.21,-35.3705284,149.1808306
167.322,-22.60,4.68,29.28,619.33,-35.3705143,149.1808034
167.386,-22.26,4.62,29.28,619.33,-35.3705143,149.1808034
167.426,-21.02,4.62,29.29,619.45,-35.3705006,149.1807759
167.482,-22.44,4.49,29.29,619.45,-35.3705006,149.1807759
167.522,-23.91,4.38,29.34,619.56,-35.3704873,149.1807481
167.586,-21.66,4.40,29.34,619.56,-35.3704873,149.1807481
167.626,-20.75,4.38,29.38,619.67,-35.3704744,149.1807199
167.682,-23.09,4.19,29.38,619.67,-35.3704744,149.1807199
167.722,-23.30,4.14,29.39,619.78,-35.3704619,149.1806914
167.786,-22.54,4.15,29.39,619.78,-35.3704619,149.1806914
167.826,-22.80,4.08,29.41,619.88,-35.3704498,149.1806626
167.882,-23.09,3.95,29.41,619.88,-35.3704498,149.1806626
167.922,-23.11,3.93,29.45,619.98,-35.3704380,149.1806336
167.986,-23.35,3.89,29.45,619.98,-35.3704380,149.1806336
168.026,-23.44,3.80,29.48,620.06,-35.3704267,149.1806042
168.082,-23.57,3.70,29.48,620.06,-35.3704267,149.1806042
168.122,-23.72,3.69,29.53,620.14,-35.3704159,149.1805746
168.186,-23.92,3.61,29.53,620.14,-35.3704159,149.1805746
168.226,-24.03,3.53,29.54,620.21,-35.3704055,149.1805447
168.282,-24.21,3.46,29.54,620.21,-35.3704055,149.1805447
168.322,-24.35,3.43,29.58,620.27,-35.3703955,149.1805146
168.386,-24.55,3.32,29.58,620.27,-35.3703955,149.1805146
168.426,-24.68,3.26,29.61,620.31,-35.3703860,149.1804841
168.482,-24.90,3.21,29.61,620.31,-35.3703860,149.1804841
168.522,-25.04,3.15,29.64,620.35,-35.3703769,149.1804535
168.586,-25.26,3.07,29.64,620.35,-35.3703769,149.1804535
168.626,-25.41,3.03,29.65,620.39,-35.3703682,149.1804226
168.682,-25.64,2.97,29.65,620.39,-35.3703682,149.1804226
168.722,-25.79,2.92,29.68,620.42,-35.3703601,149.1803916
168.786,-26.02,2.84,29.68,620.42,-35.3703601,149.1803916
168.826,-26.19,2.80,29.69,620.44,-35.3703523,149.1803603
168.882,-26.41,2.74,29.69,620.44,-35.3703523,149.1803603
168.922,-26.57,2.69,29.71,620.46,-35.3703451,149.1803289
168.986,-26.82,2.64,29.71,620.46,-35.3703451,149.1803289
169.026,-26.98,2.60,29.70,620.47,-35.3703383,149.1802972
169.082,-27.21,2.54,29.70,620.47,-35.3703383,149.1802972
169.122,-27.37,2.49,29.71,620.48,-35.3703321,149.1802654
169.186,-27.64,2.43,29.71,620.48,-35.3703321,149.1802654
169.226,-27.78,2.41,29.73,620.48,-35.3703263,149.1802335
169.282,-27.99,2.35,29.73,620.48,-35.3703263,149.1802335
169.322,-28.18,2.31,29.73,620.47,-35.3703210,149.1802014
169.386,-28.41,2.26,29.73,620.47,-35.3703210,149.1802014
169.426,-28.51,2.24,29.72,620.46,-35.3703163,149.1801692
169.482,-28.76,2.18,29.72,620.46,-35.3703163,149.1801692
169.522,-28.97,2.15,29.74,620.45,-35.3703120,149.1801369
169.586,-29.09,2.11,29.74,620.45,-35.3703120,149.1801369
169.626,-29.16,2.08,29.75,620.42,-35.3703083,149.1801045
169.682,-29.55,2.03,29.75,620.42,-35.3703083,149.1801045
169.722,-29.69,2.01,29.76,620.40,-35.3703052,149.1800720
169.786,-29.61,1.98,29.76,620.40,-35.3703052,149.1800720
169.826,-29.84,1.95,29.75,620.37,-35.3703026,149.1800395
169.882,-30.35,1.90,29.75,620.37,-35.3703026,149.1800395
169.922,-30.18,1.90,29.73,620.34,-35.3703005,149.1800069
169.986,-30.09,1.87,29.73,620.34,-35.3703005,149.1800069
170.026,-30.72,1.83,29.71,620.30,-35.3702991,149.1799743
170.082,-30.89,1.83,29.71,620.30,-35.3702991,149.1799743
170.122,-30.26,1.85,29.69,620.26,-35.3702982,149.1799416
170.186,-30.94,1.79,29.69,620.26,-35.3702982,149.1799416
170.226,-31.87,1.74,29.68,620.21,-35.3702979,149.1799089
170.282,-30.72,1.81,29.68,620.21,-35.3702979,149.1799089
170.322,-30.26,1.81,29.66,620.17,-35.3702982,149.1798763
170.386,-32.61,1.67,29.66,620.17,-35.3702982,149.1798763
170.426,-32.44,1.71,29.67,620.12,-35.3702991,149.1798437
170.482,-29.76,1.84,29.67,620.12,-35.3702991,149.1798437
170.522,-31.14,1.73,29.66,620.06,-35.3703008,149.1798112
170.586,-32.95,1.64,29.66,620.06,-35.3703008,149.1798112
170.626,-31.79,1.74,29.64,620.01,-35.3703029,149.1797787
170.682,-31.80,1.79,29.64,620.01,-35.3703029,149.1797787
170.722,-32.46,1.74,29.61,619.96,-35.3703057,149.1797463
170.786,-32.21,1.72,29.61,619.96,-35.3703057,149.1797463
170.826,-32.14,1.75,29.61,619.91,-35.3703091,149.1797140
170.882,-32.44,1.78,29.61,619.91,-35.3703091,149.1797140
170.922,-32.46,1.74,29.59,619.86,-35.3703131,149.1796819
170.986,-32.45,1.75,29.59,619.86,-35.3703131,149.1796819
171.026,-32.51,1.78,29.56,619.81,-35.3703177,149.1796499
171.082,-32.56,1.78,29.56,619.81,-35.3703177,149.1796499
171.122,-32.59,1.75,29.55,619.76,-35.3703230,149.1796181
171.186,-32.66,1.78,29.55,619.76,-35.3703230,149.1796181
171.226,-32.68,1.80,29.53,619.71,-35.3703289,149.1795865
171.282,-32.75,1.81,29.53,619.71,-35.3703289,149.1795865
171.322,-32.78,1.81,29.51,619.66,-35.3703354,149.1795551
171.386,-32.82,1.84,29.51,619.66,-35.3703354,149.1795551
171.426,-32.84,1.85,29.50,619.61,-35.3703426,149.1795240
171.482,-32.89,1.88,29.50,619.61,-35.3703426,149.1795240
171.522,-32.90,1.90,29.45,619.56,-35.3703504,149.1794931
171.586,-32.93,1.92,29.45,619.56,-35.3703504,149.1794931
171.626,-32.94,1.93,29.41,619.51,-35.3703589,149.1794625
171.682,-32.97,1.97,29.41,619.51,-35.3703589,149.1794625
171.722,-32.98,2.00,29.37,619.47,-35.3703680,149.1794322
171.786,-32.97,2.02,29.37,619.47,-35.3703680,149.1794322
171.826,-32.97,2.05,29.35,619.42,-35.3703777,149.1794023
171.882,-32.99,2.08,29.35,619.42,-35.3703777,149.1794023
171.922,-32.97,2.10,29.31,619.38,-35.3703880,149.1793727
171.986,-32.95,2.13,29.31,619.38,-35.3703880,149.1793727
172.026,-32.95,2.15,29.29,619.34,-35.3703990,149.1793434
172.082,-32.93,2.19,29.29,619.34,-35.3703990,149.1793434
172.122,-32.88,2.21,29.28,619.30,-35.3704105,149.1793146
172.186,-32.87,2.24,29.28,619.30,-35.3704105,149.1793146
172.226,-32.88,2.27,29.28,619.26,-35.3704227,149.1792861
172.282,-32.79,2.32,29.28,619.26,-35.3704227,149.1792861
172.322,-32.72,2.34,29.24,619.23,-35.3704355,149.1792581
172.386,-32.76,2.38,29.24,619.23,-35.3704355,149.1792581
172.426,-32.73,2.42,29.21,619.19,-35.3704489,149.1792306
172.482,-32.54,2.47,29.21,619.19,-35.3704489,149.1792306
172.522,-32.56,2.50,29.19,619.17,-35.3704629,149.1792035
172.586,-32.63,2.53,29.19,619.17,-35.3704629,149.1792035
172.626,-32.44,2.57,29.18,619.14,-35.3704774,149.1791769
172.682,-32.32,2.63,29.18,619.14,-35.3704774,149.1791769
172.722,-32.49,2.64,29.15,619.12,-35.3704925,149.1791509
172.786,-32.34,2.69,29.15,619.12,-35.3704925,149.1791509
172.826,-32.01,2.74,29.14,619.10,-35.3705082,149.1791253
172.882,-32.27,2.77,29.14,619.10,-35.3705082,149.1791253
172.922,-32.47,2.79,29.12,619.09,-35.3705245,149.1791004
172.986,-31.72,2.89,29.12,619.09,-35.3705245,149.1791004
173.026,-31.60,2.92,29.10,619.08,-35.3705412,149.1790760
173.082,-32.51,2.90,29.10,619.08,-35.3705412,149.1790760
173.122,-32.12,2.96,29.05,619.07,-35.3705585,149.1790521
173.186,-30.88,3.09,29.05,619.07,-35.3705585,149.1790521
173.226,-31.80,3.05,29.04,619.07,-35.3705764,149.1790290
173.282,-32.54,3.06,29.04,619.07,-35.3705764,149.1790290
173.322,-30.62,3.24,29.03,619.08,-35.3705946,149.1790063
173.386,-30.72,3.24,29.03,619.08,-35.3705946,149.1790063
173.426,-33.23,3.11,29.03,619.07,-35.3706135,149.1789845
173.482,-30.75,3.39,29.03,619.07,-35.3706135,149.1789845
173.522,-27.88,3.57,29.01,619.09,-35.3706327,149.1789632
173.586,-33.18,3.26,29.01,619.09,-35.3706327,149.1789632
173.626,-34.45,3.29,28.98,619.10,-35.3706526,149.1789427
173.682,-29.70,3.75,28.98,619.10,-35.3706526,149.1789427
173.722,-30.26,3.76,28.95,619.12,-35.3706729,149.1789229
173.786,-32.33,3.60,28.95,619.12,-35.3706729,149.1789229
173.826,-31.24,3.65,28.95,619.13,-35.3706936,149.1789038
173.882,-30.59,3.82,28.95,619.13,-35.3706936,149.1789038
173.922,-31.03,3.81,28.93,619.14,-35.3707148,149.1788855
173.986,-30.83,3.75,28.93,619.14,-35.3707148,149.1788855
174.026,-30.54,3.82,28.90,619.17,-35.3707364,149.1788678
174.082,-30.51,3.90,28.90,619.17,-35.3707364,149.1788678
174.122,-30.44,3.87,28.91,619.19,-35.3707583,149.1788508
174.186,-30.22,3.89,28.91,619.19,-35.3707583,149.1788508
174.226,-30.11,3.96,28.92,619.23,-35.3707805,149.1788345
174.282,-29.95,3.98,28.92,619.23,-35.3707805,149.1788345
174.322,-29.82,3.98,28.91,619.27,-35.3708031,149.1788190
174.386,-29.65,4.04,28.91,619.27,-35.3708031,149.1788190
174.426,-29.52,4.08,28.89,619.32,-35.3708259,149.1788042
174.482,-29.32,4.09,28.89,619.32,-35.3708259,149.1788042
174.522,-29.18,4.11,28.90,619.37,-35.3708491,149.1787901
174.586,-28.98,4.17,28.90,619.37,-35.3708491,149.1787901
174.626,-28.85,4.19,28.91,619.43,-35.3708726,149.1787768
174.682,-28.64,4.21,28.91,619.43,-35.3708726,149.1787768
174.722,-28.50,4.23,28.89,619.49,-35.3708963,149.1787642
174.786,-28.32,4.27,28.89,619.49,-35.3708963,149.1787642
174.826,-28.19,4.28,28.86,619.55,-35.3709204,149.1787524
174.882,-27.99,4.32,28.86,619.55,-35.3709204,149.1787524
174.922,-27.86,4.35,28.87,619.62,-35.3709446,149.1787414
174.986,-27.67,4.38,28.87,619.62,-35.3709446,149.1787414
175.026,-27.54,4.41,28.86,619.69,-35.3709691,149.1787311
175.082,-27.36,4.44,28.86,619.69,-35.3709691,149.1787311
175.122,-27.24,4.46,28.89,619.76,-35.3709937,149.1787216
175.186,-27.05,4.50,28.89,619.76,-35.3709937,149.1787216
175.226,-26.93,4.52,28.89,619.83,-35.3710186,149.1787129
175.282,-26.76,4.54,28.89,619.83,-35.3710186,149.1787129
175.322,-26.63,4.56,28.91,619.91,-35.3710436,149.1787049
175.386,-26.44,4.59,28.91,619.91,-35.3710436,149.1787049
175.426,-26.35,4.60,28.90,619.99,-35.3710689,149.1786977
175.482,-26.20,4.64,28.90,619.99,-35.3710689,149.1786977
175.522,-26.05,4.65,28.92,620.08,-35.3710942,149.1786912
175.586,-25.88,4.66,28.92,620.08,-35.3710942,149.1786912
175.626,-25.85,4.67,28.94,620.17,-35.3711197,149.1786855
175.682,-25.70,4.70,28.94,620.17,-35.3711197,149.1786855
175.722,-25.49,4.72,28.95,620.25,-35.3711453,149.1786806
175.786,-25.37,4.74,28.95,620.25,-35.3711453,149.1786806
175.826,-25.43,4.73,28.97,620.34,-35.3711709,149.1786764
175.882,-25.23,4.76,28.97,620.34,-35.3711709,149.1786764
175.922,-24.93,4.78,28.97,620.44,-35.3711967,149.1786730
175.986,-24.92,4.78,28.97,620.44,-35.3711967,149.1786730
176.026,-25.13,4.78,28.98,620.53,-35.3712226,149.1786703
176.082,-24.83,4.80,28.98,620.53,-35.3712226,149.1786703
176.122,-24.35,4.82,28.98,620.62,-35.3712485,149.1786683
176.186,-24.46,4.81,28.98,620.62,-35.3712485,149.1786683
176.226,-24.94,4.80,29.00,620.72,-35.3712744,149.1786671
176.282,-24.58,4.81,29.00,620.72,-35.3712744,149.1786671
176.322,-23.66,4.83,29.00,620.82,-35.3713004,149.1786666
176.386,-23.92,4.80,29.00,620.82,-35.3713004,149.1786666
176.426,-24.50,4.79,29.03,620.91,-35.3713264,149.1786668
176.482,-24.15,4.81,29.03,620.91,-35.3713264,149.1786668
176.522,-23.72,4.79,29.06,621.01,-35.3713524,149.1786677
176.586,-23.81,4.76,29.06,621.01,-35.3713524,149.1786677
176.626,-23.93,4.77,29.06,621.10,-35.3713784,149.1786692
176.682,-23.79,4.77,29.06,621.10,-35.3713784,149.1786692
176.722,-23.71,4.74,29.09,621.19,-35.3714044,149.1786716
176.786,-23.72,4.72,29.09,621.19,-35.3714044,149.1786716
176.826,-23.72,4.72,29.10,621.28,-35.3714304,149.1786746
176.882,-23.68,4.69,29.10,621.28,-35.3714304,149.1786746
176.922,-23.65,4.66,29.14,621.37,-35.3714563,149.1786782
176.986,-23.63,4.64,29.14,621.37,-35.3714563,149.1786782
177.026,-23.62,4.63,29.17,621.47,-35.3714822,149.1786826
177.082,-23.59,4.59,29.17,621.47,-35.3714822,149.1786826
177.122,-23.58,4.57,29.19,621.56,-35.3715080,149.1786875
177.186,-23.57,4.55,29.19,621.56,-35.3715080,149.1786875
177.226,-23.56,4.53,29.21,621.65,-35.3715338,149.1786931
177.282,-23.55,4.49,29.21,621.65,-35.3715338,149.1786931
177.322,-23.54,4.47,29.24,621.74,-35.3715595,149.1786994
177.386,-23.57,4.43,29.24,621.74,-35.3715595,149.1786994
177.426,-23.57,4.41,29.26,621.83,-35.3715851,149.1787063
177.482,-23.57,4.36,29.26,621.83,-35.3715851,149.1787063
177.522,-23.59,4.34,29.25,621.91,-35.3716106,149.1787138
177.586,-23.64,4.29,29.25,621.91,-35.3716106,149.1787138
177.626,-23.66,4.26,29.29,621.99,-35.3716360,149.1787220
177.682,-23.68,4.23,29.29,621.99,-35.3716360,149.1787220
177.722,-23.73,4.20,29.33,622.07,-35.3716613,149.1787307
177.786,-23.79,4.15,29.33,622.07,-35.3716613,149.1787307
177.826,-23.81,4.13,29.35,622.15,-35.3716864,149.1787401
177.882,-23.89,4.08,29.35,622.15,-35.3716864,149.1787401
177.922,-23.94,4.04,29.34,622.22,-35.3717114,149.1787501
177.986,-24.00,4.01,29.34,622.22,-35.3717114,149.1787501
178.026,-24.04,3.98,29.35,622.29,-35.3717363,149.1787607
178.082,-24.14,3.93,29.35,622.29,-35.3717363,149.1787607
178.122,-24.20,3.89,29.36,622.35,-35.3717611,149.1787719
178.186,-24.27,3.84,29.36,622.35,-35.3717611,149.1787719
178.226,-24.34,3.81,29.40,622.42,-35.3717856,149.1787836
178.282,-24.45,3.76,29.40,622.42,-35.3717856,149.1787836
178.322,-24.52,3.72,29.43,622.47,-35.3718100,149.1787960
178.386,-24.61,3.68,29.43,622.47,-35.3718100,149.1787960
178.426,-24.69,3.65,29.45,622.53,-35.3718342,149.1788090
178.482,-24.81,3.59,29.45,622.53,-35.3718342,149.1788090
178.522,-24.88,3.56,29.48,622.58,-35.3718582,149.1788225
178.586,-25.02,3.51,29.48,622.58,-35.3718582,149.1788225
178.626,-25.12,3.47,29.49,622.62,-35.3718820,149.1788367
178.682,-25.21,3.42,29.49,622.62,-35.3718820,149.1788367
178.722,-25.29,3.39,29.49,622.66,-35.3719056,149.1788514
178.786,-25.50,3.34,29.49,622.66,-35.3719056,149.1788514
178.826,-25.59,3.30,29.51,622.69,-35.3719290,149.1788666
178.882,-25.62,3.25,29.51,622.69,-35.3719290,149.1788666
178.922,-25.75,3.21,29.53,622.73,-35.3719521,149.1788825
178.986,-26.05,3.16,29.53,622.73,-35.3719521,149.1788825
179.026,-26.05,3.13,29.52,622.75,-35.3719750,149.1788989
179.082,-26.04,3.09,29.52,622.75,-35.3719750,149.1788989
179.122,-26.32,3.05,29.56,622.77,-35.3719977,149.1789158
179.186,-26.57,3.00,29.56,622.77,-35.3719977,149.1789158
179.226,-26.43,2.98,29.58,622.79,-35.3720200,149.1789333
179.282,-26.57,2.93,29.58,622.79,-35.3720200,149.1789333
179.322,-26.94,2.87,29.59,622.80,-35.3720421,149.1789514
179.386,-26.96,2.82,29.59,622.80,-35.3720421,149.1789514
179.426,-26.90,2.81,29.60,622.81,-35.3720639,149.1789700
179.482,-27.20,2.76,29.60,622.81,-35.3720639,149.1789700
179.522,-27.41,2.70,29.63,622.82,-35.3720854,149.1789891
179.586,-27.49,2.67,29.63,622.82,-35.3720854,149.1789891
179.626,-27.55,2.68,29.61,622.82,-35.3721065,149.1790088
179.682,-27.67,2.62,29.61,622.82,-35.3721065,149.1790088
179.722,-27.79,2.57,29.61,622.82,-35.3721274,149.1790290
179.786,-27.99,2.56,29.61,622.82,-35.3721274,149.1790290
179.826,-28.04,2.55,29.60,622.82,-35.3721479,149.1790497
179.882,-28.11,2.49,29.60,622.82,-35.3721479,149.1790497
179.922,-28.23,2.46,29.63,622.81,-35.3721680,149.1790710
179.986,-28.38,2.44,29.63,622.81,-35.3721680,149.1790710
180.026,-28.44,2.41,29.65,622.80,-35.3721878,149.1790928
180.082,-28.54,2.37,29.65,622.80,-35.3721878,149.1790928
180.122,-28.61,2.35,29.63,622.78,-35.3722072,149.1791151
180.186,-28.72,2.32,29.63,622.78,-35.3722072,149.1791151
180.226,-28.79,2.29,29.62,622.76,-35.3722262,149.1791379
180.282,-28.91,2.26,29.62,622.76,-35.3722262,149.1791379
180.322,-28.98,2.25,29.62,622.74,-35.3722448,149.1791612
180.386,-29.09,2.21,29.62,622.74,-35.3722448,149.1791612
180.426,-29.17,2.19,29.62,622.71,-35.3722629,149.1791849
180.482,-29.28,2.17,29.62,622.71,-35.3722629,149.1791849
180.522,-29.36,2.16,29.62,622.68,-35.3722807,149.1792092
180.586,-29.48,2.14,29.62,622.68,-35.3722807,149.1792092
180.626,-29.55,2.12,29.61,622.65,-35.3722980,149.1792339
180.682,-29.65,2.11,29.61,622.65,-35.3722980,149.1792339
180.722,-29.72,2.10,29.62,622.62,-35.3723148,149.1792591
180.786,-29.83,2.08,29.62,622.62,-35.3723148,149.1792591
180.826,-29.90,2.08,29.62,622.58,-35.3723312,149.1792847
180.882,-30.00,2.06,29.62,622.58,-35.3723312,149.1792847
180.922,-30.08,2.05,29.60,622.54,-35.3723471,149.1793107
180.986,-30.18,2.05,29.60,622.54,-35.3723471,149.1793107
181.026,-30.23,2.04,29.58,622.50,-35.3723625,149.1793372
181.082,-30.34,2.04,29.58,622.50,-35.3723625,149.1793372
181.122,-30.42,2.02,29.59,622.46,-35.3723774,149.1793641
181.186,-30.48,2.02,29.59,622.46,-35.3723774,149.1793641
181.226,-30.52,2.02,29.56,622.42,-35.3723918,149.1793914
181.282,-30.65,2.01,29.56,622.42,-35.3723918,149.1793914
181.322,-30.70,2.01,29.56,622.38,-35.3724057,149.1794190
181.386,-30.73,2.00,29.56,622.38,-35.3724057,149.1794190
181.426,-30.80,2.01,29.56,622.34,-35.3724190,149.1794471
181.482,-30.91,2.01,29.56,622.34,-35.3724190,149.1794471
181.522,-30.92,2.01,29.54,622.29,-35.3724318,149.1794755
181.586,-30.99,2.02,29.54,622.29,-35.3724318,149.1794755
181.626,-31.07,2.02,29.53,622.25,-35.3724440,149.1795043
181.682,-31.11,2.03,29.53,622.25,-35.3724440,149.1795043
181.722,-31.11,2.03,29.50,622.21,-35.3724556,149.1795334
181.786,-31.22,2.04,29.50,622.21,-35.3724556,149.1795334
181.826,-31.27,2.04,29.49,622.17,-35.3724667,149.1795629
181.882,-31.23,2.06,29.49,622.17,-35.3724667,149.1795629
181.922,-31.27,2.07,29.49,622.13,-35.3724772,149.1795926
181.986,-31.41,2.07,29.49,622.13,-35.3724772,149.1795926
182.026,-31.36,2.08,29.45,622.09,-35.3724870,149.1796226
182.082,-31.31,2.10,29.45,622.09,-35.3724870,149.1796226
182.122,-31.45,2.12,29.45,622.05,-35.3724963,149.1796529
182.186,-31.52,2.13,29.45,622.05,-35.3724963,149.1796529
182.226,-31.34,2.14,29.42,622.01,-35.3725049,149.1796834
182.282,-31.46,2.16,29.42,622.01,-35.3725049,149.1796834
182.322,-31.69,2.17,29.39,621.97,-35.3725129,149.1797142
182.386,-31.41,2.20,29.39,621.97,-35.3725129,149.1797142
182.426,-31.23,2.22,29.37,621.94,-35.3725202,149.1797452
182.482,-31.77,2.22,29.37,621.94,-35.3725202,149.1797452
182.522,-31.80,2.23,29.34,621.91,-35.3725270,149.1797764
182.586,-31.02,2.30,29.34,621.91,-35.3725270,149.1797764
182.626,-31.29,2.29,29.33,621.87,-35.3725330,149.1798078
182.682,-32.11,2.28,29.33,621.87,-35.3725330,149.1798078
182.722,-31.33,2.35,29.33,621.85,-35.3725385,149.1798393
182.786,-30.78,2.38,29.33,621.85,-35.3725385,149.1798393
182.826,-32.12,2.32,29.29,621.81,-35.3725431,149.1798710
182.882,-31.72,2.41,29.29,621.81,-35.3725431,149.1798710
182.922,-29.92,2.52,29.28,621.79,-35.3725473,149.1799028
182.986,-31.99,2.40,29.28,621.79,-35.3725473,149.1799028
183.026,-33.64,2.36,29.28,621.76,-35.3725505,149.1799347
183.082,-29.08,2.68,29.28,621.76,-35.3725505,149.1799347
183.122,-28.47,2.71,29.26,621.74,-35.3725532,149.1799667
183.186,-32.66,2.44,29.26,621.74,-35.3725532,149.1799667
183.226,-31.72,2.53,29.26,621.70,-35.3725550,149.1799988
183.282,-29.79,2.74,29.26,621.70,-35.3725550,149.1799988
183.322,-30.85,2.74,29.26,621.67,-35.3725561,149.1800309
183.386,-31.23,2.67,29.26,621.67,-35.3725561,149.1800309
183.426,-30.72,2.72,29.22,621.65,-35.3725566,149.1800631
183.482,-30.82,2.85,29.22,621.65,-35.3725566,149.1800631
183.522,-30.95,2.84,29.21,621.62,-35.3725564,149.1800952
183.586,-30.83,2.81,29.21,621.62,-35.3725564,149.1800952
183.626,-30.79,2.89,29.19,621.61,-35.3725557,149.1801273
183.682,-30.80,2.95,29.19,621.61,-35.3725557,149.1801273
183.722,-30.77,2.93,29.18,621.60,-35.3725542,149.1801593
183.786,-30.71,2.99,29.18,621.60,-35.3725542,149.1801593
183.826,-30.68,3.04,29.17,621.61,-35.3725521,149.1801913
183.882,-30.62,3.05,29.17,621.61,-35.3725521,149.1801913
183.922,-30.57,3.06,29.16,621.61,-35.3725494,149.1802231
183.986,-30.51,3.12,29.16,621.61,-35.3725494,149.1802231
184.026,-30.46,3.14,29.14,621.62,-35.3725460,149.1802548
184.082,-30.37,3.15,29.14,621.62,-35.3725460,149.1802548
184.122,-30.32,3.18,29.12,621.64,-35.3725420,149.1802864
184.186,-30.26,3.22,29.12,621.64,-35.3725420,149.1802864
184.226,-30.21,3.23,29.09,621.65,-35.3725372,149.1803179
184.282,-30.12,3.27,29.09,621.65,-35.3725372,149.1803179
184.322,-30.07,3.29,29.08,621.67,-35.3725319,149.1803491
184.386,-29.98,3.31,29.08,621.67,-35.3725319,149.1803491
184.426,-29.92,3.33,29.08,621.69,-35.3725259,149.1803802
184.482,-29.84,3.36,29.08,621.69,-35.3725259,149.1803802
184.522,-29.78,3.38,29.09,621.71,-35.3725192,149.1804111
184.586,-29.66,3.40,29.09,621.71,-35.3725192,149.1804111
184.626,-29.60,3.42,29.09,621.74,-35.3725119,149.1804417
184.682,-29.51,3.45,29.09,621.74,-35.3725119,149.1804417
184.722,-29.42,3.46,29.08,621.76,-35.3725040,149.1804721
184.786,-29.31,3.47,29.08,621.76,-35.3725040,149.1804721
184.826,-29.29,3.49,29.06,621.79,-35.3724954,149.1805023
184.882,-29.16,3.52,29.06,621.79,-35.3724954,149.1805023
184.922,-29.04,3.52,29.05,621.82,-35.3724862,149.1805321
184.986,-29.03,3.54,29.05,621.82,-35.3724862,149.1805321
185.026,-29.01,3.56,29.03,621.85,-35.3724764,149.1805617
185.082,-28.72,3.59,29.03,621.85,-35.3724764,149.1805617
185.122,-28.65,3.60,29.02,621.88,-35.3724660,149.1805909
185.186,-28.81,3.60,29.02,621.88,-35.3724660,149.1805909
185.226,-28.62,3.63,29.04,621.92,-35.3724550,149.1806198
185.282,-28.19,3.68,29.04,621.92,-35.3724550,149.1806198
185.322,-28.43,3.66,29.05,621.95,-35.3724433,149.1806484
185.386,-28.56,3.68,29.05,621.95,-35.3724433,149.1806484
185.426,-27.93,3.73,29.04,621.99,-35.3724311,149.1806766
185.482,-27.86,3.73,29.04,621.99,-35.3724311,149.1806766
185.522,-28.60,3.69,29.04,622.02,-35.3724183,149.1807043
185.586,-27.91,3.75,29.04,622.02,-35.3724183,149.1807043
185.626,-26.88,3.82,29.05,622.06,-35.3724050,149.1807318
185.682,-28.26,3.74,29.05,622.06,-35.3724050,149.1807318
185.722,-28.92,3.72,29.08,622.11,-35.3723912,149.1807588
185.786,-26.24,3.90,29.08,622.11,-35.3723912,149.1807588
185.826,-26.25,3.88,29.06,622.16,-35.3723767,149.1807854
185.882,-29.51,3.72,29.06,622.16,-35.3723767,149.1807854
185.922,-28.29,3.83,29.09,622.22,-35.3723619,149.1808117
185.986,-26.14,3.98,29.09,622.22,-35.3723619,149.1808117
186.026,-27.50,3.90,29.09,622.27,-35.3723464,149.1808373
186.082,-27.66,3.84,29.09,622.27,-35.3723464,149.1808373
186.122,-26.72,3.91,29.07,622.34,-35.3723305,149.1808627
186.186,-27.12,3.96,29.07,622.34,-35.3723305,149.1808627
186.226,-27.30,3.89,29.10,622.39,-35.3723140,149.1808874
186.282,-26.77,3.87,29.10,622.39,-35.3723140,149.1808874
186.322,-26.76,3.94,29.10,622.45,-35.3722970,149.1809117
186.386,-26.91,3.92,29.10,622.45,-35.3722970,149.1809117
186.426,-26.77,3.88,29.10,622.49,-35.3722796,149.1809355
186.482,-26.64,3.91,29.10,622.49,-35.3722796,149.1809355
186.522,-26.67,3.93,29.13,622.54,-35.3722616,149.1809588
186.586,-26.60,3.89,29.13,622.54,-35.3722616,149.1809588
186.626,-26.53,3.88,29.15,622.58,-35.3722432,149.1809816
186.682,-26.48,3.92,29.15,622.58,-35.3722432,149.1809816
186.722,-26.44,3.91,29.15,622.63,-35.3722244,149.1810039
186.786,-26.35,3.87,29.15,622.63,-35.3722244,149.1810039
186.826,-26.30,3.88,29.14,622.68,-35.3722052,149.1810256
186.882,-26.22,3.88,29.14,622.68,-35.3722052,149.1810256
186.922,-26.18,3.86,29.14,622.73,-35.3721855,149.1810468
186.986,-26.11,3.84,29.14,622.73,-35.3721855,149.1810468
187.026,-26.05,3.85,29.14,622.78,-35.3721655,149.1810675
187.082,-26.01,3.83,29.14,622.78,-35.3721655,149.1810675
187.122,-25.98,3.81,29.18,622.83,-35.3721451,149.1810877
187.186,-25.89,3.81,29.18,622.83,-35.3721451,149.1810877
187.226,-25.87,3.80,29.21,622.87,-35.3721243,149.1811073
187.282,-25.86,3.78,29.21,622.87,-35.3721243,149.1811073
187.322,-25.80,3.77,29.22,622.92,-35.3721032,149.1811263
187.386,-25.73,3.76,29.22,622.92,-35.3721032,149.1811263
187.426,-25.77,3.75,29.25,622.96,-35.3720817,149.1811448
187.482,-25.69,3.74,29.25,622.96,-35.3720817,149.1811448
187.522,-25.59,3.73,29.28,623.00,-35.3720598,149.1811627
187.586,-25.67,3.71,29.28,623.00,-35.3720598,149.1811627
187.626,-25.71,3.70,29.30,623.05,-35.3720377,149.1811800
187.682,-25.46,3.70,29.30,623.05,-35.3720377,149.1811800
187.722,-25.46,3.68,29.31,623.09,-35.3720152,149.1811967
187.786,-25.75,3.65,29.31,623.09,-35.3720152,149.1811967
187.826,-25.59,3.65,29.31,623.13,-35.3719924,149.1812129
187.882,-25.21,3.65,29.31,623.13,-35.3719924,149.1812129
187.922,-25.60,3.61,29.31,623.17,-35.3719694,149.1812284
187.986,-25.90,3.59,29.31,623.17,-35.3719694,149.1812284
188.026,-25.17,3.61,29.30,623.21,-35.3719461,149.1812434
188.082,-25.23,3.58,29.30,623.21,-35.3719461,149.1812434
188.122,-26.32,3.52,29.31,623.24,-35.3719225,149.1812577
188.186,-25.61,3.56,29.31,623.24,-35.3719225,149.1812577
188.226,-24.31,3.60,29.31,623.28,-35.3718986,149.1812714
188.282,-26.22,3.47,29.31,623.28,-35.3718986,149.1812714
188.322,-27.39,3.42,29.35,623.31,-35.3718745,149.1812846
188.386,-24.15,3.56,29.35,623.31,-35.3718745,149.1812846
188.426,-23.90,3.54,29.36,623.35,-35.3718502,149.1812970
188.482,-28.29,3.33,29.36,623.35,-35.3718502,149.1812970
188.522,-27.53,3.41,29.39,623.40,-35.3718258,149.1813091
188.586,-25.50,3.54,29.39,623.40,-35.3718258,149.1813091
188.626,-26.41,3.47,29.41,623.45,-35.3718010,149.1813204
188.682,-26.65,3.37,29.41,623.45,-35.3718010,149.1813204
188.722,-26.24,3.39,29.39,623.50,-35.3717762,149.1813312
188.786,-26.44,3.42,29.39,623.50,-35.3717762,149.1813312
188.826,-26.50,3.34,29.42,623.53,-35.3717510,149.1813412
188.882,-26.36,3.26,29.42,623.53,-35.3717510,149.1813412
188.922,-26.40,3.30,29.42,623.56,-35.3717257,149.1813505
188.986,-26.47,3.28,29.42,623.56,-35.3717257,149.1813505
189.026,-26.48,3.20,29.41,623.59,-35.3717003,149.1813591
189.082,-26.52,3.17,29.41,623.59,-35.3717003,149.1813591
189.122,-26.56,3.19,29.44,623.61,-35.3716746,149.1813670
189.186,-26.61,3.13,29.44,623.61,-35.3716746,149.1813670
189.226,-26.64,3.09,29.45,623.63,-35.3716488,149.1813743
189.282,-26.68,3.10,29.45,623.63,-35.3716488,149.1813743
189.322,-26.72,3.07,29.48,623.65,-35.3716229,149.1813810
189.386,-26.79,3.01,29.48,623.65,-35.3716229,149.1813810
189.426,-26.84,3.01,29.50,623.66,-35.3715969,149.1813869
189.482,-26.90,2.99,29.50,623.66,-35.3715969,149.1813869
189.522,-26.94,2.94,29.49,623.67,-35.3715708,149.1813922
189.586,-27.01,2.91,29.49,623.67,-35.3715708,149.1813922
189.626,-27.05,2.90,29.49,623.68,-35.3715445,149.1813968
189.682,-27.12,2.88,29.49,623.68,-35.3715445,149.1813968
189.722,-27.17,2.85,29.50,623.69,-35.3715182,149.1814007
189.786,-27.23,2.82,29.50,623.69,-35.3715182,149.1814007
189.826,-27.27,2.81,29.51,623.69,-35.3714919,149.1814039
189.882,-27.33,2.78,29.51,623.69,-35.3714919,149.1814039
189.922,-27.38,2.76,29.52,623.69,-35.3714654,149.1814065
189.986,-27.45,2.73,29.52,623.69,-35.3714654,149.1814065
190.026,-27.49,2.72,29.54,623.69,-35.3714390,149.1814083
190.082,-27.57,2.69,29.54,623.69,-35.3714390,149.1814083
190.122,-27.61,2.66,29.55,623.69,-35.3714125,149.1814094
190.186,-27.68,2.65,29.55,623.69,-35.3714125,149.1814094
190.226,-27.74,2.63,29.53,623.68,-35.3713860,149.1814099
190.282,-27.81,2.61,29.53,623.68,-35.3713860,149.1814099
190.322,-27.85,2.61,29.53,623.67,-35.3713594,149.1814096
190.386,-27.94,2.59,29.53,623.67,-35.3713594,149.1814096
190.426,-28.00,2.57,29.54,623.66,-35.3713329,149.1814087
190.482,-28.06,2.55,29.54,623.66,-35.3713329,149.1814087
190.522,-28.10,2.53,29.54,623.64,-35.3713064,149.1814070
190.586,-28.18,2.53,29.54,623.64,-35.3713064,149.1814070
190.626,-28.24,2.52,29.55,623.63,-35.3712800,149.1814047
190.682,-28.29,2.49,29.55,623.63,-35.3712800,149.1814047
190.722,-28.35,2.49,29.55,623.61,-35.3712536,149.1814016
190.786,-28.44,2.48,29.55,623.61,-35.3712536,149.1814016
190.826,-28.48,2.47,29.53,623.59,-35.3712272,149.1813978
190.882,-28.54,2.46,29.53,623.59,-35.3712272,149.1813978
190.922,-28.61,2.45,29.53,623.57,-35.3712010,149.1813933
190.986,-28.69,2.44,29.53,623.57,-35.3712010,149.1813933
191.026,-28.72,2.43,29.52,623.55,-35.3711748,149.1813881
191.082,-28.82,2.43,29.52,623.55,-35.3711748,149.1813881
191.122,-28.88,2.42,29.53,623.52,-35.3711487,149.1813821
191.186,-28.90,2.42,29.53,623.52,-35.3711487,149.1813821
191.226,-28.95,2.41,29.53,623.50,-35.3711228,149.1813755
191.282,-29.12,2.41,29.53,623.50,-35.3711228,149.1813755
191.322,-29.14,2.41,29.51,623.48,-35.3710970,149.1813681
191.386,-29.10,2.41,29.51,623.48,-35.3710970,149.1813681
191.426,-29.22,2.40,29.52,623.45,-35.3710713,149.1813600
191.482,-29.39,2.39,29.52,623.45,-35.3710713,149.1813600
191.522,-29.28,2.40,29.52,623.43,-35.3710458,149.1813512
191.586,-29.30,2.42,29.52,623.43,-35.3710458,149.1813512
191.626,-29.57,2.40,29.52,623.40,-35.3710205,149.1813417
191.682,-29.55,2.42,29.52,623.40,-35.3710205,149.1813417
191.722,-29.32,2.44,29.48,623.38,-35.3709954,149.1813315
191.786,-29.68,2.43,29.48,623.38,-35.3709954,149.1813315
191.826,-29.92,2.42,29.48,623.35,-35.3709705,149.1813206
191.882,-29.40,2.45,29.48,623.35,-35.3709705,149.1813206
191.922,-29.50,2.46,29.47,623.32,-35.3709458,149.1813089
191.986,-30.28,2.44,29.47,623.32,-35.3709458,149.1813089
192.026,-29.76,2.47,29.45,623.30,-35.3709213,149.1812966
192.082,-29.30,2.47,29.45,623.30,-35.3709213,149.1812966
192.122,-29.85,2.47,29.45,623.26,-35.3708972,149.1812835
192.186,-29.81,2.48,29.45,623.26,-35.3708972,149.1812835
192.226,-29.59,2.47,29.45,623.24,-35.3708732,149.1812697
192.282,-29.90,2.50,29.45,623.24,-35.3708732,149.1812697
192.322,-29.95,2.50,29.42,623.22,-35.3708496,149.1812553
192.386,-29.83,2.50,29.42,623.22,-35.3708496,149.1812553
192.426,-29.89,2.53,29.44,623.19,-35.3708262,149.1812402
192.482,-29.97,2.55,29.44,623.19,-35.3708262,149.1812402
192.522,-29.96,2.52,29.41,623.17,-35.3708032,149.1812245
192.586,-29.99,2.54,29.41,623.17,-35.3708032,149.1812245
192.626,-30.01,2.57,29.40,623.16,-35.3707804,149.1812080
192.682,-30.04,2.56,29.40,623.16,-35.3707804,149.1812080
192.722,-30.07,2.55,29.38,623.14,-35.3707580,149.1811910
192.786,-30.10,2.59,29.38,623.14,-35.3707580,149.1811910
192.826,-30.11,2.61,29.39,623.11,-35.3707360,149.1811732
192.882,-30.15,2.60,29.39,623.11,-35.3707360,149.1811732
192.922,-30.17,2.61,29.39,623.09,-35.3707143,149.1811548
192.986,-30.18,2.63,29.39,623.09,-35.3707143,149.1811548
193.026,-30.19,2.63,29.39,623.07,-35.3706930,149.1811358
193.082,-30.20,2.65,29.39,623.07,-35.3706930,149.1811358
193.122,-30.21,2.66,29.38,623.05,-35.3706721,149.1811162
193.186,-30.21,2.66,29.38,623.05,-35.3706721,149.1811162
193.226,-30.21,2.67,29.36,623.03,-35.3706516,149.1810959
193.282,-30.22,2.69,29.36,623.03,-35.3706516,149.1810959
193.322,-30.22,2.70,29.33,623.01,-35.3706315,149.1810750
193.386,-30.21,2.72,29.33,623.01,-35.3706315,149.1810750
193.426,-30.21,2.73,29.33,623.00,-35.3706118,149.1810536
193.482,-30.21,2.74,29.33,623.00,-35.3706118,149.1810536
193.522,-30.20,2.75,29.31,622.98,-35.3705926,149.1810316
193.586,-30.18,2.77,29.31,622.98,-35.3705926,149.1810316
193.626,-30.17,2.78,29.30,622.96,-35.3705738,149.1810090
193.682,-30.17,2.79,29.30,622.96,-35.3705738,149.1810090
193.722,-30.16,2.80,29.32,622.94,-35.3705555,149.1809858
193.786,-30.12,2.82,29.32,622.94,-35.3705555,149.1809858
193.826,-30.11,2.83,29.32,622.93,-35.3705376,149.1809621
193.882,-30.12,2.84,29.32,622.93,-35.3705376,149.1809621
193.922,-30.09,2.85,29.31,622.91,-35.3705203,149.1809379
193.986,-30.00,2.86,29.31,622.91,-35.3705203,149.1809379
194.026,-30.03,2.88,29.29,622.90,-35.3705034,149.1809132
194.082,-30.06,2.89,29.29,622.90,-35.3705034,149.1809132
194.122,-29.94,2.90,29.28,622.89,-35.3704871,149.1808880
194.186,-29.81,2.92,29.28,622.89,-35.3704871,149.1808880
194.226,-29.94,2.93,29.26,622.87,-35.3704713,149.1808623
194.282,-29.95,2.94,29.26,622.87,-35.3704713,149.1808623
194.322,-29.68,2.97,29.23,622.87,-35.3704560,149.1808361
194.386,-29.64,2.99,29.23,622.87,-35.3704560,149.1808361
194.426,-29.95,2.99,29.21,622.86,-35.3704413,149.1808095
194.482,-29.80,3.01,29.21,622.86,-35.3704413,149.1808095
194.522,-29.39,3.04,29.21,622.85,-35.3704271,149.1807824
194.586,-29.58,3.06,29.21,622.85,-35.3704271,149.1807824
194.626,-29.95,3.04,29.21,622.84,-35.3704134,149.1807549
194.682,-29.66,3.06,29.21,622.84,-35.3704134,149.1807549
194.722,-29.23,3.13,29.19,622.84,-35.3704004,149.1807271
194.786,-29.41,3.13,29.19,622.84,-35.3704004,149.1807271
194.826,-29.75,3.10,29.21,622.84,-35.3703878,149.1806988
194.882,-29.72,3.16,29.21,622.84,-35.3703878,149.1806988
194.922,-29.39,3.21,29.21,622.85,-35.3703759,149.1806702
194.986,-29.16,3.19,29.21,622.85,-35.3703759,149.1806702
195.026,-29.37,3.20,29.21,622.85,-35.3703645,149.1806412
195.082,-29.45,3.26,29.21,622.85,-35.3703645,149.1806412
195.122,-29.27,3.25,29.22,622.86,-35.3703538,149.1806119
195.186,-29.16,3.25,29.22,622.86,-35.3703538,149.1806119
195.226,-29.24,3.29,29.20,622.87,-35.3703436,149.1805823
195.282,-29.21,3.32,29.20,622.87,-35.3703436,149.1805823
195.322,-29.13,3.31,29.18,622.89,-35.3703340,149.1805524
195.386,-29.08,3.35,29.18,622.89,-35.3703340,149.1805524
195.426,-29.06,3.38,29.16,622.90,-35.3703250,149.1805222
195.482,-29.01,3.37,29.16,622.90,-35.3703250,149.1805222
195.522,-28.96,3.38,29.17,622.91,-35.3703167,149.1804918
195.586,-28.91,3.42,29.17,622.91,-35.3703167,149.1804918
195.626,-28.88,3.43,29.18,622.93,-35.3703089,149.1804611
195.682,-28.83,3.43,29.18,622.93,-35.3703089,149.1804611
195.722,-28.77,3.46,29.16,622.94,-35.3703018,149.1804301
195.786,-28.74,3.48,29.16,622.94,-35.3703018,149.1804301
195.826,-28.71,3.48,29.17,622.95,-35.3702953,149.1803990
195.882,-28.65,3.50,29.17,622.95,-35.3702953,149.1803990
195.922,-28.59,3.51,29.18,622.97,-35.3702894,149.1803677
195.986,-28.53,3.51,29.18,622.97,-35.3702894,149.1803677
196.026,-28.50,3.51,29.19,622.98,-35.3702841,149.1803363
196.082,-28.43,3.54,29.19,622.98,-35.3702841,149.1803363
196.122,-28.38,3.54,29.19,623.00,-35.3702795,149.1803046
196.186,-28.32,3.54,29.19,623.00,-35.3702795,149.1803046
196.226,-28.29,3.55,29.19,623.02,-35.3702755,149.1802729
196.282,-28.23,3.58,29.19,623.02,-35.3702755,149.1802729
196.322,-28.18,3.57,29.19,623.04,-35.3702721,149.1802410
196.386,-28.08,3.58,29.19,623.04,-35.3702721,149.1802410
196.426,-28.06,3.59,29.18,623.06,-35.3702693,149.1802091
196.482,-28.08,3.60,29.18,623.06,-35.3702693,149.1802091
196.522,-27.97,3.61,29.17,623.08,-35.3702672,149.1801770
196.586,-27.76,3.62,29.17,623.08,-35.3702672,149.1801770
196.626,-27.88,3.62,29.19,623.09,-35.3702657,149.1801449
196.682,-27.98,3.62,29.19,623.09,-35.3702657,149.1801449
196.722,-27.63,3.64,29.18,623.12,-35.3702648,149.1801128
196.786,-27.40,3.66,29.18,623.12,-35.3702648,149.1801128
196.826,-27.90,3.63,29.21,623.14,-35.3702645,149.1800807
196.882,-27.93,3.64,29.21,623.14,-35.3702645,149.1800807
196.922,-27.09,3.68,29.21,623.17,-35.3702649,149.1800485
196.986,-27.15,3.68,29.21,623.17,-35.3702649,149.1800485
197.026,-28.26,3.62,29.19,623.19,-35.3702658,149.1800164
197.082,-27.80,3.67,29.19,623.19,-35.3702658,149.1800164
197.122,-26.29,3.77,29.22,623.21,-35.3702674,149.1799843
197.186,-27.26,3.70,29.22,623.21,-35.3702674,149.1799843
197.226,-28.28,3.64,29.22,623.23,-35.3702695,149.1799522
197.282,-27.56,3.73,29.22,623.23,-35.3702695,149.1799522
197.322,-27.11,3.75,29.22,623.26,-35.3702724,149.1799202
197.386,-27.33,3.71,29.22,623.26,-35.3702724,149.1799202
197.426,-27.44,3.73,29.23,623.29,-35.3702758,149.1798883
197.482,-27.34,3.77,29.23,623.29,-35.3702758,149.1798883
197.522,-27.26,3.75,29.22,623.31,-35.3702798,149.1798565
197.586,-27.22,3.72,29.22,623.31,-35.3702798,149.1798565
197.626,-27.23,3.75,29.23,623.34,-35.3702845,149.1798248
197.682,-27.21,3.77,29.23,623.34,-35.3702845,149.1798248
197.722,-27.18,3.74,29.24,623.37,-35.3702897,149.1797932
197.786,-27.15,3.74,29.24,623.37,-35.3702897,149.1797932
197.826,-27.13,3.75,29.23,623.40,-35.3702955,149.1797618
197.882,-27.10,3.76,29.23,623.40,-35.3702955,149.1797618
197.922,-27.07,3.75,29.25,623.43,-35.3703019,149.1797306
197.986,-27.04,3.76,29.25,623.43,-35.3703019,149.1797306
198.026,-27.03,3.76,29.27,623.46,-35.3703088,149.1796995
198.082,-27.01,3.75,29.27,623.46,-35.3703088,149.1796995
198.122,-26.99,3.74,29.28,623.49,-35.3703163,149.1796686
198.186,-26.98,3.74,29.28,623.49,-35.3703163,149.1796686
198.226,-26.97,3.73,29.30,623.52,-35.3703244,149.1796380
198.282,-26.97,3.73,29.30,623.52,-35.3703244,149.1796380
198.322,-26.97,3.73,29.28,623.56,-35.3703330,149.1796075
198.386,-26.96,3.72,29.28,623.56,-35.3703330,149.1796075
198.426,-26.96,3.71,29.28,623.59,-35.3703422,149.1795773
198.482,-26.96,3.71,29.28,623.59,-35.3703422,149.1795773
198.522,-26.96,3.70,29.27,623.62,-35.3703519,149.1795473
198.586,-26.96,3.70,29.27,623.62,-35.3703519,149.1795473
198.626,-26.98,3.69,29.27,623.65,-35.3703622,149.1795176
198.682,-26.98,3.68,29.27,623.65,-35.3703622,149.1795176
198.722,-26.97,3.69,29.27,623.68,-35.3703730,149.1794882
198.786,-26.99,3.69,29.27,623.68,-35.3703730,149.1794882
198.826,-27.01,3.67,29.28,623.71,-35.3703843,149.1794591
198.882,-26.99,3.65,29.28,623.71,-35.3703843,149.1794591
198.922,-27.00,3.65,29.28,623.74,-35.3703962,149.1794303
198.986,-27.06,3.63,29.28,623.74,-35.3703962,149.1794303
199.026,-27.04,3.62,29.31,623.76,-35.3704085,149.1794018
199.082,-27.04,3.61,29.31,623.76,-35.3704085,149.1794018
199.122,-27.09,3.61,29.33,623.79,-35.3704214,149.1793737
199.186,-27.09,3.59,29.33,623.79,-35.3704214,149.1793737
199.226,-27.04,3.58,29.36,623.81,-35.3704348,149.1793458
199.282,-27.13,3.56,29.36,623.81,-35.3704348,149.1793458
199.322,-27.22,3.56,29.34,623.83,-35.3704487,149.1793184
199.386,-27.07,3.54,29.34,623.83,-35.3704487,149.1793184
199.426,-27.04,3.52,29.36,623.85,-35.3704631,149.1792913
199.482,-27.36,3.49,29.36,623.85,-35.3704631,149.1792913
199.522,-27.33,3.49,29.37,623.87,-35.3704780,149.1792647
199.586,-27.00,3.48,29.37,623.87,-35.3704780,149.1792647
199.626,-27.23,3.46,29.38,623.89,-35.3704933,149.1792384
199.682,-27.61,3.42,29.38,623.89,-35.3704933,149.1792384
199.722,-27.21,3.43,29.39,623.91,-35.3705092,149.1792125
199.786,-27.08,3.43,29.39,623.91,-35.3705092,149.1792125
199.826,-27.75,3.38,29.37,623.93,-35.3705255,149.1791871
199.882,-27.51,3.38,29.37,623.93,-35.3705255,149.1791871
199.922,-26.81,3.41,29.39,623.95,-35.3705422,149.1791621
199.986,-27.87,3.34,29.39,623.95,-35.3705422,149.1791621
200.026,-28.36,3.30,29.39,623.96,-35.3705594,149.1791376
200.082,-26.90,3.36,29.39,623.96,-35.3705594,149.1791376
200.122,-26.97,3.36,29.38,623.97,-35.3705771,149.1791135
200.186,-27.89,3.28,29.38,623.97,-35.3705771,149.1791135
200.226,-27.61,3.24,29.40,623.98,-35.3705952,149.1790900
200.282,-27.44,3.28,29.40,623.98,-35.3705952,149.1790900
200.322,-27.67,3.28,29.39,623.99,-35.3706138,149.1790670
200.386,-27.68,3.22,29.39,623.99,-35.3706138,149.1790670
200.426,-27.65,3.22,29.41,624.00,-35.3706327,149.1790444
200.482,-27.76,3.24,29.41,624.00,-35.3706327,149.1790444
200.522,-27.79,3.21,29.41,624.00,-35.3706521,149.1790224
200.586,-27.80,3.18,29.41,624.00,-35.3706521,149.1790224
200.626,-27.84,3.19,29.41,624.01,-35.3706718,149.1790008
200.682,-27.91,3.17,29.41,624.01,-35.3706718,149.1790008
200.722,-27.95,3.15,29.40,624.01,-35.3706919,149.1789798
200.786,-27.99,3.13,29.40,624.01,-35.3706919,149.1789798
200.826,-28.02,3.13,29.43,624.02,-35.3707124,149.1789594
200.882,-28.08,3.12,29.43,624.02,-35.3707124,149.1789594
200.922,-28.12,3.10,29.45,624.02,-35.3707332,149.1789395
200.986,-28.17,3.09,29.45,624.02,-35.3707332,149.1789395
201.026,-28.20,3.09,29.46,624.02,-35.3707544,149.1789201
201.082,-28.26,3.07,29.46,624.02,-35.3707544,149.1789201
201.122,-28.29,3.07,29.45,624.02,-35.3707760,149.1789014
201.186,-28.35,3.05,29.45,624.02,-35.3707760,149.1789014
201.226,-28.39,3.04,29.44,624.01,-35.3707979,149.1788832
201.282,-28.44,3.03,29.44,624.01,-35.3707979,149.1788832
201.322,-28.47,3.02,29.42,624.01,-35.3708201,149.1788657
201.386,-28.54,3.00,29.42,624.01,-35.3708201,149.1788657
201.426,-28.58,3.00,29.45,624.01,-35.3708426,149.1788487
201.482,-28.62,3.00,29.45,624.01,-35.3708426,149.1788487
201.522,-28.66,2.99,29.44,624.00,-35.3708654,149.1788324
201.586,-28.70,2.98,29.44,624.00,-35.3708654,149.1788324
201.626,-28.72,2.97,29.46,624.00,-35.3708885,149.1788167
201.682,-28.78,2.96,29.46,624.00,-35.3708885,149.1788167
201.722,-28.82,2.96,29.46,623.99,-35.3709119,149.1788017
201.786,-28.85,2.96,29.46,623.99,-35.3709119,149.1788017
201.826,-28.87,2.94,29.45,623.98,-35.3709356,149.1787873
201.882,-28.93,2.93,29.45,623.98,-35.3709356,149.1787873
201.922,-28.96,2.93,29.43,623.97,-35.3709595,149.1787736
201.986,-28.99,2.92,29.43,623.97,-35.3709595,149.1787736
202.026,-29.02,2.92,29.43,623.96,-35.3709837,149.1787605
202.082,-29.07,2.91,29.43,623.96,-35.3709837,149.1787605
202.122,-29.08,2.90,29.44,623.95,-35.3710081,149.1787481
202.186,-29.13,2.90,29.44,623.95,-35.3710081,149.1787481
202.226,-29.16,2.90,29.44,623.94,-35.3710327,149.1787365
202.282,-29.16,2.89,29.44,623.94,-35.3710327,149.1787365
202.322,-29.19,2.89,29.45,623.93,-35.3710576,149.1787255
202.386,-29.26,2.89,29.45,623.93,-35.3710576,149.1787255
202.426,-29.25,2.89,29.45,623.92,-35.3710826,149.1787152
202.482,-29.26,2.89,29.45,623.92,-35.3710826,149.1787152
202.522,-29.33,2.88,29.45,623.91,-35.3711078,149.1787057
202.586,-29.34,2.87,29.45,623.91,-35.3711078,149.1787057
202.626,-29.29,2.87,29.44,623.90,-35.3711332,149.1786969
202.682,-29.41,2.87,29.44,623.90,-35.3711332,149.1786969
202.722,-29.48,2.87,29.42,623.88,-35.3711588,149.1786888
202.786,-29.32,2.88,29.42,623.88,-35.3711588,149.1786888
202.826,-29.33,2.88,29.43,623.87,-35.3711845,149.1786814
202.882,-29.63,2.86,29.43,623.87,-35.3711845,149.1786814
202.922,-29.54,2.86,29.42,623.86,-35.3712103,149.1786748
202.986,-29.25,2.88,29.42,623.86,-35.3712103,149.1786748
203.026,-29.54,2.87,29.43,623.84,-35.3712362,149.1786689
203.082,-29.82,2.86,29.43,623.84,-35.3712362,149.1786689
203.122,-29.34,2.89,29.40,623.84,-35.3712623,149.1786638
203.186,-29.31,2.89,29.40,623.84,-35.3712623,149.1786638
203.226,-30.01,2.86,29.38,623.82,-35.3712884,149.1786594
203.282,-29.61,2.90,29.38,623.82,-35.3712884,149.1786594
203.322,-28.88,2.94,29.36,623.81,-35.3713146,149.1786558
203.386,-30.00,2.88,29.36,623.81,-35.3713146,149.1786558
203.426,-30.49,2.87,29.37,623.79,-35.3713408,149.1786530
203.482,-28.69,2.97,29.37,623.79,-35.3713408,149.1786530
203.522,-28.70,2.98,29.35,623.78,-35.3713671,149.1786511
203.586,-30.12,2.90,29.35,623.78,-35.3713671,149.1786511
203.626,-29.72,2.89,29.34,623.76,-35.3713935,149.1786499
203.682,-29.32,2.96,29.34,623.76,-35.3713935,149.1786499
203.722,-29.70,2.98,29.33,623.75,-35.3714198,149.1786495
203.786,-29.67,2.95,29.33,623.75,-35.3714198,149.1786495
203.826,-29.57,2.96,29.35,623.74,-35.3714462,149.1786498
203.882,-29.71,3.00,29.35,623.74,-35.3714462,149.1786498
203.922,-29.71,2.98,29.33,623.73,-35.3714725,149.1786509
203.986,-29.63,2.98,29.33,623.73,-35.3714725,149.1786509
204.026,-29.66,3.02,29.33,623.72,-35.3714988,149.1786526
204.082,-29.69,3.02,29.33,623.72,-35.3714988,149.1786526
204.122,-29.68,3.00,29.32,623.71,-35.3715250,149.1786552
204.186,-29.67,3.01,29.32,623.71,-35.3715250,149.1786552
204.226,-29.67,3.03,29.32,623.70,-35.3715512,149.1786586
204.282,-29.66,3.03,29.32,623.70,-35.3715512,149.1786586
204.322,-29.65,3.03,29.31,623.70,-35.3715773,149.1786627
204.386,-29.65,3.05,29.31,623.70,-35.3715773,149.1786627
204.426,-29.64,3.06,29.29,623.69,-35.3716033,149.1786676
204.482,-29.64,3.06,29.29,623.69,-35.3716033,149.1786676
204.522,-29.64,3.05,29.29,623.69,-35.3716292,149.1786733
204.586,-29.63,3.07,29.29,623.69,-35.3716292,149.1786733
204.626,-29.62,3.07,29.28,623.68,-35.3716549,149.1786797
204.682,-29.60,3.08,29.28,623.68,-35.3716549,149.1786797
204.722,-29.58,3.09,29.30,623.68,-35.3716805,149.1786869
204.786,-29.56,3.11,29.30,623.68,-35.3716805,149.1786869
204.826,-29.54,3.11,29.31,623.67,-35.3717060,149.1786948
204.882,-29.52,3.12,29.31,623.67,-35.3717060,149.1786948
204.922,-29.50,3.13,29.29,623.67,-35.3717313,149.1787035
204.986,-29.48,3.14,29.29,623.67,-35.3717313,149.1787035
205.026,-29.47,3.14,29.28,623.67,-35.3717564,149.1787130
205.082,-29.43,3.15,29.28,623.67,-35.3717564,149.1787130
205.122,-29.41,3.16,29.26,623.67,-35.3717814,149.1787232
205.186,-29.41,3.15,29.26,623.67,-35.3717814,149.1787232
205.226,-29.36,3.17,29.27,623.66,-35.3718061,149.1787341
205.282,-29.30,3.18,29.27,623.66,-35.3718061,149.1787341
205.322,-29.33,3.18,29.26,623.66,-35.3718306,149.1787457
205.386,-29.33,3.18,29.26,623.66,-35.3718306,149.1787457
205.426,-29.20,3.21,29.25,623.67,-35.3718548,149.1787581
205.482,-29.16,3.22,29.25,623.67,-35.3718548,149.1787581
205.522,-29.28,3.22,29.24,623.67,-35.3718788,149.1787712
205.586,-29.19,3.21,29.24,623.67,-35.3718788,149.1787712
205.626,-29.00,3.23,29.25,623.67,-35.3719025,149.1787850
205.682,-29.09,3.24,29.25,623.67,-35.3719025,149.1787850
205.722,-29.25,3.24,29.26,623.67,-35.3719260,149.1787995
205.786,-29.02,3.26,29.26,623.67,-35.3719260,149.1787995
205.826,-28.84,3.28,29.27,623.67,-35.3719491,149.1788147
205.882,-29.05,3.28,29.27,623.67,-35.3719491,149.1788147
205.922,-29.11,3.29,29.27,623.67,-35.3719720,149.1788305
205.986,-28.97,3.30,29.27,623.67,-35.3719720,149.1788305
206.026,-28.93,3.32,29.24,623.68,-35.3719945,149.1788471
206.082,-28.59,3.37,29.24,623.68,-35.3719945,149.1788471
206.122,-28.65,3.35,29.24,623.68,-35.3720167,149.1788643
206.186,-29.18,3.32,29.24,623.68,-35.3720167,149.1788643
206.226,-28.83,3.35,29.25,623.68,-35.3720385,149.1788822
206.282,-28.17,3.41,29.25,623.68,-35.3720385,149.1788822
206.322,-28.62,3.39,29.25,623.69,-35.3720599,149.1789007
206.386,-29.01,3.37,29.25,623.69,-35.3720599,149.1789007
206.426,-28.63,3.39,29.26,623.69,-35.3720810,149.1789199
206.482,-28.46,3.41,29.26,623.69,-35.3720810,149.1789199
206.522,-28.70,3.42,29.27,623.70,-35.3721017,149.1789397
206.586,-28.72,3.42,29.27,623.70,-35.3721017,149.1789397
206.626,-28.62,3.42,29.25,623.71,-35.3721220,149.1789601
206.682,-28.63,3.43,29.25,623.71,-35.3721220,149.1789601
206.722,-28.67,3.44,29.26,623.71,-35.3721419,149.1789811
206.786,-28.64,3.46,29.26,623.71,-35.3721419,149.1789811
206.826,-28.61,3.46,29.26,623.72,-35.3721614,149.1790026
206.882,-28.58,3.46,29.26,623.72,-35.3721614,149.1790026
206.922,-28.57,3.47,29.25,623.73,-35.3721805,149.1790247
206.986,-28.54,3.49,29.25,623.73,-35.3721805,149.1790247
207.026,-28.51,3.48,29.27,623.74,-35.3721992,149.1790474
207.082,-28.47,3.49,29.27,623.74,-35.3721992,149.1790474
207.122,-28.45,3.51,29.25,623.76,-35.3722174,149.1790706
207.186,-28.41,3.51,29.25,623.76,-35.3722174,149.1790706
207.226,-28.38,3.52,29.27,623.76,-35.3722352,149.1790943
207.282,-28.33,3.52,29.27,623.76,-35.3722352,149.1790943
207.322,-28.29,3.54,29.27,623.78,-35.3722525,149.1791185
207.386,-28.25,3.54,29.27,623.78,-35.3722525,149.1791185
207.426,-28.22,3.54,29.27,623.79,-35.3722693,149.1791432
207.482,-28.18,3.56,29.27,623.79,-35.3722693,149.1791432
207.522,-28.15,3.56,29.27,623.80,-35.3722857,149.1791684
207.586,-28.11,3.56,29.27,623.80,-35.3722857,149.1791684
207.626,-28.09,3.56,29.26,623.81,-35.3723016,149.1791940
207.682,-28.06,3.56,29.26,623.81,-35.3723016,149.1791940
207.722,-28.02,3.57,29.25,623.82,-35.3723170,149.1792201
207.786,-27.98,3.58,29.25,623.82,-35.3723170,149.1792201
207.826,-27.98,3.58,29.27,623.84,-35.3723319,149.1792467
207.882,-27.95,3.58,29.27,623.84,-35.3723319,149.1792467
207.922,-27.91,3.59,29.28,623.85,-35.3723463,149.1792736
207.986,-27.89,3.60,29.28,623.85,-35.3723463,149.1792736
208.026,-27.90,3.59,29.27,623.86,-35.3723601,149.1793010
208.082,-27.86,3.60,29.27,623.86,-35.3723601,149.1793010
208.122,-27.81,3.62,29.27,623.88,-35.3723735,149.1793288
208.186,-27.80,3.62,29.27,623.88,-35.3723735,149.1793288
208.226,-27.82,3.61,29.27,623.89,-35.3723863,149.1793569
208.282,-27.77,3.62,29.27,623.89,-35.3723863,149.1793569
208.322,-27.74,3.61,29.28,623.90,-35.3723986,149.1793854
208.386,-27.76,3.60,29.28,623.90,-35.3723986,149.1793854
208.426,-27.73,3.60,29.27,623.91,-35.3724104,149.1794142
208.482,-27.68,3.62,29.27,623.91,-35.3724104,149.1794142
208.522,-27.70,3.61,29.29,623.91,-35.3724216,149.1794434
208.586,-27.65,3.61,29.29,623.91,-35.3724216,149.1794434
208.626,-27.57,3.62,29.28,623.93,-35.3724323,149.1794729
208.682,-27.72,3.62,29.28,623.93,-35.3724323,149.1794729
208.722,-27.78,3.61,29.31,623.94,-35.3724424,149.1795026
208.786,-27.39,3.63,29.31,623.94,-35.3724424,149.1795026
208.826,-27.40,3.63,29.33,623.95,-35.3724519,149.1795327
208.882,-28.08,3.58,29.33,623.95,-35.3724519,149.1795327
208.922,-27.84,3.60,29.34,623.96,-35.3724609,149.1795630
208.986,-26.80,3.68,29.34,623.96,-35.3724609,149.1795630
209.026,-27.55,3.61,29.34,623.97,-35.3724693,149.1795936
209.082,-28.30,3.55,29.34,623.97,-35.3724693,149.1795936
209.122,-27.50,3.64,29.33,623.98,-35.3724772,149.1796244
209.186,-27.26,3.66,29.33,623.98,-35.3724772,149.1796244
209.226,-27.76,3.60,29.34,623.99,-35.3724844,149.1796554
209.282,-27.75,3.59,29.34,623.99,-35.3724844,149.1796554
209.322,-27.52,3.63,29.35,624.00,-35.3724911,149.1796866
209.386,-27.59,3.63,29.35,624.00,-35.3724911,149.1796866
209.426,-27.68,3.60,29.37,624.01,-35.3724972,149.1797181
209.482,-27.65,3.62,29.37,624.01,-35.3724972,149.1797181
209.522,-27.63,3.62,29.38,624.02,-35.3725027,149.1797497
209.586,-27.62,3.58,29.38,624.02,-35.3725027,149.1797497
209.626,-27.63,3.58,29.37,624.03,-35.3725076,149.1797814
209.682,-27.65,3.61,29.37,624.03,-35.3725076,149.1797814
209.722,-27.65,3.60,29.36,624.04,-35.3725120,149.1798133
209.786,-27.66,3.58,29.36,624.04,-35.3725120,149.1798133
209.826,-27.67,3.59,29.37,624.05,-35.3725157,149.1798452
209.882,-27.69,3.60,29.37,624.05,-35.3725157,149.1798452
209.922,-27.68,3.58,29.38,624.05,-35.3725189,149.1798773
209.986,-27.70,3.57,29.38,624.05,-35.3725189,149.1798773
210.026,-27.72,3.57,29.36,624.06,-35.3725214,149.1799095
210.082,-27.72,3.55,29.36,624.06,-35.3725214,149.1799095
210.122,-27.73,3.54,29.35,624.07,-35.3725234,149.1799417
210.186,-27.74,3.55,29.35,624.07,-35.3725234,149.1799417
210.226,-27.75,3.55,29.38,624.07,-35.3725248,149.1799740
210.282,-27.76,3.54,29.38,624.07,-35.3725248,149.1799740
210.322,-27.76,3.54,29.37,624.07,-35.3725256,149.1800064
210.386,-27.78,3.55,29.37,624.07,-35.3725256,149.1800064
210.426,-27.78,3.54,29.37,624.08,-35.3725258,149.1800387
210.482,-27.80,3.53,29.37,624.08,-35.3725258,149.1800387
210.522,-27.81,3.53,29.38,624.08,-35.3725254,149.1800711
210.586,-27.81,3.54,29.38,624.08,-35.3725254,149.1800711
210.626,-27.82,3.53,29.37,624.08,-35.3725245,149.1801034
210.682,-27.87,3.53,29.37,624.08,-35.3725245,149.1801034
210.722,-27.85,3.53,29.38,624.08,-35.3725229,149.1801357
210.786,-27.82,3.53,29.38,624.08,-35.3725229,149.1801357
210.826,-27.89,3.53,29.39,624.09,-35.3725208,149.1801680
210.882,-27.98,3.52,29.39,624.09,-35.3725208,149.1801680
210.922,-27.88,3.51,29.39,624.09,-35.3725180,149.1802002
210.986,-27.82,3.52,29.39,624.09,-35.3725180,149.1802002
211.026,-28.03,3.52,29.39,624.09,-35.3725146,149.1802323
211.082,-28.10,3.51,29.39,624.09,-35.3725146,149.1802323
211.122,-27.80,3.52,29.41,624.09,-35.3725107,149.1802643
211.186,-27.86,3.52,29.41,624.09,-35.3725107,149.1802643
211.226,-28.32,3.49,29.39,624.08,-35.3725062,149.1802962
211.282,-28.14,3.50,29.39,624.08,-35.3725062,149.1802962
211.322,-27.54,3.52,29.40,624.08,-35.3725010,149.1803279
211.386,-28.02,3.49,29.40,624.08,-35.3725010,149.1803279
211.426,-28.78,3.46,29.39,624.08,-35.3724953,149.1803596
211.482,-28.07,3.51,29.39,624.08,-35.3724953,149.1803596
211.522,-27.26,3.54,29.38,624.07,-35.3724890,149.1803910
211.586,-28.39,3.48,29.38,624.07,-35.3724890,149.1803910
211.626,-28.98,3.47,29.38,624.07,-35.3724821,149.1804223
211.682,-28.35,3.54,29.38,624.07,-35.3724821,149.1804223
211.722,-28.12,3.51,29.40,624.07,-35.3724746,149.1804534
211.786,-28.32,3.47,29.40,624.07,-35.3724746,149.1804534
211.826,-28.45,3.50,29.42,624.06,-35.3724665,149.1804842
211.882,-28.48,3.50,29.42,624.06,-35.3724665,149.1804842
211.922,-28.40,3.46,29.42,624.06,-35.3724579,149.1805148
211.986,-28.38,3.46,29.42,624.06,-35.3724579,149.1805148
212.026,-28.43,3.49,29.40,624.05,-35.3724487,149.1805452
212.082,-28.44,3.48,29.40,624.05,-35.3724487,149.1805452
212.122,-28.42,3.45,29.42,624.05,-35.3724389,149.1805753
212.186,-28.45,3.47,29.42,624.05,-35.3724389,149.1805753
212.226,-28.47,3.48,29.42,624.05,-35.3724286,149.1806051
212.282,-28.49,3.46,29.42,624.05,-35.3724286,149.1806051
212.322,-28.50,3.46,29.43,624.04,-35.3724178,149.1806346
212.386,-28.53,3.47,29.43,624.04,-35.3724178,149.1806346
212.426,-28.53,3.47,29.42,624.04,-35.3724064,149.1806638
212.482,-28.55,3.44,29.42,624.04,-35.3724064,149.1806638
212.522,-28.56,3.45,29.41,624.04,-35.3723944,149.1806927
212.586,-28.57,3.46,29.41,624.04,-35.3723944,149.1806927
212.626,-28.58,3.45,29.42,624.04,-35.3723820,149.1807212
212.682,-28.60,3.45,29.42,624.04,-35.3723820,149.1807212
212.722,-28.61,3.46,29.41,624.03,-35.3723690,149.1807494
212.786,-28.62,3.46,29.41,624.03,-35.3723690,149.1807494
212.826,-28.63,3.46,29.41,624.03,-35.3723555,149.1807772
212.882,-28.65,3.47,29.41,624.03,-35.3723555,149.1807772
212.922,-28.67,3.47,29.40,624.03,-35.3723414,149.1808047
212.986,-28.70,3.47,29.40,624.03,-35.3723414,149.1808047
213.026,-28.71,3.48,29.40,624.03,-35.3723269,149.1808317
213.082,-28.74,3.49,29.40,624.03,-35.3723269,149.1808317
213.122,-28.76,3.48,29.40,624.03,-35.3723119,149.1808583
213.186,-28.78,3.49,29.40,624.03,-35.3723119,149.1808583
213.226,-28.79,3.49,29.40,624.03,-35.3722964,149.1808844
213.282,-28.81,3.49,29.40,624.03,-35.3722964,149.1808844
213.322,-28.81,3.49,29.38,624.02,-35.3722804,149.1809102
213.386,-28.81,3.49,29.38,624.02,-35.3722804,149.1809102
213.426,-28.84,3.49,29.38,624.02,-35.3722639,149.1809354
213.482,-28.87,3.49,29.38,624.02,-35.3722639,149.1809354
213.522,-28.82,3.50,29.37,624.02,-35.3722469,149.1809602
213.586,-28.85,3.50,29.37,624.02,-35.3722469,149.1809602
213.626,-28.94,3.50,29.38,624.01,-35.3722295,149.1809845
213.682,-28.88,3.50,29.38,624.01,-35.3722295,149.1809845
213.722,-28.78,3.50,29.37,624.01,-35.3722117,149.1810083
213.786,-28.95,3.50,29.37,624.01,-35.3722117,149.1810083
213.826,-29.09,3.50,29.36,624.01,-35.3721934,149.1810316
213.883,-28.86,3.51,29.36,624.01,-35.3721934,149.1810316
213.922,-28.73,3.51,29.35,624.00,-35.3721746,149.1810544
213.986,-29.13,3.49,29.35,624.00,-35.3721746,149.1810544
214.026,-29.25,3.49,29.34,624.00,-35.3721554,149.1810766
214.082,-28.82,3.51,29.34,624.00,-35.3721554,149.1810766
214.122,-28.76,3.51,29.35,624.00,-35.3721358,149.1810982
214.186,-29.22,3.49,29.35,624.00,-35.3721358,149.1810982
214.226,-29.19,3.51,29.35,623.99,-35.3721159,149.1811193
214.282,-28.90,3.54,29.35,623.99,-35.3721159,149.1811193
214.322,-28.95,3.51,29.36,623.99,-35.3720954,149.1811397
214.386,-29.05,3.50,29.36,623.99,-35.3720954,149.1811397
214.426,-29.09,3.55,29.37,623.99,-35.3720747,149.1811596
214.482,-29.15,3.55,29.37,623.99,-35.3720747,149.1811596
214.522,-29.12,3.51,29.38,623.99,-35.3720535,149.1811789
214.586,-29.15,3.52,29.38,623.99,-35.3720535,149.1811789
214.626,-29.19,3.56,29.35,623.99,-35.3720320,149.1811975
214.682,-29.19,3.53,29.35,623.99,-35.3720320,149.1811975
214.722,-29.19,3.51,29.36,623.98,-35.3720101,149.1812155
214.786,-29.21,3.53,29.36,623.98,-35.3720101,149.1812155
214.826,-29.21,3.53,29.34,623.99,-35.3719879,149.1812329
214.882,-29.21,3.51,29.34,623.99,-35.3719879,149.1812329
214.923,-29.21,3.52,29.34,623.99,-35.3719654,149.1812496
214.986,-29.21,3.53,29.34,623.99,-35.3719654,149.1812496
215.026,-29.20,3.51,29.33,623.99,-35.3719425,149.1812657
215.082,-29.19,3.51,29.33,623.99,-35.3719425,149.1812657
215.122,-29.19,3.52,29.33,623.99,-35.3719194,149.1812811
215.186,-29.19,3.52,29.33,623.99,-35.3719194,149.1812811
215.226,-29.18,3.51,29.33,623.99,-35.3718960,149.1812959
215.282,-29.16,3.50,29.33,623.99,-35.3718960,149.1812959
215.322,-29.16,3.50,29.31,624.00,-35.3718723,149.1813099
215.386,-29.15,3.51,29.31,624.00,-35.3718723,149.1813099
215.426,-29.14,3.50,29.30,624.00,-35.3718483,149.1813233
215.483,-29.13,3.51,29.30,624.00,-35.3718483,149.1813233
215.522,-29.14,3.50,29.30,624.00,-35.3718241,149.1813360
215.586,-29.13,3.51,29.30,624.00,-35.3718241,149.1813360
215.626,-29.12,3.51,29.31,624.01,-35.3717996,149.1813480
215.682,-29.12,3.51,29.31,624.01,-35.3717996,149.1813480
215.722,-29.12,3.51,29.32,624.01,-35.3717750,149.1813592
215.786,-29.10,3.51,29.32,624.01,-35.3717750,149.1813592
215.826,-29.09,3.52,29.33,624.02,-35.3717501,149.1813698
215.882,-29.09,3.52,29.33,624.02,-35.3717501,149.1813698
215.923,-29.09,3.52,29.33,624.02,-35.3717251,149.1813796
215.986,-29.07,3.53,29.33,624.02,-35.3717251,149.1813796
216.026,-29.05,3.53,29.30,624.03,-35.3716998,149.1813887
216.082,-29.04,3.52,29.30,624.03,-35.3716998,149.1813887
216.122,-29.04,3.52,29.31,624.04,-35.3716744,149.1813971
216.186,-29.03,3.53,29.31,624.04,-35.3716744,149.1813971
216.226,-29.00,3.53,29.30,624.05,-35.3716489,149.1814048
216.283,-29.00,3.53,29.30,624.05,-35.3716489,149.1814048
216.322,-29.03,3.53,29.29,624.06,-35.3716232,149.1814117
216.386,-28.98,3.54,29.29,624.06,-35.3716232,149.1814117
216.426,-28.89,3.54,29.30,624.08,-35.3715973,149.1814178
216.482,-28.93,3.53,29.30,624.08,-35.3715973,149.1814178
216.522,-29.05,3.53,29.30,624.09,-35.3715714,149.1814232
216.586,-28.93,3.53,29.30,624.09,-35.3715714,149.1814232
216.626,-28.73,3.53,29.29,624.10,-35.3715454,149.1814279
216.682,-28.91,3.52,29.29,624.10,-35.3715454,149.1814279
216.722,-29.17,3.51,29.27,624.11,-35.3715193,149.1814318
216.786,-28.87,3.53,29.27,624.11,-35.3715193,149.1814318
216.826,-28.46,3.54,29.29,624.12,-35.3714931,149.1814350
216.882,-28.90,3.50,29.29,624.12,-35.3714931,149.1814350
216.922,-29.26,3.50,29.28,624.14,-35.3714669,149.1814374
216.986,-28.81,3.53,29.28,624.14,-35.3714669,149.1814374
217.026,-28.58,3.52,29.27,624.16,-35.3714407,149.1814390
217.083,-28.85,3.49,29.27,624.16,-35.3714407,149.1814390
217.122,-28.94,3.52,29.28,624.18,-35.3714144,149.1814400
217.186,-28.81,3.52,29.28,624.18,-35.3714144,149.1814400
217.226,-28.78,3.50,29.28,624.20,-35.3713881,149.1814401
217.282,-28.86,3.49,29.28,624.20,-35.3713881,149.1814401
217.323,-28.89,3.51,29.29,624.22,-35.3713619,149.1814395
217.386,-28.88,3.51,29.29,624.22,-35.3713619,149.1814395
217.426,-28.90,3.49,29.28,624.24,-35.3713356,149.1814382
217.482,-28.93,3.49,29.28,624.24,-35.3713356,149.1814382
217.523,-28.96,3.49,29.27,624.25,-35.3713094,149.1814360
217.586,-28.98,3.48,29.27,624.25,-35.3713094,149.1814360
217.626,-29.00,3.47,29.28,624.27,-35.3712832,149.1814332
217.682,-29.03,3.47,29.28,624.27,-35.3712832,149.1814332
217.722,-29.05,3.47,29.27,624.29,-35.3712571,149.1814296
217.786,-29.06,3.45,29.27,624.29,-35.3712571,149.1814296
217.826,-29.06,3.45,29.26,624.31,-35.3712311,149.1814251
217.882,-29.07,3.44,29.26,624.31,-35.3712311,149.1814251
217.922,-29.07,3.42,29.27,624.33,-35.3712052,149.1814200
217.986,-29.06,3.41,29.27,624.33,-35.3712052,149.1814200
218.026,-29.06,3.40,29.29,624.34,-35.3711793,149.1814140
218.083,-29.03,3.39,29.29,624.34,-35.3711793,149.1814140
218.122,-29.02,3.38,29.30,624.36,-35.3711536,149.1814073
218.186,-28.98,3.37,29.30,624.36,-35.3711536,149.1814073
218.226,-28.96,3.36,29.32,624.37,-35.3711281,149.1813998
218.283,-28.92,3.34,29.32,624.37,-35.3711281,149.1813998
218.322,-28.91,3.34,29.30,624.38,-35.3711026,149.1813916
218.386,-28.89,3.33,29.30,624.38,-35.3711026,149.1813916
218.426,-28.85,3.32,29.30,624.39,-35.3710774,149.1813827
218.482,-28.81,3.30,29.30,624.39,-35.3710774,149.1813827
218.523,-28.81,3.29,29.29,624.40,-35.3710523,149.1813730
218.586,-28.76,3.29,29.29,624.40,-35.3710523,149.1813730
218.626,-28.70,3.28,29.29,624.40,-35.3710274,149.1813626
218.683,-28.69,3.26,29.29,624.40,-35.3710274,149.1813626
218.722,-28.73,3.27,29.28,624.41,-35.3710027,149.1813515
218.786,-28.64,3.26,29.28,624.41,-35.3710027,149.1813515
218.826,-28.55,3.25,29.31,624.42,-35.3709782,149.1813397
218.883,-28.59,3.26,29.31,624.42,-35.3709782,149.1813397
218.923,-28.67,3.25,29.30,624.42,-35.3709540,149.1813272
218.986,-28.51,3.25,29.30,624.42,-35.3709540,149.1813272
219.026,-28.40,3.25,29.30,624.42,-35.3709300,149.1813139
219.083,-28.54,3.24,29.30,624.42,-35.3709300,149.1813139
219.122,-28.63,3.23,29.31,624.42,-35.3709063,149.1813000
219.186,-28.42,3.23,29.31,624.42,-35.3709063,149.1813000
219.226,-28.30,3.23,29.33,624.42,-35.3708828,149.1812854
219.282,-28.43,3.21,29.33,624.42,-35.3708828,149.1812854
219.323,-28.59,3.20,29.34,624.43,-35.3708596,149.1812701
219.386,-28.59,3.21,29.34,624.43,-35.3708596,149.1812701
219.426,-28.20,3.23,29.35,624.43,-35.3708367,149.1812542
219.482,-27.90,3.23,29.35,624.43,-35.3708367,149.1812542
219.522,-28.44,3.21,29.36,624.43,-35.3708142,149.1812376
219.586,-28.66,3.21,29.36,624.43,-35.3708142,149.1812376
219.626,-28.09,3.21,29.36,624.43,-35.3707919,149.1812204
219.682,-27.99,3.21,29.36,624.43,-35.3707919,149.1812204
219.723,-28.39,3.24,29.37,624.43,-35.3707700,149.1812025
219.786,-28.39,3.23,29.37,624.43,-35.3707700,149.1812025
219.826,-28.20,3.21,29.35,624.44,-35.3707484,149.1811840
219.883,-28.28,3.22,29.35,624.44,-35.3707484,149.1811840
219.923,-28.38,3.24,29.36,624.44,-35.3707272,149.1811649
219.986,-28.36,3.23,29.36,624.44,-35.3707272,149.1811649
220.026,-28.36,3.22,29.34,624.44,-35.3707064,149.1811451
220.083,-28.42,3.24,29.34,624.44,-35.3707064,149.1811451
220.123,-28.45,3.24,29.35,624.44,-35.3706859,149.1811248
220.186,-28.45,3.24,29.35,624.44,-35.3706859,149.1811248
220.226,-28.46,3.23,29.34,624.44,-35.3706658,149.1811039
220.283,-28.48,3.24,29.34,624.44,-35.3706658,149.1811039
220.323,-28.48,3.24,29.34,624.44,-35.3706462,149.1810824
220.386,-28.46,3.23,29.34,624.44,-35.3706462,149.1810824
220.426,-28.45,3.23,29.33,624.44,-35.3706269,149.1810604
220.483,-28.43,3.24,29.33,624.44,-35.3706269,149.1810604
220.523,-28.41,3.24,29.31,624.44,-35.3706081,149.1810378
220.586,-28.38,3.23,29.31,624.44,-35.3706081,149.1810378
220.626,-28.37,3.22,29.32,624.44,-35.3705898,149.1810147
220.683,-28.35,3.23,29.32,624.44,-35.3705898,149.1810147
220.723,-28.33,3.22,29.33,624.44,-35.3705718,149.1809910
220.786,-28.31,3.22,29.33,624.44,-35.3705718,149.1809910
220.826,-28.29,3.22,29.34,624.43,-35.3705544,149.1809668
220.883,-28.27,3.22,29.34,624.43,-35.3705544,149.1809668
220.923,-28.25,3.22,29.36,624.43,-35.3705373,149.1809422
220.986,-28.21,3.23,29.36,624.43,-35.3705373,149.1809422
221.026,-28.20,3.23,29.37,624.42,-35.3705208,149.1809171
221.083,-28.19,3.24,29.37,624.42,-35.3705208,149.1809171
221.123,-28.16,3.24,29.38,624.42,-35.3705047,149.1808915
221.186,-28.12,3.24,29.38,624.42,-35.3705047,149.1808915
221.226,-28.13,3.25,29.37,624.41,-35.3704891,149.1808654
221.283,-28.13,3.25,29.37,624.41,-35.3704891,149.1808654
221.323,-28.08,3.25,29.36,624.41,-35.3704740,149.1808389
221.386,-28.03,3.26,29.36,624.41,-35.3704740,149.1808389
221.426,-28.08,3.25,29.37,624.40,-35.3704595,149.1808120
221.483,-28.07,3.24,29.37,624.40,-35.3704595,149.1808120
221.523,-27.98,3.25,29.35,624.40,-35.3704454,149.1807847
221.586,-27.95,3.26,29.35,624.40,-35.3704454,149.1807847
221.626,-28.04,3.26,29.36,624.39,-35.3704318,149.1807570
221.683,-28.04,3.26,29.36,624.39,-35.3704318,149.1807570
221.723,-27.92,3.27,29.35,624.39,-35.3704188,149.1807289
221.786,-27.87,3.29,29.35,624.39,-35.3704188,149.1807289
221.826,-27.99,3.27,29.36,624.39,-35.3704063,149.1807005
221.883,-28.15,3.27,29.36,624.39,-35.3704063,149.1807005
221.923,-28.01,3.30,29.36,624.39,-35.3703943,149.1806717
221.986,-27.58,3.34,29.36,624.39,-35.3703943,149.1806717
222.026,-27.94,3.29,29.37,624.38,-35.3703829,149.1806425
222.083,-28.36,3.26,29.37,624.38,-35.3703829,149.1806425
222.123,-27.96,3.33,29.38,624.38,-35.3703721,149.1806131
222.186,-27.71,3.34,29.38,624.38,-35.3703721,149.1806131
222.226,-28.02,3.30,29.38,624.38,-35.3703618,149.1805834
222.283,-28.14,3.31,29.38,624.38,-35.3703618,149.1805834
222.323,-27.96,3.34,29.39,624.38,-35.3703520,149.1805533
222.386,-27.93,3.32,29.39,624.38,-35.3703520,149.1805533
222.426,-28.02,3.31,29.37,624.38,-35.3703428,149.1805230
222.483,-28.01,3.33,29.37,624.38,-35.3703428,149.1805230
222.523,-27.97,3.33,29.39,624.38,-35.3703342,149.1804924
222.586,-27.98,3.32,29.39,624.38,-35.3703342,149.1804924
222.626,-27.99,3.32,29.41,624.38,-35.3703262,149.1804616
222.683,-27.99,3.35,29.41,624.38,-35.3703262,149.1804616
222.723,-28.00,3.34,29.38,624.37,-35.3703188,149.1804306
222.786,-28.00,3.33,29.38,624.37,-35.3703188,149.1804306
222.826,-28.01,3.36,29.38,624.37,-35.3703119,149.1803994
222.883,-28.01,3.35,29.38,624.37,-35.3703119,149.1803994
222.923,-28.02,3.35,29.39,624.37,-35.3703056,149.1803680
222.986,-28.02,3.36,29.39,624.37,-35.3703056,149.1803680
223.026,-28.02,3.37,29.38,624.36,-35.3703000,149.1803364
223.083,-28.04,3.36,29.38,624.36,-35.3703000,149.1803364
223.123,-28.04,3.35,29.40,624.35,-35.3702949,149.1803046
223.186,-28.04,3.36,29.40,624.35,-35.3702949,149.1803046
223.226,-28.05,3.36,29.38,624.35,-35.3702904,149.1802728
223.283,-28.06,3.36,29.38,624.35,-35.3702904,149.1802728
223.323,-28.07,3.37,29.37,624.34,-35.3702865,149.1802408
223.386,-28.08,3.37,29.37,624.34,-35.3702865,149.1802408
223.426,-28.08,3.38,29.37,624.34,-35.3702831,149.1802087
223.483,-28.08,3.39,29.37,624.34,-35.3702831,149.1802087
223.523,-28.08,3.38,29.37,624.34,-35.3702804,149.1801765
223.586,-28.11,3.37,29.37,624.34,-35.3702804,149.1801765
223.626,-28.10,3.38,29.37,624.34,-35.3702783,149.1801442
223.683,-28.09,3.39,29.37,624.34,-35.3702783,149.1801442
223.723,-28.13,3.39,29.36,624.33,-35.3702768,149.1801119
223.786,-28.16,3.38,29.36,624.33,-35.3702768,149.1801119
223.826,-28.12,3.39,29.39,624.33,-35.3702759,149.1800796
223.883,-28.12,3.39,29.39,624.33,-35.3702759,149.1800796
223.923,-28.19,3.39,29.39,624.33,-35.3702756,149.1800472
223.986,-28.18,3.38,29.39,624.33,-35.3702756,149.1800472
224.026,-28.09,3.38,29.40,624.32,-35.3702759,149.1800148
224.083,-28.14,3.38,29.40,624.32,-35.3702759,149.1800148
224.123,-28.25,3.38,29.39,624.32,-35.3702768,149.1799825
224.186,-28.17,3.38,29.39,624.32,-35.3702768,149.1799825
224.226,-28.06,3.38,29.38,624.31,-35.3702784,149.1799502
224.283,-28.15,3.38,29.38,624.31,-35.3702784,149.1799502
224.323,-28.29,3.39,29.38,624.31,-35.3702805,149.1799179
224.386,-28.22,3.39,29.38,624.31,-35.3702805,149.1799179
224.426,-28.07,3.40,29.38,624.30,-35.3702831,149.1798857
224.483,-28.06,3.40,29.38,624.30,-35.3702831,149.1798857
224.523,-28.34,3.38,29.39,624.29,-35.3702864,149.1798536
224.586,-28.59,3.37,29.39,624.29,-35.3702864,149.1798536
224.626,-28.11,3.41,29.39,624.28,-35.3702903,149.1798216
224.683,-27.53,3.45,29.39,624.28,-35.3702903,149.1798216
224.723,-28.57,3.37,29.40,624.27,-35.3702949,149.1797897
224.786,-29.15,3.35,29.40,624.27,-35.3702949,149.1797897
224.826,-27.95,3.43,29.41,624.26,-35.3703000,149.1797579
224.883,-27.69,3.43,29.41,624.26,-35.3703000,149.1797579
224.923,-28.62,3.39,29.40,624.26,-35.3703057,149.1797263
224.987,-28.67,3.40,29.40,624.26,-35.3703057,149.1797263
225.026,-28.17,3.40,29.40,624.25,-35.3703120,149.1796949
225.083,-28.25,3.40,29.40,624.25,-35.3703120,149.1796949
225.123,-28.49,3.42,29.38,624.25,-35.3703189,149.1796636
225.186,-28.42,3.43,29.38,624.25,-35.3703189,149.1796636
225.226,-28.34,3.40,29.36,624.25,-35.3703264,149.1796326
225.283,-28.37,3.41,29.36,624.25,-35.3703264,149.1796326
225.323,-28.41,3.43,29.37,624.24,-35.3703345,149.1796018
225.386,-28.41,3.41,29.37,624.24,-35.3703345,149.1796018
225.426,-28.41,3.40,29.37,624.24,-35.3703431,149.1795712
225.483,-28.43,3.40,29.37,624.24,-35.3703431,149.1795712
225.523,-28.43,3.41,29.39,624.24,-35.3703524,149.1795409
225.586,-28.44,3.41,29.39,624.24,-35.3703524,149.1795409
225.626,-28.45,3.41,29.39,624.23,-35.3703621,149.1795108
225.683,-28.46,3.42,29.39,624.23,-35.3703621,149.1795108
225.723,-28.47,3.42,29.40,624.23,-35.3703725,149.1794811
225.786,-28.48,3.42,29.40,624.23,-35.3703725,149.1794811
225.826,-28.49,3.41,29.40,624.23,-35.3703834,149.1794516
225.883,-28.51,3.42,29.40,624.23,-35.3703834,149.1794516
225.923,-28.53,3.42,29.40,624.23,-35.3703948,149.1794224
225.986,-28.54,3.42,29.40,624.23,-35.3703948,149.1794224
226.026,-28.54,3.42,29.39,624.22,-35.3704068,149.1793936
226.083,-28.55,3.43,29.39,624.22,-35.3704068,149.1793936
226.123,-28.57,3.43,29.39,624.22,-35.3704194,149.1793651
226.187,-28.58,3.42,29.39,624.22,-35.3704194,149.1793651
226.226,-28.57,3.43,29.40,624.22,-35.3704324,149.1793370
226.283,-28.60,3.43,29.40,624.22,-35.3704324,149.1793370
226.323,-28.64,3.43,29.41,624.21,-35.3704460,149.1793093
226.386,-28.62,3.44,29.41,624.21,-35.3704460,149.1793093
226.426,-28.61,3.44,29.40,624.21,-35.3704601,149.1792819
226.483,-28.65,3.44,29.40,624.21,-35.3704601,149.1792819
226.523,-28.69,3.43,29.39,624.21,-35.3704747,149.1792550
226.586,-28.66,3.44,29.39,624.21,-35.3704747,149.1792550
226.626,-28.66,3.44,29.37,624.21,-35.3704898,149.1792284
226.683,-28.70,3.44,29.37,624.21,-35.3704898,149.1792284
226.723,-28.70,3.44,29.36,624.21,-35.3705054,149.1792024
226.786,-28.71,3.43,29.36,624.21,-35.3705054,149.1792024
226.826,-28.71,3.43,29.36,624.21,-35.3705215,149.1791767
226.883,-28.67,3.43,29.36,624.21,-35.3705215,149.1791767
226.923,-28.71,3.43,29.37,624.20,-35.3705380,149.1791516
226.986,-28.83,3.43,29.37,624.20,-35.3705380,149.1791516
227.026,-28.72,3.43,29.35,624.20,-35.3705551,149.1791269
227.083,-28.54,3.43,29.35,624.20,-35.3705551,149.1791269
227.123,-28.81,3.42,29.34,624.20,-35.3705726,149.1791027
227.186,-29.06,3.41,29.34,624.20,-35.3705726,149.1791027
227.226,-28.53,3.44,29.33,624.20,-35.3705905,149.1790790
227.283,-28.37,3.43,29.33,624.20,-35.3705905,149.1790790
227.323,-29.34,3.38,29.32,624.19,-35.3706090,149.1790558
227.387,-29.29,3.40,29.32,624.19,-35.3706090,149.1790558
227.426,-27.82,3.47,29.32,624.19,-35.3706278,149.1790332
227.483,-28.42,3.42,29.32,624.19,-35.3706278,149.1790332
227.523,-30.12,3.35,29.32,624.19,-35.3706470,149.1790111
227.586,-29.12,3.43,29.32,624.19,-35.3706470,149.1790111
227.626,-28.09,3.47,29.35,624.20,-35.3706667,149.1789895
227.683,-28.95,3.41,29.35,624.20,-35.3706667,149.1789895
227.723,-29.35,3.41,29.33,624.21,-35.3706867,149.1789685
227.787,-28.90,3.45,29.33,624.21,-35.3706867,149.1789685
227.827,-28.82,3.43,29.33,624.22,-35.3707072,149.1789481
227.883,-29.01,3.39,29.33,624.22,-35.3707072,149.1789481
227.923,-29.02,3.41,29.34,624.23,-35.3707280,149.1789283
227.986,-28.99,3.43,29.34,624.23,-35.3707280,149.1789283
228.027,-28.99,3.39,29.35,624.24,-35.3707492,149.1789091
228.083,-29.00,3.38,29.35,624.24,-35.3707492,149.1789091
228.123,-29.01,3.40,29.33,624.24,-35.3707707,149.1788906
228.187,-29.01,3.40,29.33,624.24,-35.3707707,149.1788906
228.226,-29.01,3.38,29.31,624.25,-35.3707927,149.1788727
228.283,-29.01,3.39,29.31,624.25,-35.3707927,149.1788727
228.323,-29.02,3.39,29.31,624.25,-35.3708150,149.1788554
228.386,-29.03,3.37,29.31,624.25,-35.3708150,149.1788554
228.427,-29.02,3.37,29.33,624.25,-35.3708376,149.1788388
228.483,-29.02,3.38,29.33,624.25,-35.3708376,149.1788388
228.523,-29.03,3.37,29.33,624.25,-35.3708605,149.1788229
228.587,-29.01,3.36,29.33,624.25,-35.3708605,149.1788229
228.627,-29.01,3.35,29.31,624.25,-35.3708837,149.1788076
228.683,-29.01,3.36,29.31,624.25,-35.3708837,149.1788076
228.723,-29.01,3.35,29.29,624.25,-35.3709072,149.1787930
228.786,-29.00,3.34,29.29,624.25,-35.3709072,149.1787930
228.826,-29.00,3.35,29.29,624.25,-35.3709310,149.1787790
228.883,-29.00,3.35,29.29,624.25,-35.3709310,149.1787790
228.923,-28.99,3.34,29.32,624.25,-35.3709550,149.1787658
228.987,-28.99,3.33,29.32,624.25,-35.3709550,149.1787658
229.026,-29.00,3.33,29.32,624.25,-35.3709793,149.1787533
229.083,-29.00,3.32,29.32,624.25,-35.3709793,149.1787533
229.123,-28.98,3.31,29.33,624.25,-35.3710039,149.1787414
229.187,-28.97,3.32,29.33,624.25,-35.3710039,149.1787414
229.226,-28.97,3.31,29.33,624.25,-35.3710286,149.1787303
229.283,-28.97,3.30,29.33,624.25,-35.3710286,149.1787303
229.323,-28.96,3.30,29.32,624.25,-35.3710535,149.1787199
229.387,-28.91,3.31,29.32,624.25,-35.3710535,149.1787199
229.426,-28.91,3.30,29.31,624.25,-35.3710787,149.1787102
229.483,-28.99,3.29,29.31,624.25,-35.3710787,149.1787102
229.523,-28.93,3.30,29.30,624.25,-35.3711040,149.1787012
229.587,-28.77,3.31,29.30,624.25,-35.3711040,149.1787012
229.626,-28.87,3.30,29.29,624.25,-35.3711295,149.1786929
229.683,-29.08,3.28,29.29,624.25,-35.3711295,149.1786929
229.723,-28.83,3.30,29.30,624.26,-35.3711551,149.1786854
229.787,-28.56,3.31,29.30,624.26,-35.3711551,149.1786854
229.827,-29.00,3.28,29.31,624.26,-35.3711809,149.1786786
229.883,-29.23,3.28,29.31,624.26,-35.3711809,149.1786786
229.923,-28.53,3.34,29.33,624.26,-35.3712067,149.1786726
229.987,-28.40,3.33,29.33,624.26,-35.3712067,149.1786726
230.026,-29.41,3.25,29.31,624.26,-35.3712327,149.1786673
230.083,-29.30,3.29,29.31,624.26,-35.3712327,149.1786673
230.123,-27.95,3.38,29.29,624.27,-35.3712588,149.1786628
230.187,-28.35,3.32,29.29,624.27,-35.3712588,149.1786628
230.227,-29.22,3.26,29.29,624.27,-35.3712850,149.1786591
230.283,-28.84,3.32,29.29,624.27,-35.3712850,149.1786591
230.323,-28.45,3.34,29.27,624.28,-35.3713112,149.1786561
230.387,-28.67,3.29,29.27,624.28,-35.3713112,149.1786561
230.427,-28.83,3.30,29.27,624.28,-35.3713374,149.1786539
230.483,-28.82,3.33,29.27,624.28,-35.3713374,149.1786539
230.523,-28.78,3.31,29.29,624.29,-35.3713638,149.1786525
230.587,-28.82,3.30,29.29,624.29,-35.3713638,149.1786525
230.627,-28.87,3.33,29.30,624.29,-35.3713901,149.1786517
230.683,-28.90,3.33,29.30,624.29,-35.3713901,149.1786517
230.723,-28.90,3.30,29.30,624.30,-35.3714164,149.1786518
230.787,-28.92,3.32,29.30,624.30,-35.3714164,149.1786518
230.827,-28.93,3.33,29.32,624.31,-35.3714427,149.1786526
230.883,-28.94,3.31,29.32,624.31,-35.3714427,149.1786526
230.923,-28.93,3.31,29.30,624.31,-35.3714690,149.1786540
230.987,-28.93,3.32,29.30,624.31,-35.3714690,149.1786540
231.027,-28.93,3.31,29.30,624.32,-35.3714953,149.1786563
231.083,-28.92,3.31,29.30,624.32,-35.3714953,149.1786563
231.123,-28.92,3.32,29.32,624.33,-35.3715215,149.1786593
231.187,-28.92,3.31,29.32,624.33,-35.3715215,149.1786593
231.227,-28.91,3.31,29.30,624.34,-35.3715476,149.1786631
231.283,-28.90,3.32,29.30,624.34,-35.3715476,149.1786631
231.323,-28.88,3.32,29.30,624.35,-35.3715737,149.1786677
231.387,-28.87,3.32,29.30,624.35,-35.3715737,149.1786677
231.427,-28.86,3.33,29.32,624.35,-35.3715996,149.1786729
231.483,-28.82,3.32,29.32,624.35,-35.3715996,149.1786729
231.523,-28.81,3.32,29.31,624.36,-35.3716255,149.1786789
231.587,-28.84,3.32,29.31,624.36,-35.3716255,149.1786789
231.626,-28.80,3.32,29.29,624.37,-35.3716512,149.1786857
231.683,-28.74,3.31,29.29,624.37,-35.3716512,149.1786857
231.723,-28.78,3.31,29.29,624.38,-35.3716768,149.1786932
231.787,-28.79,3.31,29.29,624.38,-35.3716768,149.1786932
231.827,-28.71,3.32,29.32,624.38,-35.3717022,149.1787014
231.883,-28.73,3.31,29.32,624.38,-35.3717022,149.1787014
231.923,-28.80,3.30,29.32,624.39,-35.3717275,149.1787103
231.987,-28.71,3.31,29.32,624.39,-35.3717275,149.1787103
232.027,-28.63,3.31,29.34,624.39,-35.3717526,149.1787199
232.083,-28.77,3.30,29.34,624.39,-35.3717526,149.1787199
232.123,-28.80,3.30,29.34,624.40,-35.3717775,149.1787303
232.187,-28.57,3.30,29.34,624.40,-35.3717775,149.1787303
232.227,-28.62,3.29,29.32,624.40,-35.3718023,149.1787414
232.283,-28.84,3.28,29.32,624.40,-35.3718023,149.1787414
232.323,-28.62,3.29,29.33,624.40,-35.3718268,149.1787532
232.387,-28.51,3.29,29.33,624.40,-35.3718268,149.1787532
232.427,-28.91,3.27,29.34,624.40,-35.3718510,149.1787657
232.483,-28.64,3.29,29.34,624.40,-35.3718510,149.1787657
232.523,-28.12,3.31,29.32,624.40,-35.3718750,149.1787788
232.587,-29.07,3.24,29.32,624.40,-35.3718750,149.1787788
232.627,-29.50,3.25,29.32,624.40,-35.3718988,149.1787928
232.683,-27.55,3.36,29.32,624.40,-35.3718988,149.1787928
232.723,-27.68,3.31,29.34,624.39,-35.3719223,149.1788074
232.787,-29.96,3.18,29.34,624.39,-35.3719223,149.1788074
232.827,-29.18,3.25,29.35,624.39,-35.3719455,149.1788227
232.883,-27.91,3.32,29.35,624.39,-35.3719455,149.1788227
232.923,-28.79,3.27,29.34,624.38,-35.3719683,149.1788387
232.987,-29.16,3.25,29.34,624.38,-35.3719683,149.1788387
233.027,-28.64,3.27,29.35,624.38,-35.3719909,149.1788553
233.083,-28.66,3.27,29.35,624.38,-35.3719909,149.1788553
233.123,-28.85,3.26,29.36,624.37,-35.3720132,149.1788726
233.187,-28.75,3.25,29.36,624.37,-35.3720132,149.1788726
233.227,-28.69,3.24,29.36,624.36,-35.3720351,149.1788905
233.283,-28.73,3.24,29.36,624.36,-35.3720351,149.1788905
233.323,-28.73,3.24,29.34,624.35,-35.3720567,149.1789090
233.387,-28.70,3.25,29.34,624.35,-35.3720567,149.1789090
233.427,-28.70,3.24,29.34,624.34,-35.3720779,149.1789281
233.483,-28.70,3.24,29.34,624.34,-35.3720779,149.1789281
233.523,-28.69,3.24,29.33,624.33,-35.3720988,149.1789478
233.587,-28.67,3.26,29.33,624.33,-35.3720988,149.1789478
233.627,-28.66,3.26,29.32,624.32,-35.3721193,149.1789681
233.683,-28.65,3.26,29.32,624.32,-35.3721193,149.1789681
233.723,-28.65,3.27,29.34,624.32,-35.3721394,149.1789890
233.787,-28.64,3.28,29.34,624.32,-35.3721394,149.1789890
233.827,-28.64,3.28,29.34,624.31,-35.3721591,149.1790104
233.883,-28.63,3.29,29.34,624.31,-35.3721591,149.1790104
233.923,-28.61,3.30,29.33,624.30,-35.3721784,149.1790324
233.987,-28.61,3.30,29.33,624.30,-35.3721784,149.1790324
234.027,-28.60,3.30,29.33,624.29,-35.3721973,149.1790549
234.083,-28.60,3.31,29.33,624.29,-35.3721973,149.1790549
234.123,-28.60,3.32,29.34,624.28,-35.3722157,149.1790779
234.187,-28.60,3.31,29.34,624.28,-35.3722157,149.1790779
234.227,-28.59,3.31,29.33,624.27,-35.3722337,149.1791015
234.283,-28.60,3.33,29.33,624.27,-35.3722337,149.1791015
234.323,-28.60,3.33,29.32,624.27,-35.3722513,149.1791256
234.387,-28.58,3.33,29.32,624.27,-35.3722513,149.1791256
234.427,-28.57,3.34,29.31,624.26,-35.3722683,149.1791502
234.483,-28.61,3.36,29.31,624.26,-35.3722683,149.1791502
234.523,-28.59,3.37,29.35,624.25,-35.3722850,149.1791752
234.587,-28.55,3.37,29.35,624.25,-35.3722850,149.1791752
234.627,-28.58,3.37,29.34,624.25,-35.3723011,149.1792008
234.683,-28.62,3.38,29.34,624.25,-35.3723011,149.1792008
234.723,-28.54,3.39,29.34,624.24,-35.3723167,149.1792268
234.787,-28.51,3.41,29.34,624.24,-35.3723167,149.1792268
234.827,-28.63,3.41,29.35,624.23,-35.3723318,149.1792532
234.883,-28.57,3.41,29.35,624.23,-35.3723318,149.1792532
234.923,-28.41,3.42,29.36,624.23,-35.3723465,149.1792801
234.987,-28.54,3.42,29.36,624.23,-35.3723465,149.1792801
235.027,-28.69,3.41,29.34,624.22,-35.3723606,149.1793073
235.083,-28.40,3.43,29.34,624.22,-35.3723606,149.1793073
235.123,-28.28,3.44,29.33,624.21,-35.3723741,149.1793350
235.187,-28.67,3.43,29.33,624.21,-35.3723741,149.1793350
235.227,-28.68,3.44,29.33,624.20,-35.3723872,149.1793631
235.283,-28.22,3.46,29.33,624.20,-35.3723872,149.1793631
235.323,-28.37,3.45,29.32,624.19,-35.3723997,149.1793915
235.387,-28.68,3.45,29.32,624.19,-35.3723997,149.1793915
235.427,-28.34,3.48,29.32,624.18,-35.3724117,149.1794203
235.483,-28.50,3.47,29.32,624.18,-35.3724117,149.1794203
235.523,-28.86,3.46,29.32,624.17,-35.3724230,149.1794495
235.587,-27.76,3.53,29.32,624.17,-35.3724230,149.1794495
235.627,-27.63,3.55,29.34,624.16,-35.3724339,149.1794789
235.683,-28.76,3.49,29.34,624.16,-35.3724339,149.1794789
235.723,-28.37,3.47,29.33,624.15,-35.3724442,149.1795087
235.787,-27.74,3.52,29.33,624.15,-35.3724442,149.1795087
235.827,-28.20,3.55,29.32,624.14,-35.3724539,149.1795387
235.883,-28.41,3.53,29.32,624.14,-35.3724539,149.1795387
235.923,-28.16,3.50,29.33,624.14,-35.3724630,149.1795690
235.987,-28.18,3.54,29.33,624.14,-35.3724630,149.1795690
236.027,-28.29,3.57,29.33,624.14,-35.3724716,149.1795996
236.083,-28.27,3.53,29.33,624.14,-35.3724716,149.1795996
236.123,-28.25,3.54,29.31,624.14,-35.3724795,149.1796303
236.187,-28.29,3.57,29.31,624.14,-35.3724795,149.1796303
236.227,-28.30,3.57,29.31,624.14,-35.3724869,149.1796614
236.283,-28.30,3.57,29.31,624.14,-35.3724869,149.1796614
236.323,-28.30,3.60,29.30,624.14,-35.3724937,149.1796926
236.387,-28.30,3.60,29.30,624.14,-35.3724937,149.1796926
236.427,-28.30,3.59,29.30,624.13,-35.3724999,149.1797240
236.483,-28.29,3.61,29.30,624.13,-35.3724999,149.1797240
236.523,-28.28,3.63,29.31,624.13,-35.3725055,149.1797556
236.587,-28.28,3.63,29.31,624.13,-35.3725055,149.1797556
236.627,-28.28,3.63,29.33,624.13,-35.3725105,149.1797873
236.683,-28.27,3.64,29.33,624.13,-35.3725105,149.1797873
236.723,-28.26,3.64,29.34,624.13,-35.3725149,149.1798192
236.787,-28.27,3.64,29.34,624.13,-35.3725149,149.1798192
236.827,-28.27,3.64,29.35,624.13,-35.3725187,149.1798512
236.883,-28.27,3.64,29.35,624.13,-35.3725187,149.1798512
236.923,-28.28,3.65,29.36,624.13,-35.3725219,149.1798833
236.987,-28.29,3.65,29.36,624.13,-35.3725219,149.1798833
237.027,-28.29,3.65,29.37,624.14,-35.3725245,149.1799154
237.083,-28.28,3.65,29.37,624.14,-35.3725245,149.1799154
237.123,-28.30,3.65,29.34,624.14,-35.3725264,149.1799477
237.187,-28.30,3.65,29.34,624.14,-35.3725264,149.1799477
237.227,-28.28,3.65,29.33,624.14,-35.3725278,149.1799799
237.283,-28.32,3.65,29.33,624.14,-35.3725278,149.1799799
237.323,-28.33,3.66,29.36,624.14,-35.3725286,149.1800123
237.387,-28.29,3.66,29.36,624.14,-35.3725286,149.1800123
237.427,-28.29,3.65,29.34,624.14,-35.3725288,149.1800446
237.483,-28.34,3.67,29.34,624.14,-35.3725288,149.1800446
237.523,-28.32,3.67,29.33,624.14,-35.3725284,149.1800769
237.587,-28.29,3.67,29.33,624.14,-35.3725284,149.1800769
237.627,-28.32,3.67,29.34,624.14,-35.3725274,149.1801092
237.683,-28.31,3.67,29.34,624.14,-35.3725274,149.1801092
237.723,-28.27,3.67,29.36,624.14,-35.3725258,149.1801415
237.787,-28.36,3.67,29.36,624.14,-35.3725258,149.1801415
237.827,-28.39,3.67,29.36,624.14,-35.3725235,149.1801737
237.883,-28.19,3.68,29.36,624.14,-35.3725235,149.1801737
237.923,-28.23,3.67,29.36,624.15,-35.3725207,149.1802058
237.987,-28.57,3.64,29.36,624.15,-35.3725207,149.1802058
238.027,-28.39,3.65,29.35,624.15,-35.3725172,149.1802379
238.083,-27.89,3.68,29.35,624.15,-35.3725172,149.1802379
238.123,-28.37,3.65,29.33,624.15,-35.3725131,149.1802698
238.187,-28.95,3.62,29.33,624.15,-35.3725131,149.1802698
238.227,-28.04,3.69,29.32,624.15,-35.3725085,149.1803016
238.283,-27.59,3.71,29.32,624.15,-35.3725085,149.1803016
238.323,-29.10,3.61,29.31,624.15,-35.3725031,149.1803333
238.387,-29.09,3.63,29.31,624.15,-35.3725031,149.1803333
238.427,-26.86,3.77,29.30,624.16,-35.3724973,149.1803648
238.483,-27.65,3.68,29.30,624.16,-35.3724973,149.1803648
238.523,-29.08,3.57,29.30,624.16,-35.3724908,149.1803961
238.587,-28.27,3.65,29.30,624.16,-35.3724908,149.1803961
238.627,-27.78,3.70,29.29,624.17,-35.3724838,149.1804273
238.683,-28.22,3.65,29.29,624.17,-35.3724838,149.1804273
238.723,-28.37,3.64,29.32,624.18,-35.3724762,149.1804583
238.787,-28.27,3.68,29.32,624.18,-35.3724762,149.1804583
238.827,-28.27,3.68,29.32,624.19,-35.3724681,149.1804890
238.883,-28.31,3.65,29.32,624.19,-35.3724681,149.1804890
238.923,-28.35,3.66,29.34,624.20,-35.3724593,149.1805195
238.987,-28.38,3.68,29.34,624.20,-35.3724593,149.1805195
239.027,-28.39,3.66,29.34,624.21,-35.3724500,149.1805497
239.083,-28.41,3.64,29.34,624.21,-35.3724500,149.1805497
239.123,-28.41,3.66,29.35,624.22,-35.3724401,149.1805797
239.187,-28.43,3.66,29.35,624.22,-35.3724401,149.1805797
239.227,-28.44,3.64,29.35,624.23,-35.3724296,149.1806093
239.283,-28.45,3.63,29.35,624.23,-35.3724296,149.1806093
239.323,-28.47,3.65,29.33,624.24,-35.3724186,149.1806387
239.387,-28.49,3.64,29.33,624.24,-35.3724186,149.1806387
239.427,-28.50,3.61,29.34,624.24,-35.3724070,149.1806678
239.483,-28.51,3.62,29.34,624.24,-35.3724070,149.1806678
239.523,-28.52,3.62,29.33,624.25,-35.3723949,149.1806965
239.587,-28.54,3.60,29.33,624.25,-35.3723949,149.1806965
239.627,-28.56,3.60,29.33,624.26,-35.3723822,149.1807249
239.683,-28.57,3.60,29.33,624.26,-35.3723822,149.1807249
239.723,-28.57,3.61,29.34,624.26,-35.3723690,149.1807529
239.787,-28.60,3.59,29.34,624.26,-35.3723690,149.1807529
239.827,-28.60,3.59,29.36,624.26,-35.3723553,149.1807805
239.883,-28.61,3.59,29.36,624.26,-35.3723553,149.1807805
239.923,-28.63,3.58,29.35,624.26,-35.3723411,149.1808077
239.987,-28.64,3.57,29.35,624.26,-35.3723411,149.1808077
240.027,-28.63,3.57,29.36,624.26,-35.3723264,149.1808346
240.083,-28.67,3.56,29.36,624.26,-35.3723264,149.1808346
240.123,-28.69,3.55,29.35,624.26,-35.3723111,149.1808610
240.187,-28.66,3.55,29.35,624.26,-35.3723111,149.1808610
240.227,-28.67,3.55,29.34,624.26,-35.3722954,149.1808870
240.283,-28.75,3.54,29.34,624.26,-35.3722954,149.1808870
240.323,-28.72,3.54,29.34,624.25,-35.3722792,149.1809125
240.387,-28.65,3.54,29.34,624.25,-35.3722792,149.1809125
240.427,-28.74,3.51,29.34,624.25,-35.3722625,149.1809375
240.483,-28.81,3.51,29.34,624.25,-35.3722625,149.1809375
240.523,-28.65,3.51,29.37,624.24,-35.3722454,149.1809621
240.587,-28.69,3.49,29.37,624.24,-35.3722454,149.1809621
240.627,-28.92,3.48,29.37,624.24,-35.3722278,149.1809862
240.683,-28.76,3.48,29.37,624.24,-35.3722278,149.1809862
240.723,-28.51,3.49,29.38,624.23,-35.3722097,149.1810098
240.787,-28.92,3.46,29.38,624.23,-35.3722097,149.1810098
240.827,-29.13,3.47,29.40,624.23,-35.3721912,149.1810329
240.883,-28.47,3.50,29.40,624.23,-35.3721912,149.1810329
240.923,-28.46,3.48,29.39,624.22,-35.3721723,149.1810554
240.987,-29.33,3.44,29.39,624.22,-35.3721723,149.1810554
241.027,-29.03,3.47,29.37,624.21,-35.3721529,149.1810774
241.083,-28.27,3.50,29.37,624.21,-35.3721529,149.1810774
241.123,-29.06,3.45,29.36,624.20,-35.3721331,149.1810988
241.187,-29.25,3.46,29.36,624.20,-35.3721331,149.1810988
241.227,-28.07,3.52,29.37,624.21,-35.3721130,149.1811197
241.283,-29.33,3.44,29.37,624.21,-35.3721130,149.1811197
241.323,-30.48,3.39,29.38,624.20,-35.3720924,149.1811399
241.387,-28.68,3.53,29.38,624.20,-35.3720924,149.1811399
241.427,-28.58,3.58,29.38,624.21,-35.3720716,149.1811597
241.483,-29.83,3.50,29.38,624.21,-35.3720716,149.1811597
241.523,-29.40,3.44,29.35,624.22,-35.3720503,149.1811789
241.587,-28.89,3.48,29.35,624.22,-35.3720503,149.1811789
241.627,-29.19,3.53,29.34,624.23,-35.3720287,149.1811974
241.683,-29.22,3.47,29.34,624.23,-35.3720287,149.1811974
241.723,-29.07,3.42,29.34,624.23,-35.3720068,149.1812153
241.787,-29.09,3.48,29.34,624.23,-35.3720068,149.1812153
241.827,-29.12,3.48,29.32,624.24,-35.3719845,149.1812325
241.883,-29.09,3.42,29.32,624.24,-35.3719845,149.1812325
241.923,-29.09,3.42,29.32,624.24,-35.3719618,149.1812490
241.987,-29.09,3.46,29.32,624.24,-35.3719618,149.1812490
242.027,-29.08,3.43,29.34,624.24,-35.3719388,149.1812649
242.083,-29.08,3.41,29.34,624.24,-35.3719388,149.1812649
242.123,-29.08,3.43,29.35,624.23,-35.3719156,149.1812800
242.187,-29.07,3.42,29.35,624.23,-35.3719156,149.1812800
242.227,-29.07,3.42,29.36,624.23,-35.3718920,149.1812945
242.283,-29.07,3.42,29.36,624.23,-35.3718920,149.1812945
242.323,-29.07,3.42,29.33,624.22,-35.3718682,149.1813083
242.387,-29.07,3.41,29.33,624.22,-35.3718682,149.1813083
242.427,-29.06,3.41,29.34,624.22,-35.3718440,149.1813215
242.483,-29.05,3.41,29.34,624.22,-35.3718440,149.1813215
242.523,-29.05,3.42,29.34,624.21,-35.3718197,149.1813339
242.587,-29.04,3.41,29.34,624.21,-35.3718197,149.1813339
242.627,-29.04,3.40,29.33,624.21,-35.3717951,149.1813456
242.683,-29.03,3.41,29.33,624.21,-35.3717951,149.1813456
242.723,-29.03,3.40,29.34,624.20,-35.3717703,149.1813566
242.787,-29.02,3.39,29.34,624.20,-35.3717703,149.1813566
242.827,-28.99,3.40,29.33,624.20,-35.3717453,149.1813668
242.883,-28.99,3.41,29.33,624.20,-35.3717453,149.1813668
242.923,-29.00,3.40,29.33,624.19,-35.3717201,149.1813764
242.987,-28.96,3.40,29.33,624.19,-35.3717201,149.1813764
243.027,-28.93,3.40,29.33,624.19,-35.3716947,149.1813852
243.083,-28.99,3.41,29.33,624.19,-35.3716947,149.1813852
243.123,-29.00,3.41,29.35,624.19,-35.3716692,149.1813934
243.187,-28.89,3.42,29.35,624.19,-35.3716692,149.1813934
243.227,-28.90,3.42,29.36,624.18,-35.3716435,149.1814007
243.283,-28.98,3.42,29.36,624.18,-35.3716435,149.1814007
243.323,-28.90,3.42,29.35,624.18,-35.3716177,149.1814074
243.387,-28.84,3.42,29.35,624.18,-35.3716177,149.1814074
243.427,-28.95,3.42,29.34,624.17,-35.3715918,149.1814132
243.483,-28.87,3.43,29.34,624.17,-35.3715918,149.1814132
243.523,-28.73,3.44,29.33,624.17,-35.3715658,149.1814184
243.587,-28.98,3.41,29.33,624.17,-35.3715658,149.1814184
243.627,-29.06,3.41,29.34,624.17,-35.3715397,149.1814227
243.683,-28.48,3.45,29.34,624.17,-35.3715397,149.1814227
243.723,-28.59,3.43,29.34,624.16,-35.3715135,149.1814263
243.787,-29.49,3.38,29.34,624.16,-35.3715135,149.1814263
243.827,-28.92,3.42,29.35,624.16,-35.3714872,149.1814292
243.883,-27.78,3.47,29.35,624.16,-35.3714872,149.1814292
243.923,-29.11,3.38,29.33,624.15,-35.3714609,149.1814313
243.987,-30.14,3.35,29.33,624.15,-35.3714609,149.1814313
244.027,-27.69,3.50,29.32,624.15,-35.3714346,149.1814327
244.083,-27.46,3.47,29.32,624.15,-35.3714346,149.1814327
244.123,-31.22,3.27,29.31,624.14,-35.3714083,149.1814331
244.187,-29.80,3.40,29.31,624.14,-35.3714083,149.1814331
244.227,-27.04,3.56,29.32,624.16,-35.3713819,149.1814332
244.283,-28.73,3.46,29.32,624.16,-35.3713819,149.1814332
244.323,-29.61,3.39,29.32,624.17,-35.3713556,149.1814322
244.387,-28.66,3.44,29.32,624.17,-35.3713556,149.1814322
244.427,-28.54,3.47,29.31,624.19,-35.3713293,149.1814307
244.483,-28.84,3.43,29.31,624.19,-35.3713293,149.1814307
244.523,-28.82,3.41,29.32,624.21,-35.3713031,149.1814284
244.587,-28.77,3.46,29.32,624.21,-35.3713031,149.1814284
244.627,-28.80,3.45,29.31,624.23,-35.3712769,149.1814254
244.683,-28.80,3.41,29.31,624.23,-35.3712769,149.1814254
244.723,-28.80,3.44,29.29,624.25,-35.3712508,149.1814215
244.787,-28.81,3.46,29.29,624.25,-35.3712508,149.1814215
244.827,-28.81,3.43,29.28,624.26,-35.3712247,149.1814168
244.883,-28.81,3.42,29.28,624.26,-35.3712247,149.1814168
244.923,-28.83,3.45,29.29,624.28,-35.3711988,149.1814114
244.987,-28.82,3.44,29.29,624.28,-35.3711988,149.1814114
245.027,-28.82,3.42,29.28,624.29,-35.3711730,149.1814052
245.083,-28.82,3.44,29.28,624.29,-35.3711730,149.1814052
245.123,-28.81,3.44,29.27,624.30,-35.3711473,149.1813982
245.187,-28.80,3.41,29.27,624.30,-35.3711473,149.1813982
245.227,-28.79,3.42,29.29,624.31,-35.3711217,149.1813905
245.283,-28.79,3.42,29.29,624.31,-35.3711217,149.1813905
245.323,-28.78,3.41,29.29,624.32,-35.3710963,149.1813821
245.387,-28.76,3.39,29.29,624.32,-35.3710963,149.1813821
245.427,-28.76,3.40,29.28,624.33,-35.3710711,149.1813729
245.483,-28.75,3.39,29.28,624.33,-35.3710711,149.1813729
245.523,-28.75,3.38,29.28,624.33,-35.3710460,149.1813630
245.587,-28.74,3.37,29.28,624.33,-35.3710460,149.1813630
245.627,-28.73,3.38,29.27,624.34,-35.3710211,149.1813524
245.683,-28.72,3.36,29.27,624.34,-35.3710211,149.1813524
245.723,-28.70,3.34,29.28,624.34,-35.3709965,149.1813411
245.787,-28.69,3.35,29.28,624.34,-35.3709965,149.1813411
245.827,-28.70,3.35,29.28,624.34,-35.3709720,149.1813290
245.883,-28.67,3.33,29.28,624.34,-35.3709720,149.1813290
245.923,-28.64,3.33,29.28,624.34,-35.3709478,149.1813163
245.987,-28.66,3.32,29.28,624.34,-35.3709478,149.1813163
246.027,-28.67,3.31,29.31,624.34,-35.3709239,149.1813029
246.083,-28.62,3.31,29.31,624.34,-35.3709239,149.1813029
246.123,-28.60,3.31,29.30,624.34,-35.3709002,149.1812887
246.187,-28.63,3.30,29.30,624.34,-35.3709002,149.1812887
246.227,-28.63,3.30,29.32,624.34,-35.3708768,149.1812740
246.283,-28.59,3.29,29.32,624.34,-35.3708768,149.1812740
246.323,-28.58,3.28,29.32,624.33,-35.3708536,149.1812585
246.387,-28.56,3.27,29.32,624.33,-35.3708536,149.1812585
246.427,-28.56,3.26,29.33,624.33,-35.3708308,149.1812424
246.483,-28.63,3.26,29.33,624.33,-35.3708308,149.1812424
246.523,-28.57,3.27,29.32,624.33,-35.3708083,149.1812256
246.587,-28.40,3.27,29.32,624.33,-35.3708083,149.1812256
246.627,-28.56,3.26,29.33,624.32,-35.3707861,149.1812082
246.683,-28.81,3.24,29.33,624.32,-35.3707861,149.1812082
246.723,-28.42,3.26,29.34,624.32,-35.3707642,149.1811902
246.787,-28.11,3.27,29.34,624.32,-35.3707642,149.1811902
246.827,-28.82,3.23,29.33,624.31,-35.3707427,149.1811716
246.883,-29.09,3.21,29.33,624.31,-35.3707427,149.1811716
246.923,-27.89,3.28,29.35,624.30,-35.3707215,149.1811523
246.987,-27.83,3.27,29.35,624.30,-35.3707215,149.1811523
247.027,-29.70,3.16,29.36,624.29,-35.3707008,149.1811324
247.083,-29.08,3.22,29.36,624.29,-35.3707008,149.1811324
247.123,-27.47,3.30,29.34,624.29,-35.3706804,149.1811120
247.187,-28.29,3.24,29.34,624.29,-35.3706804,149.1811120
247.227,-29.08,3.22,29.33,624.27,-35.3706604,149.1810909
247.283,-28.55,3.25,29.33,624.27,-35.3706604,149.1810909
247.323,-28.29,3.24,29.33,624.26,-35.3706409,149.1810692
247.387,-28.51,3.21,29.33,624.26,-35.3706409,149.1810692
247.427,-28.58,3.22,29.33,624.25,-35.3706217,149.1810470
247.483,-28.52,3.25,29.33,624.25,-35.3706217,149.1810470
247.523,-28.50,3.23,29.32,624.23,-35.3706030,149.1810242
247.587,-28.51,3.22,29.32,624.23,-35.3706030,149.1810242
247.627,-28.51,3.24,29.32,624.22,-35.3705847,149.1810009
247.683,-28.52,3.25,29.32,624.22,-35.3705847,149.1810009
247.723,-28.51,3.24,29.35,624.20,-35.3705669,149.1809771
247.787,-28.51,3.22,29.35,624.20,-35.3705669,149.1809771
247.827,-28.50,3.23,29.36,624.19,-35.3705495,149.1809529
247.883,-28.49,3.25,29.36,624.19,-35.3705495,149.1809529
247.923,-28.48,3.25,29.36,624.18,-35.3705326,149.1809281
247.987,-28.47,3.25,29.36,624.18,-35.3705326,149.1809281
248.027,-28.46,3.26,29.34,624.18,-35.3705161,149.1809029
248.083,-28.45,3.27,29.34,624.18,-35.3705161,149.1809029
248.123,-28.45,3.27,29.33,624.17,-35.3705001,149.1808772
248.187,-28.43,3.29,29.33,624.17,-35.3705001,149.1808772
248.227,-28.44,3.29,29.35,624.17,-35.3704846,149.1808511
248.283,-28.43,3.30,29.35,624.17,-35.3704846,149.1808511
248.323,-28.42,3.31,29.35,624.16,-35.3704696,149.1808245
248.387,-28.43,3.31,29.35,624.16,-35.3704696,149.1808245
248.427,-28.44,3.30,29.36,624.16,-35.3704551,149.1807975
248.483,-28.42,3.32,29.36,624.16,-35.3704551,149.1807975
248.523,-28.43,3.32,29.34,624.15,-35.3704412,149.1807702
248.587,-28.43,3.32,29.34,624.15,-35.3704412,149.1807702
248.627,-28.41,3.33,29.34,624.15,-35.3704277,149.1807424
248.683,-28.41,3.33,29.34,624.15,-35.3704277,149.1807424
248.723,-28.43,3.33,29.34,624.15,-35.3704148,149.1807142
248.787,-28.42,3.34,29.34,624.15,-35.3704148,149.1807142
248.827,-28.38,3.35,29.32,624.14,-35.3704024,149.1806857
248.883,-28.42,3.35,29.32,624.14,-35.3704024,149.1806857
248.923,-28.44,3.34,29.34,624.14,-35.3703906,149.1806569
248.987,-28.35,3.36,29.34,624.14,-35.3703906,149.1806569
249.027,-28.36,3.36,29.34,624.14,-35.3703793,149.1806277
249.083,-28.48,3.36,29.34,624.14,-35.3703793,149.1806277
249.123,-28.41,3.37,29.33,624.14,-35.3703686,149.1805982
249.187,-28.27,3.38,29.33,624.14,-35.3703686,149.1805982
249.227,-28.43,3.38,29.32,624.14,-35.3703585,149.1805684
249.283,-28.49,3.38,29.32,624.14,-35.3703585,149.1805684
249.323,-28.21,3.40,29.31,624.14,-35.3703489,149.1805384
249.387,-28.30,3.39,29.31,624.14,-35.3703489,149.1805384
249.427,-28.69,3.37,29.31,624.14,-35.3703399,149.1805080
249.483,-28.29,3.40,29.31,624.14,-35.3703399,149.1805080
249.523,-27.85,3.42,29.31,624.14,-35.3703315,149.1804774
249.587,-28.67,3.38,29.31,624.14,-35.3703315,149.1804774
249.627,-29.01,3.37,29.32,624.14,-35.3703237,149.1804466
249.683,-27.73,3.44,29.32,624.14,-35.3703237,149.1804466
249.723,-27.72,3.43,29.32,624.14,-35.3703165,149.1804155
249.787,-29.35,3.36,29.32,624.14,-35.3703165,149.1804155
249.827,-28.75,3.43,29.31,624.14,-35.3703098,149.1803843
249.883,-27.11,3.51,29.31,624.14,-35.3703098,149.1803843
249.923,-28.07,3.40,29.32,624.13,-35.3703040,149.1803528
249.987,-28.60,3.39,29.32,624.13,-35.3703040,149.1803528
250.027,-27.96,3.48,29.32,624.14,-35.3702985,149.1803212
250.083,-28.19,3.48,29.32,624.14,-35.3702985,149.1803212
250.123,-28.43,3.42,29.33,624.14,-35.3702937,149.1802895
250.187,-28.24,3.43,29.33,624.14,-35.3702937,149.1802895
250.227,-28.25,3.48,29.32,624.15,-35.3702895,149.1802576
250.283,-28.40,3.47,29.32,624.15,-35.3702895,149.1802576
250.323,-28.38,3.43,29.33,624.15,-35.3702859,149.1802256
250.387,-28.40,3.46,29.33,624.15,-35.3702859,149.1802256
250.427,-28.44,3.47,29.33,624.16,-35.3702829,149.1801936
250.483,-28.48,3.44,29.33,624.16,-35.3702829,149.1801936
250.523,-28.49,3.44,29.32,624.17,-35.3702805,149.1801614
250.587,-28.52,3.47,29.32,624.17,-35.3702805,149.1801614
250.627,-28.54,3.45,29.34,624.18,-35.3702788,149.1801292
250.683,-28.55,3.44,29.34,624.18,-35.3702788,149.1801292
250.723,-28.56,3.46,29.32,624.18,-35.3702777,149.1800969
250.787,-28.56,3.45,29.32,624.18,-35.3702777,149.1800969
250.827,-28.56,3.44,29.31,624.19,-35.3702771,149.1800647
250.883,-28.54,3.44,29.31,624.19,-35.3702771,149.1800647
250.923,-28.53,3.45,29.31,624.19,-35.3702773,149.1800324
250.987,-28.53,3.44,29.31,624.19,-35.3702773,149.1800324
251.027,-28.53,3.43,29.32,624.20,-35.3702780,149.1800001
251.083,-28.51,3.42,29.32,624.20,-35.3702780,149.1800001
251.123,-28.49,3.42,29.32,624.20,-35.3702793,149.1799678
251.187,-28.48,3.42,29.32,624.20,-35.3702793,149.1799678
251.227,-28.47,3.40,29.33,624.20,-35.3702813,149.1799356
251.283,-28.43,3.39,29.33,624.20,-35.3702813,149.1799356
251.323,-28.41,3.40,29.32,624.20,-35.3702837,149.1799035
251.387,-28.43,3.39,29.32,624.20,-35.3702837,149.1799035
251.427,-28.42,3.39,29.35,624.20,-35.3702869,149.1798714
251.483,-28.36,3.39,29.35,624.20,-35.3702869,149.1798714
251.523,-28.36,3.38,29.36,624.19,-35.3702907,149.1798394
251.587,-28.39,3.38,29.36,624.19,-35.3702907,149.1798394
251.627,-28.34,3.38,29.36,624.19,-35.3702951,149.1798076
251.683,-28.29,3.37,29.36,624.19,-35.3702951,149.1798076
251.723,-28.34,3.37,29.37,624.18,-35.3703001,149.1797758
251.787,-28.34,3.38,29.37,624.18,-35.3703001,149.1797758
251.827,-28.25,3.38,29.36,624.18,-35.3703057,149.1797443
251.883,-28.29,3.37,29.36,624.18,-35.3703057,149.1797443
251.923,-28.37,3.36,29.38,624.17,-35.3703119,149.1797128
251.987,-28.21,3.37,29.38,624.17,-35.3703119,149.1797128
252.027,-28.19,3.37,29.39,624.16,-35.3703186,149.1796816
252.083,-28.43,3.37,29.39,624.16,-35.3703186,149.1796816
252.123,-28.30,3.37,29.38,624.16,-35.3703260,149.1796506
252.187,-28.01,3.39,29.38,624.16,-35.3703260,149.1796506
252.227,-28.42,3.38,29.38,624.14,-35.3703340,149.1796198
252.283,-28.58,3.38,29.38,624.14,-35.3703340,149.1796198
252.323,-27.77,3.42,29.39,624.14,-35.3703425,149.1795892
252.387,-28.14,3.40,29.39,624.14,-35.3703425,149.1795892
252.427,-28.88,3.37,29.38,624.12,-35.3703517,149.1795589
252.483,-28.21,3.42,29.38,624.12,-35.3703517,149.1795589
252.523,-27.93,3.43,29.37,624.11,-35.3703614,149.1795288
252.587,-28.52,3.41,29.37,624.11,-35.3703614,149.1795288
252.627,-28.52,3.42,29.36,624.10,-35.3703717,149.1794990
252.683,-28.25,3.45,29.36,624.10,-35.3703717,149.1794990
252.723,-28.35,3.45,29.35,624.08,-35.3703826,149.1794696
252.787,-28.45,3.44,29.35,624.08,-35.3703826,149.1794696
252.827,-28.40,3.45,29.34,624.07,-35.3703941,149.1794405
252.883,-28.38,3.46,29.34,624.07,-35.3703941,149.1794405
252.923,-28.40,3.46,29.35,624.05,-35.3704061,149.1794117
252.987,-28.41,3.46,29.35,624.05,-35.3704061,149.1794117
253.027,-28.40,3.47,29.37,624.04,-35.3704186,149.1793832
253.083,-28.41,3.47,29.37,624.04,-35.3704186,149.1793832
253.123,-28.41,3.47,29.37,624.02,-35.3704317,149.1793551
253.187,-28.41,3.48,29.37,624.02,-35.3704317,149.1793551
253.227,-28.41,3.48,29.37,624.01,-35.3704453,149.1793274
253.283,-28.40,3.49,29.37,624.01,-35.3704453,149.1793274
253.323,-28.40,3.51,29.38,624.00,-35.3704594,149.1793001
253.387,-28.39,3.51,29.38,624.00,-35.3704594,149.1793001
253.427,-28.38,3.50,29.39,623.99,-35.3704740,149.1792732
253.483,-28.39,3.51,29.39,623.99,-35.3704740,149.1792732
253.523,-28.39,3.53,29.40,623.97,-35.3704891,149.1792467
253.587,-28.39,3.53,29.40,623.97,-35.3704891,149.1792467
253.627,-28.39,3.53,29.37,623.97,-35.3705047,149.1792206
253.683,-28.41,3.54,29.37,623.97,-35.3705047,149.1792206
253.723,-28.42,3.55,29.38,623.96,-35.3705207,149.1791950
253.787,-28.41,3.55,29.38,623.96,-35.3705207,149.1791950
253.827,-28.42,3.55,29.36,623.95,-35.3705373,149.1791698
253.883,-28.43,3.56,29.36,623.95,-35.3705373,149.1791698
253.923,-28.42,3.57,29.38,623.94,-35.3705543,149.1791451
253.987,-28.42,3.59,29.38,623.94,-35.3705543,149.1791451
254.027,-28.43,3.59,29.39,623.93,-35.3705718,149.1791210
254.083,-28.42,3.60,29.39,623.93,-35.3705718,149.1791210
254.123,-28.41,3.61,29.38,623.92,-35.3705897,149.1790973
254.187,-28.45,3.62,29.38,623.92,-35.3705897,149.1790973
254.227,-28.42,3.62,29.38,623.92,-35.3706081,149.1790741
254.283,-28.36,3.62,29.38,623.92,-35.3706081,149.1790741
254.323,-28.43,3.63,29.38,623.91,-35.3706270,149.1790515
254.387,-28.50,3.64,29.38,623.91,-35.3706270,149.1790515
254.427,-28.35,3.65,29.36,623.91,-35.3706462,149.1790294
254.483,-28.30,3.66,29.36,623.91,-35.3706462,149.1790294
254.523,-28.56,3.65,29.34,623.90,-35.3706659,149.1790079
254.587,-28.52,3.66,29.34,623.90,-35.3706659,149.1790079
254.627,-28.12,3.69,29.35,623.90,-35.3706859,149.1789870
254.683,-28.36,3.67,29.35,623.90,-35.3706859,149.1789870
254.723,-28.91,3.65,29.35,623.89,-35.3707064,149.1789666
254.787,-28.40,3.70,29.35,623.89,-35.3707064,149.1789666
254.827,-27.75,3.73,29.34,623.89,-35.3707272,149.1789468
254.883,-28.63,3.68,29.34,623.89,-35.3707272,149.1789468
254.923,-29.34,3.68,29.36,623.89,-35.3707484,149.1789276
254.987,-28.12,3.75,29.36,623.89,-35.3707484,149.1789276
255.027,-27.66,3.75,29.34,623.89,-35.3707700,149.1789091
255.083,-28.64,3.71,29.34,623.89,-35.3707700,149.1789091
255.123,-28.77,3.74,29.35,623.89,-35.3707919,149.1788912
255.187,-28.42,3.77,29.35,623.89,-35.3707919,149.1788912
255.227,-28.40,3.75,29.36,623.89,-35.3708142,149.1788739
255.283,-28.44,3.72,29.36,623.89,-35.3708142,149.1788739
255.323,-28.49,3.75,29.35,623.89,-35.3708368,149.1788573
255.387,-28.55,3.77,29.35,623.89,-35.3708368,149.1788573
255.427,-28.55,3.74,29.36,623.90,-35.3708597,149.1788413
255.483,-28.57,3.73,29.36,623.90,-35.3708597,149.1788413
255.523,-28.60,3.76,29.33,623.90,-35.3708829,149.1788260
255.587,-28.63,3.76,29.33,623.90,-35.3708829,149.1788260
255.627,-28.64,3.75,29.31,623.90,-35.3709064,149.1788114
255.683,-28.66,3.76,29.31,623.90,-35.3709064,149.1788114
255.723,-28.66,3.77,29.32,623.90,-35.3709301,149.1787975
255.787,-28.66,3.76,29.32,623.90,-35.3709301,149.1787975
255.827,-28.66,3.75,29.34,623.90,-35.3709542,149.1787843
255.883,-28.67,3.77,29.34,623.90,-35.3709542,149.1787843
255.923,-28.66,3.77,29.32,623.90,-35.3709785,149.1787718
255.987,-28.63,3.76,29.32,623.90,-35.3709785,149.1787718
256.027,-28.63,3.77,29.34,623.90,-35.3710030,149.1787600
256.083,-28.62,3.77,29.34,623.90,-35.3710030,149.1787600
256.123,-28.60,3.77,29.33,623.90,-35.3710277,149.1787489
256.187,-28.59,3.77,29.33,623.90,-35.3710277,149.1787489
256.227,-28.60,3.77,29.31,623.90,-35.3710527,149.1787385
256.283,-28.57,3.77,29.31,623.90,-35.3710527,149.1787385
256.323,-28.55,3.77,29.32,623.90,-35.3710778,149.1787289
256.387,-28.56,3.76,29.32,623.90,-35.3710778,149.1787289
256.427,-28.55,3.76,29.31,623.90,-35.3711031,149.1787199
256.483,-28.49,3.76,29.31,623.90,-35.3711031,149.1787199
256.523,-28.52,3.74,29.31,623.90,-35.3711286,149.1787117
256.587,-28.55,3.74,29.31,623.90,-35.3711286,149.1787117
256.627,-28.47,3.75,29.29,623.90,-35.3711543,149.1787043
256.683,-28.45,3.73,29.29,623.90,-35.3711543,149.1787043
256.723,-28.53,3.72,29.32,623.90,-35.3711800,149.1786975
256.787,-28.49,3.73,29.32,623.90,-35.3711800,149.1786975
256.827,-28.37,3.74,29.30,623.91,-35.3712059,149.1786915
256.883,-28.45,3.72,29.30,623.91,-35.3712059,149.1786915
256.923,-28.54,3.72,29.32,623.91,-35.3712319,149.1786862
256.987,-28.35,3.74,29.32,623.91,-35.3712319,149.1786862
257.027,-28.30,3.73,29.32,623.92,-35.3712580,149.1786817
257.083,-28.55,3.72,29.32,623.92,-35.3712580,149.1786817
257.123,-28.47,3.73,29.34,623.92,-35.3712842,149.1786779
257.187,-28.21,3.73,29.34,623.92,-35.3712842,149.1786779
257.227,-28.44,3.71,29.34,623.93,-35.3713104,149.1786749
257.283,-28.53,3.73,29.34,623.93,-35.3713104,149.1786749
257.323,-28.12,3.75,29.31,623.94,-35.3713367,149.1786726
257.387,-28.46,3.72,29.31,623.94,-35.3713367,149.1786726
257.427,-28.94,3.71,29.32,623.94,-35.3713630,149.1786711
257.483,-27.85,3.80,29.32,623.94,-35.3713630,149.1786711
257.523,-27.57,3.78,29.30,623.95,-35.3713893,149.1786703
257.587,-29.75,3.66,29.30,623.95,-35.3713893,149.1786703
257.627,-29.31,3.73,29.28,623.96,-35.3714157,149.1786703
257.683,-25.90,3.92,29.28,623.96,-35.3714157,149.1786703
257.723,-27.65,3.77,29.28,623.96,-35.3714420,149.1786711
257.787,-29.74,3.66,29.28,623.96,-35.3714420,149.1786711
257.827,-28.13,3.77,29.30,623.97,-35.3714684,149.1786727
257.883,-27.71,3.82,29.30,623.97,-35.3714684,149.1786727
257.923,-28.57,3.78,29.31,623.98,-35.3714947,149.1786751
257.987,-28.47,3.75,29.31,623.98,-35.3714947,149.1786751
258.027,-28.21,3.77,29.31,623.99,-35.3715209,149.1786781
258.083,-28.34,3.79,29.31,623.99,-35.3715209,149.1786781
258.123,-28.41,3.77,29.30,624.00,-35.3715471,149.1786819
258.187,-28.37,3.77,29.30,624.00,-35.3715471,149.1786819
258.227,-28.38,3.78,29.32,624.02,-35.3715732,149.1786864
258.283,-28.41,3.77,29.32,624.02,-35.3715732,149.1786864
258.323,-28.41,3.76,29.29,624.03,-35.3715992,149.1786916
258.387,-28.42,3.77,29.29,624.03,-35.3715992,149.1786916
258.427,-28.43,3.76,29.31,624.05,-35.3716250,149.1786975
258.483,-28.44,3.74,29.31,624.05,-35.3716250,149.1786975
258.523,-28.45,3.74,29.33,624.07,-35.3716508,149.1787042
258.587,-28.46,3.75,29.33,624.07,-35.3716508,149.1787042
258.627,-28.47,3.74,29.33,624.09,-35.3716765,149.1787115
258.683,-28.48,3.74,29.33,624.09,-35.3716765,149.1787115
258.723,-28.49,3.72,29.33,624.10,-35.3717019,149.1787196
258.787,-28.50,3.72,29.33,624.10,-35.3717019,149.1787196
258.827,-28.52,3.72,29.32,624.12,-35.3717273,149.1787284
258.883,-28.53,3.71,29.32,624.12,-35.3717273,149.1787284
258.923,-28.54,3.70,29.33,624.14,-35.3717524,149.1787380
258.987,-28.56,3.68,29.33,624.14,-35.3717524,149.1787380
259.027,-28.57,3.69,29.31,624.16,-35.3717774,149.1787482
259.083,-28.59,3.67,29.31,624.16,-35.3717774,149.1787482
259.123,-28.60,3.67,29.30,624.18,-35.3718022,149.1787591
259.187,-28.63,3.67,29.30,624.18,-35.3718022,149.1787591
259.227,-28.65,3.65,29.32,624.20,-35.3718267,149.1787707
259.283,-28.68,3.63,29.32,624.20,-35.3718267,149.1787707
259.323,-28.69,3.63,29.31,624.21,-35.3718511,149.1787830
259.387,-28.72,3.62,29.31,624.21,-35.3718511,149.1787830
259.427,-28.73,3.61,29.33,624.22,-35.3718752,149.1787960
259.483,-28.76,3.59,29.33,624.22,-35.3718752,149.1787960
259.523,-28.77,3.58,29.34,624.24,-35.3718990,149.1788097
259.587,-28.77,3.57,29.34,624.24,-35.3718990,149.1788097
259.627,-28.79,3.56,29.33,624.25,-35.3719226,149.1788240
259.683,-28.85,3.55,29.33,624.25,-35.3719226,149.1788240
259.723,-28.83,3.54,29.32,624.26,-35.3719459,149.1788390
259.787,-28.79,3.53,29.32,624.26,-35.3719459,149.1788390
259.827,-28.88,3.53,29.30,624.27,-35.3719690,149.1788547
259.883,-28.95,3.51,29.30,624.27,-35.3719690,149.1788547
259.923,-28.83,3.51,29.32,624.28,-35.3719917,149.1788710
259.987,-28.82,3.50,29.32,624.28,-35.3719917,149.1788710
260.027,-29.05,3.47,29.34,624.29,-35.3720141,149.1788880
260.083,-29.02,3.47,29.34,624.29,-35.3720141,149.1788880
260.123,-28.72,3.46,29.35,624.29,-35.3720362,149.1789056
260.187,-28.94,3.44,29.35,624.29,-35.3720362,149.1789056
260.227,-29.34,3.42,29.32,624.30,-35.3720579,149.1789238
260.283,-28.91,3.42,29.32,624.30,-35.3720579,149.1789238
260.323,-28.50,3.43,29.35,624.30,-35.3720793,149.1789427
260.387,-29.25,3.38,29.35,624.30,-35.3720793,149.1789427
260.427,-29.63,3.37,29.35,624.30,-35.3721003,149.1789621
260.483,-28.72,3.40,29.35,624.30,-35.3721003,149.1789621
260.523,-28.53,3.39,29.35,624.30,-35.3721209,149.1789822
260.587,-29.47,3.35,29.35,624.30,-35.3721209,149.1789822
260.627,-29.43,3.36,29.34,624.30,-35.3721412,149.1790028
260.683,-28.99,3.36,29.34,624.30,-35.3721412,149.1790028
260.723,-29.05,3.33,29.34,624.30,-35.3721610,149.1790241
260.787,-29.03,3.30,29.34,624.30,-35.3721610,149.1790241
260.827,-29.10,3.32,29.32,624.29,-35.3721805,149.1790459
260.883,-29.27,3.33,29.32,624.29,-35.3721805,149.1790459
260.923,-29.22,3.30,29.31,624.29,-35.3721995,149.1790682
260.987,-29.20,3.28,29.31,624.29,-35.3721995,149.1790682
261.027,-29.28,3.31,29.34,624.29,-35.3722181,149.1790911
261.083,-29.35,3.30,29.34,624.29,-35.3722181,149.1790911
261.123,-29.37,3.29,29.32,624.29,-35.3722363,149.1791145
261.187,-29.41,3.29,29.32,624.29,-35.3722363,149.1791145
261.227,-29.43,3.29,29.34,624.29,-35.3722540,149.1791384
261.283,-29.44,3.28,29.34,624.29,-35.3722540,149.1791384
261.323,-29.44,3.27,29.34,624.29,-35.3722712,149.1791628
261.387,-29.44,3.29,29.34,624.29,-35.3722712,149.1791628
261.427,-29.44,3.28,29.35,624.29,-35.3722879,149.1791878
261.483,-29.43,3.26,29.35,624.29,-35.3722879,149.1791878
261.523,-29.43,3.26,29.34,624.28,-35.3723042,149.1792132
261.587,-29.42,3.27,29.34,624.28,-35.3723042,149.1792132
261.627,-29.42,3.26,29.33,624.28,-35.3723200,149.1792390
261.683,-29.41,3.26,29.33,624.28,-35.3723200,149.1792390
261.723,-29.40,3.26,29.32,624.27,-35.3723352,149.1792653
261.787,-29.40,3.26,29.32,624.27,-35.3723352,149.1792653
261.827,-29.40,3.26,29.35,624.27,-35.3723499,149.1792921
261.883,-29.40,3.26,29.35,624.27,-35.3723499,149.1792921
261.923,-29.40,3.26,29.36,624.26,-35.3723642,149.1793193
261.987,-29.40,3.25,29.36,624.26,-35.3723642,149.1793193
262.027,-29.39,3.25,29.38,624.25,-35.3723778,149.1793469
262.083,-29.37,3.25,29.38,624.25,-35.3723778,149.1793469
262.123,-29.38,3.24,29.37,624.24,-35.3723910,149.1793749
262.187,-29.39,3.24,29.37,624.24,-35.3723910,149.1793749
262.227,-29.37,3.25,29.36,624.22,-35.3724035,149.1794032
262.283,-29.34,3.24,29.36,624.22,-35.3724035,149.1794032
262.323,-29.36,3.24,29.34,624.21,-35.3724156,149.1794319
262.387,-29.35,3.25,29.34,624.21,-35.3724156,149.1794319
262.427,-29.30,3.26,29.33,624.20,-35.3724270,149.1794610
262.483,-29.30,3.25,29.33,624.20,-35.3724270,149.1794610
262.523,-29.35,3.25,29.32,624.18,-35.3724379,149.1794904
262.587,-29.26,3.27,29.32,624.18,-35.3724379,149.1794904
262.627,-29.21,3.27,29.33,624.17,-35.3724482,149.1795201
262.683,-29.29,3.27,29.33,624.17,-35.3724482,149.1795201
262.723,-29.29,3.28,29.31,624.15,-35.3724580,149.1795501
262.787,-29.14,3.29,29.31,624.15,-35.3724580,149.1795501
262.827,-29.17,3.29,29.33,624.14,-35.3724671,149.1795804
262.883,-29.24,3.29,29.33,624.14,-35.3724671,149.1795804
262.923,-29.09,3.30,29.34,624.13,-35.3724756,149.1796109
262.987,-29.10,3.30,29.34,624.13,-35.3724756,149.1796109
263.027,-29.31,3.30,29.33,624.11,-35.3724836,149.1796417
263.083,-28.96,3.34,29.33,624.11,-35.3724836,149.1796417
263.123,-28.68,3.34,29.32,624.10,-35.3724909,149.1796727
263.187,-29.53,3.30,29.32,624.10,-35.3724909,149.1796727
263.227,-29.65,3.33,29.29,624.09,-35.3724976,149.1797039
263.283,-27.96,3.45,29.29,624.09,-35.3724976,149.1797039
263.323,-28.36,3.39,29.32,624.07,-35.3725036,149.1797353
263.387,-29.61,3.33,29.32,624.07,-35.3725036,149.1797353
263.427,-28.94,3.41,29.31,624.06,-35.3725091,149.1797669
263.483,-28.41,3.45,29.31,624.06,-35.3725091,149.1797669
263.523,-28.88,3.42,29.29,624.05,-35.3725138,149.1797986
263.587,-29.00,3.42,29.29,624.05,-35.3725138,149.1797986
263.627,-28.79,3.45,29.28,624.04,-35.3725180,149.1798305
263.683,-28.84,3.46,29.28,624.04,-35.3725180,149.1798305
263.723,-28.92,3.45,29.30,624.03,-35.3725216,149.1798625
263.787,-28.89,3.47,29.30,624.03,-35.3725216,149.1798625
263.827,-28.87,3.49,29.32,624.02,-35.3725246,149.1798945
263.883,-28.87,3.49,29.32,624.02,-35.3725246,149.1798945
263.923,-28.86,3.50,29.29,624.02,-35.3725269,149.1799267
263.987,-28.85,3.52,29.29,624.02,-35.3725269,149.1799267
264.027,-28.84,3.52,29.29,624.01,-35.3725286,149.1799589
264.083,-28.82,3.52,29.29,624.01,-35.3725286,149.1799589
264.123,-28.79,3.54,29.30,624.00,-35.3725297,149.1799911
264.187,-28.77,3.55,29.30,624.00,-35.3725297,149.1799911
264.227,-28.76,3.55,29.31,624.00,-35.3725302,149.1800234
264.283,-28.73,3.56,29.31,624.00,-35.3725302,149.1800234
264.323,-28.71,3.57,29.32,624.00,-35.3725300,149.1800556
264.387,-28.69,3.58,29.32,624.00,-35.3725300,149.1800556
264.427,-28.66,3.58,29.31,623.99,-35.3725293,149.1800878
264.483,-28.63,3.60,29.31,623.99,-35.3725293,149.1800878
264.523,-28.62,3.61,29.29,623.99,-35.3725279,149.1801200
264.587,-28.60,3.61,29.29,623.99,-35.3725279,149.1801200
264.627,-28.57,3.62,29.30,623.99,-35.3725259,149.1801522
264.683,-28.54,3.62,29.30,623.99,-35.3725259,149.1801522
264.723,-28.54,3.63,29.30,623.98,-35.3725233,149.1801843
264.787,-28.52,3.65,29.30,623.98,-35.3725233,149.1801843
264.827,-28.48,3.66,29.31,623.98,-35.3725200,149.1802163
264.883,-28.43,3.66,29.31,623.98,-35.3725200,149.1802163
264.923,-28.45,3.67,29.28,623.98,-35.3725161,149.1802481
264.987,-28.44,3.69,29.28,623.98,-35.3725161,149.1802481
265.027,-28.36,3.69,29.28,623.99,-35.3725116,149.1802799
265.083,-28.32,3.70,29.28,623.99,-35.3725116,149.1802799
265.123,-28.41,3.70,29.29,623.99,-35.3725065,149.1803115
265.187,-28.39,3.71,29.29,623.99,-35.3725065,149.1803115
265.227,-28.20,3.72,29.29,623.99,-35.3725008,149.1803430
265.283,-28.16,3.73,29.29,623.99,-35.3725008,149.1803430
265.323,-28.39,3.74,29.30,623.99,-35.3724944,149.1803743
265.387,-28.34,3.74,29.30,623.99,-35.3724944,149.1803743
265.427,-27.96,3.76,29.30,624.00,-35.3724875,149.1804054
265.483,-28.00,3.76,29.30,624.00,-35.3724875,149.1804054
265.523,-28.50,3.75,29.29,624.01,-35.3724800,149.1804363
265.587,-28.39,3.77,29.29,624.01,-35.3724800,149.1804363
265.627,-27.63,3.82,29.29,624.02,-35.3724718,149.1804669
265.683,-27.70,3.80,29.29,624.02,-35.3724718,149.1804669
265.723,-28.83,3.76,29.28,624.02,-35.3724631,149.1804973
265.787,-28.52,3.80,29.28,624.02,-35.3724631,149.1804973
265.827,-27.52,3.83,29.28,624.04,-35.3724538,149.1805275
265.883,-27.76,3.81,29.28,624.04,-35.3724538,149.1805275
265.923,-28.35,3.82,29.29,624.05,-35.3724440,149.1805574
265.987,-28.20,3.83,29.29,624.05,-35.3724440,149.1805574
266.027,-27.91,3.82,29.27,624.07,-35.3724335,149.1805870
266.083,-27.95,3.83,29.27,624.07,-35.3724335,149.1805870
266.123,-28.10,3.85,29.28,624.08,-35.3724225,149.1806163
266.187,-28.08,3.84,29.28,624.08,-35.3724225,149.1806163
266.227,-28.05,3.83,29.29,624.10,-35.3724110,149.1806452
266.283,-28.08,3.84,29.29,624.10,-35.3724110,149.1806452
266.323,-28.12,3.84,29.31,624.11,-35.3723989,149.1806739
266.387,-28.12,3.84,29.31,624.11,-35.3723989,149.1806739
266.427,-28.11,3.83,29.30,624.13,-35.3723862,149.1807021
266.483,-28.12,3.83,29.30,624.13,-35.3723862,149.1807021
266.523,-28.12,3.83,29.30,624.14,-35.3723730,149.1807301
266.587,-28.10,3.83,29.30,624.14,-35.3723730,149.1807301
266.627,-28.10,3.83,29.32,624.16,-35.3723593,149.1807576
266.683,-28.09,3.81,29.32,624.16,-35.3723593,149.1807576
266.723,-28.07,3.80,29.31,624.17,-35.3723451,149.1807847
266.787,-28.05,3.81,29.31,624.17,-35.3723451,149.1807847
266.827,-28.06,3.81,29.32,624.19,-35.3723303,149.1808114
266.883,-28.04,3.79,29.32,624.19,-35.3723303,149.1808114
266.923,-28.03,3.80,29.31,624.20,-35.3723151,149.1808377
266.987,-28.02,3.80,29.31,624.20,-35.3723151,149.1808377
267.027,-28.01,3.79,29.31,624.21,-35.3722993,149.1808636
267.083,-27.99,3.79,29.31,624.21,-35.3722993,149.1808636
267.123,-27.99,3.78,29.32,624.23,-35.3722831,149.1808891
267.187,-27.99,3.78,29.32,624.23,-35.3722831,149.1808891
267.227,-27.97,3.77,29.32,624.24,-35.3722664,149.1809140
267.283,-27.96,3.77,29.32,624.24,-35.3722664,149.1809140
267.323,-27.98,3.77,29.34,624.25,-35.3722492,149.1809385
267.387,-27.98,3.75,29.34,624.25,-35.3722492,149.1809385
267.427,-27.94,3.76,29.35,624.26,-35.3722316,149.1809626
267.483,-27.93,3.76,29.35,624.26,-35.3722316,149.1809626
267.523,-27.98,3.74,29.35,624.26,-35.3722135,149.1809861
267.587,-27.96,3.74,29.35,624.26,-35.3722135,149.1809861
267.627,-27.89,3.75,29.34,624.27,-35.3721950,149.1810091
267.683,-27.95,3.74,29.34,624.27,-35.3721950,149.1810091
267.723,-28.05,3.73,29.33,624.27,-35.3721761,149.1810316
267.787,-27.94,3.74,29.33,624.27,-35.3721761,149.1810316
267.827,-27.83,3.73,29.36,624.28,-35.3721567,149.1810535
267.883,-28.02,3.72,29.36,624.28,-35.3721567,149.1810535
267.923,-28.14,3.72,29.37,624.28,-35.3721370,149.1810750
267.987,-27.92,3.73,29.37,624.28,-35.3721370,149.1810750
268.027,-27.84,3.72,29.38,624.28,-35.3721168,149.1810958
268.083,-28.08,3.71,29.38,624.28,-35.3721168,149.1810958
268.123,-28.19,3.72,29.40,624.28,-35.3720963,149.1811161
268.187,-28.08,3.70,29.40,624.28,-35.3720963,149.1811161
268.227,-27.91,3.70,29.40,624.28,-35.3720753,149.1811358
268.283,-27.81,3.71,29.40,624.28,-35.3720753,149.1811358
268.323,-28.08,3.70,29.41,624.28,-35.3720541,149.1811549
268.387,-28.27,3.67,29.41,624.28,-35.3720541,149.1811549
268.427,-27.96,3.66,29.41,624.28,-35.3720324,149.1811734
268.483,-27.87,3.66,29.41,624.28,-35.3720324,149.1811734
268.523,-28.14,3.67,29.39,624.27,-35.3720104,149.1811912
268.587,-28.20,3.68,29.39,624.27,-35.3720104,149.1811912
268.627,-28.08,3.65,29.40,624.27,-35.3719880,149.1812085
268.683,-28.15,3.64,29.40,624.27,-35.3719880,149.1812085
268.723,-28.20,3.65,29.42,624.26,-35.3719654,149.1812251
268.787,-28.20,3.65,29.42,624.26,-35.3719654,149.1812251
268.827,-28.20,3.62,29.41,624.25,-35.3719424,149.1812411
268.883,-28.25,3.62,29.41,624.25,-35.3719424,149.1812411
268.923,-28.26,3.62,29.40,624.24,-35.3719192,149.1812564
268.987,-28.28,3.61,29.40,624.24,-35.3719192,149.1812564
269.027,-28.31,3.61,29.38,624.23,-35.3718956,149.1812710
269.083,-28.34,3.60,29.38,624.23,-35.3718956,149.1812710
269.123,-28.35,3.61,29.37,624.22,-35.3718718,149.1812850
269.187,-28.37,3.60,29.37,624.22,-35.3718718,149.1812850
269.227,-28.39,3.59,29.38,624.21,-35.3718477,149.1812983
269.283,-28.40,3.60,29.38,624.21,-35.3718477,149.1812983
269.323,-28.42,3.61,29.38,624.20,-35.3718234,149.1813110
269.387,-28.44,3.60,29.38,624.20,-35.3718234,149.1813110
269.427,-28.45,3.59,29.39,624.19,-35.3717989,149.1813229
269.483,-28.46,3.60,29.39,624.19,-35.3717989,149.1813229
269.523,-28.47,3.60,29.38,624.17,-35.3717741,149.1813341
269.587,-28.49,3.60,29.38,624.17,-35.3717741,149.1813341
269.627,-28.52,3.59,29.40,624.16,-35.3717491,149.1813447
269.683,-28.54,3.60,29.40,624.16,-35.3717491,149.1813447
269.723,-28.54,3.60,29.41,624.15,-35.3717239,149.1813545
269.787,-28.56,3.61,29.41,624.15,-35.3717239,149.1813545
269.827,-28.58,3.61,29.42,624.14,-35.3716986,149.1813636
269.883,-28.59,3.61,29.42,624.14,-35.3716986,149.1813636
269.923,-28.60,3.61,29.40,624.12,-35.3716731,149.1813720
269.987,-28.63,3.61,29.40,624.12,-35.3716731,149.1813720
270.027,-28.65,3.62,29.38,624.11,-35.3716474,149.1813796
270.083,-28.66,3.62,29.38,624.11,-35.3716474,149.1813796
270.123,-28.67,3.62,29.38,624.10,-35.3716216,149.1813866
270.187,-28.66,3.61,29.38,624.10,-35.3716216,149.1813866
270.227,-28.69,3.61,29.36,624.08,-35.3715957,149.1813928
270.283,-28.75,3.61,29.36,624.08,-35.3715957,149.1813928
270.323,-28.70,3.61,29.36,624.07,-35.3715697,149.1813982
270.387,-28.62,3.62,29.36,624.07,-35.3715697,149.1813982
270.427,-28.74,3.62,29.35,624.06,-35.3715436,149.1814029
270.483,-28.84,3.63,29.35,624.06,-35.3715436,149.1814029
270.523,-28.65,3.64,29.35,624.05,-35.3715174,149.1814069
270.587,-28.58,3.64,29.35,624.05,-35.3715174,149.1814069
270.627,-28.89,3.62,29.36,624.05,-35.3714911,149.1814101
270.683,-28.93,3.62,29.36,624.05,-35.3714911,149.1814101
270.723,-28.50,3.66,29.37,624.04,-35.3714648,149.1814126
270.787,-28.57,3.65,29.37,624.04,-35.3714648,149.1814126
270.827,-29.19,3.62,29.35,624.03,-35.3714384,149.1814143
270.883,-28.99,3.64,29.35,624.03,-35.3714384,149.1814143
270.923,-28.24,3.70,29.36,624.03,-35.3714121,149.1814152
270.987,-28.57,3.68,29.36,624.03,-35.3714121,149.1814152
271.027,-29.50,3.61,29.36,624.02,-35.3713857,149.1814154
271.083,-28.88,3.66,29.36,624.02,-35.3713857,149.1814154
271.123,-28.20,3.70,29.33,624.02,-35.3713593,149.1814148
271.187,-28.48,3.66,29.33,624.02,-35.3713593,149.1814148
271.227,-28.87,3.66,29.35,624.02,-35.3713330,149.1814134
271.283,-28.88,3.71,29.35,624.02,-35.3713330,149.1814134
271.323,-28.71,3.70,29.33,624.02,-35.3713067,149.1814113
271.387,-28.68,3.68,29.33,624.02,-35.3713067,149.1814113
271.427,-28.78,3.71,29.34,624.02,-35.3712804,149.1814084
271.483,-28.82,3.72,29.34,624.02,-35.3712804,149.1814084
271.523,-28.79,3.69,29.31,624.02,-35.3712542,149.1814048
271.587,-28.80,3.70,29.31,624.02,-35.3712542,149.1814048
271.627,-28.83,3.73,29.33,624.03,-35.3712281,149.1814006
271.683,-28.85,3.72,29.33,624.03,-35.3712281,149.1814006
271.723,-28.86,3.70,29.34,624.03,-35.3712021,149.1813955
271.787,-28.87,3.72,29.34,624.03,-35.3712021,149.1813955
271.827,-28.88,3.73,29.32,624.04,-35.3711762,149.1813897
271.883,-28.89,3.72,29.32,624.04,-35.3711762,149.1813897
271.923,-28.89,3.72,29.33,624.04,-35.3711504,149.1813831
271.987,-28.91,3.73,29.33,624.04,-35.3711504,149.1813831
272.027,-28.92,3.72,29.33,624.05,-35.3711248,149.1813758
272.083,-28.92,3.71,29.33,624.05,-35.3711248,149.1813758
272.123,-28.93,3.72,29.30,624.06,-35.3710993,149.1813678
272.187,-28.94,3.72,29.30,624.06,-35.3710993,149.1813678
272.227,-28.93,3.72,29.31,624.07,-35.3710740,149.1813590
272.283,-28.94,3.72,29.31,624.07,-35.3710740,149.1813590
272.323,-28.95,3.72,29.32,624.08,-35.3710488,149.1813496
272.387,-28.96,3.71,29.32,624.08,-35.3710488,149.1813496
272.427,-28.94,3.71,29.30,624.09,-35.3710238,149.1813393
272.483,-28.96,3.72,29.30,624.09,-35.3710238,149.1813393
272.523,-28.97,3.72,29.29,624.10,-35.3709991,149.1813284
272.587,-28.95,3.71,29.29,624.10,-35.3709991,149.1813284
272.627,-28.95,3.72,29.29,624.11,-35.3709745,149.1813168
272.683,-28.98,3.73,29.29,624.11,-35.3709745,149.1813168
272.723,-28.99,3.72,29.31,624.12,-35.3709502,149.1813045
272.787,-28.95,3.70,29.31,624.12,-35.3709502,149.1813045
272.827,-28.96,3.71,29.32,624.13,-35.3709262,149.1812914
272.883,-28.99,3.70,29.32,624.13,-35.3709262,149.1812914
272.923,-28.97,3.70,29.31,624.14,-35.3709023,149.1812777
272.987,-28.95,3.70,29.31,624.14,-35.3709023,149.1812777
273.027,-28.96,3.69,29.31,624.14,-35.3708788,149.1812633
273.083,-28.95,3.69,29.31,624.14,-35.3708788,149.1812633
273.123,-28.93,3.68,29.32,624.15,-35.3708555,149.1812483
273.187,-29.00,3.67,29.32,624.15,-35.3708555,149.1812483
273.227,-28.98,3.67,29.32,624.16,-35.3708326,149.1812325
273.283,-28.84,3.66,29.32,624.16,-35.3708326,149.1812325
273.323,-28.95,3.65,29.32,624.17,-35.3708099,149.1812161
273.387,-29.15,3.63,29.32,624.17,-35.3708099,149.1812161
273.427,-28.89,3.64,29.33,624.18,-35.3707876,149.1811991
273.483,-28.68,3.63,29.33,624.18,-35.3707876,149.1811991
273.523,-29.20,3.60,29.33,624.19,-35.3707656,149.1811814
273.587,-29.30,3.60,29.33,624.19,-35.3707656,149.1811814
273.627,-28.43,3.63,29.33,624.20,-35.3707439,149.1811631
273.683,-28.69,3.60,29.33,624.20,-35.3707439,149.1811631
273.723,-29.98,3.54,29.33,624.21,-35.3707227,149.1811441
273.787,-29.10,3.60,29.33,624.21,-35.3707227,149.1811441
273.827,-27.62,3.65,29.32,624.22,-35.3707017,149.1811246
273.883,-28.95,3.55,29.32,624.22,-35.3707017,149.1811246
273.923,-29.81,3.53,29.31,624.23,-35.3706812,149.1811044
273.987,-28.72,3.61,29.31,624.23,-35.3706812,149.1811044
274.027,-28.45,3.60,29.32,624.25,-35.3706610,149.1810837
274.083,-29.04,3.55,29.32,624.25,-35.3706610,149.1810837
274.123,-29.06,3.56,29.32,624.27,-35.3706412,149.1810625
274.187,-28.89,3.60,29.32,624.27,-35.3706412,149.1810625
274.227,-28.93,3.57,29.30,624.29,-35.3706219,149.1810406
274.283,-28.99,3.54,29.30,624.29,-35.3706219,149.1810406
274.323,-28.97,3.56,29.32,624.30,-35.3706030,149.1810183
274.387,-28.99,3.58,29.32,624.30,-35.3706030,149.1810183
274.427,-28.99,3.55,29.33,624.31,-35.3705845,149.1809953
274.483,-29.00,3.53,29.33,624.31,-35.3705845,149.1809953
274.523,-29.01,3.55,29.33,624.32,-35.3705665,149.1809718
274.587,-29.02,3.53,29.33,624.32,-35.3705665,149.1809718
274.627,-29.02,3.51,29.32,624.33,-35.3705489,149.1809478
274.683,-29.03,3.52,29.32,624.33,-35.3705489,149.1809478
274.723,-29.04,3.52,29.33,624.33,-35.3705318,149.1809232
274.787,-29.04,3.50,29.33,624.33,-35.3705318,149.1809232
274.827,-29.04,3.49,29.32,624.34,-35.3705152,149.1808982
274.883,-29.04,3.50,29.32,624.34,-35.3705152,149.1808982
274.923,-29.05,3.48,29.33,624.34,-35.3704991,149.1808727
274.987,-29.04,3.46,29.33,624.34,-35.3704991,149.1808727
275.027,-29.03,3.46,29.34,624.34,-35.3704835,149.1808467
275.083,-29.05,3.45,29.34,624.34,-35.3704835,149.1808467
275.123,-29.05,3.44,29.34,624.34,-35.3704684,149.1808202
275.187,-29.02,3.43,29.34,624.34,-35.3704684,149.1808202
275.227,-29.03,3.43,29.35,624.34,-35.3704538,149.1807934
275.283,-29.06,3.41,29.35,624.34,-35.3704538,149.1807934
275.323,-29.04,3.40,29.34,624.34,-35.3704397,149.1807661
275.387,-29.00,3.41,29.34,624.34,-35.3704397,149.1807661
275.427,-29.03,3.39,29.34,624.33,-35.3704261,149.1807384
275.483,-29.04,3.38,29.34,624.33,-35.3704261,149.1807384
275.523,-28.98,3.39,29.32,624.33,-35.3704131,149.1807103
275.587,-29.00,3.37,29.32,624.33,-35.3704131,149.1807103
275.627,-29.05,3.36,29.33,624.32,-35.3704006,149.1806819
275.683,-28.98,3.37,29.33,624.32,-35.3704006,149.1806819
275.723,-28.94,3.36,29.35,624.31,-35.3703887,149.1806530
275.787,-29.04,3.35,29.35,624.31,-35.3703887,149.1806530
275.827,-29.03,3.36,29.36,624.31,-35.3703773,149.1806239
275.883,-28.88,3.36,29.36,624.31,-35.3703773,149.1806239
275.923,-28.96,3.35,29.35,624.30,-35.3703666,149.1805944
275.987,-29.04,3.33,29.35,624.30,-35.3703666,149.1805944
276.027,-28.84,3.35,29.36,624.29,-35.3703563,149.1805646
276.083,-28.89,3.33,29.36,624.29,-35.3703563,149.1805646
276.123,-29.19,3.31,29.35,624.28,-35.3703467,149.1805346
276.187,-28.76,3.34,29.35,624.28,-35.3703467,149.1805346
276.227,-28.42,3.35,29.35,624.27,-35.3703376,149.1805042
276.283,-29.41,3.29,29.35,624.27,-35.3703376,149.1805042
276.323,-29.58,3.30,29.36,624.26,-35.3703291,149.1804736
276.387,-27.75,3.40,29.36,624.26,-35.3703291,149.1804736
276.427,-28.21,3.34,29.37,624.26,-35.3703212,149.1804428
276.483,-29.68,3.25,29.37,624.26,-35.3703212,149.1804428
276.523,-28.91,3.32,29.37,624.25,-35.3703139,149.1804118
276.587,-28.29,3.36,29.37,624.25,-35.3703139,149.1804118
276.627,-28.88,3.33,29.35,624.25,-35.3703072,149.1803805
276.683,-28.97,3.31,29.35,624.25,-35.3703072,149.1803805
276.723,-28.69,3.33,29.34,624.25,-35.3703010,149.1803491
276.787,-28.78,3.34,29.34,624.25,-35.3703010,149.1803491
276.827,-28.90,3.32,29.34,624.24,-35.3702955,149.1803175
276.883,-28.89,3.34,29.34,624.24,-35.3702955,149.1803175
276.923,-28.90,3.36,29.35,624.24,-35.3702907,149.1802857
276.987,-28.95,3.35,29.35,624.24,-35.3702907,149.1802857
277.027,-28.97,3.36,29.34,624.24,-35.3702864,149.1802538
277.083,-28.98,3.37,29.34,624.24,-35.3702864,149.1802538
277.123,-28.99,3.37,29.34,624.23,-35.3702828,149.1802218
277.187,-28.99,3.37,29.34,624.23,-35.3702828,149.1802218
277.227,-28.99,3.39,29.34,624.23,-35.3702798,149.1801897
277.283,-28.98,3.40,29.34,624.23,-35.3702798,149.1801897
277.323,-28.96,3.40,29.32,624.22,-35.3702774,149.1801575
277.387,-28.95,3.40,29.32,624.22,-35.3702774,149.1801575
277.427,-28.94,3.40,29.33,624.22,-35.3702757,149.1801253
277.483,-28.92,3.39,29.33,624.22,-35.3702757,149.1801253
277.523,-28.90,3.40,29.33,624.21,-35.3702746,149.1800930
277.587,-28.87,3.40,29.33,624.21,-35.3702746,149.1800930
277.627,-28.86,3.39,29.34,624.21,-35.3702741,149.1800607
277.683,-28.84,3.40,29.34,624.21,-35.3702741,149.1800607
277.723,-28.84,3.40,29.33,624.20,-35.3702742,149.1800284
277.787,-28.81,3.40,29.33,624.20,-35.3702742,149.1800284
277.827,-28.79,3.40,29.34,624.19,-35.3702750,149.1799961
277.883,-28.76,3.42,29.34,624.19,-35.3702750,149.1799961
277.923,-28.76,3.42,29.35,624.19,-35.3702763,149.1799638
277.987,-28.73,3.42,29.35,624.19,-35.3702763,149.1799638
278.027,-28.69,3.43,29.33,624.18,-35.3702783,149.1799316
278.083,-28.68,3.43,29.33,624.18,-35.3702783,149.1799316
278.123,-28.69,3.44,29.33,624.18,-35.3702809,149.1798995
278.187,-28.65,3.45,29.33,624.18,-35.3702809,149.1798995
278.227,-28.60,3.45,29.31,624.17,-35.3702841,149.1798674
278.283,-28.59,3.45,29.31,624.17,-35.3702841,149.1798674
278.323,-28.64,3.45,29.32,624.16,-35.3702880,149.1798354
278.387,-28.60,3.46,29.32,624.16,-35.3702880,149.1798354
278.427,-28.49,3.47,29.32,624.15,-35.3702925,149.1798036
278.483,-28.49,3.48,29.32,624.15,-35.3702925,149.1798036
278.523,-28.61,3.47,29.33,624.14,-35.3702976,149.1797719
278.587,-28.58,3.49,29.33,624.14,-35.3702976,149.1797719
278.627,-28.37,3.50,29.34,624.13,-35.3703033,149.1797403
278.683,-28.35,3.50,29.34,624.13,-35.3703033,149.1797403
278.723,-28.66,3.50,29.32,624.12,-35.3703096,149.1797090
278.787,-28.67,3.50,29.32,624.12,-35.3703096,149.1797090
278.827,-28.13,3.52,29.34,624.11,-35.3703165,149.1796778
278.883,-28.08,3.53,29.34,624.11,-35.3703165,149.1796778
278.923,-28.96,3.50,29.32,624.10,-35.3703240,149.1796468
278.987,-28.99,3.50,29.32,624.10,-35.3703240,149.1796468
279.027,-27.74,3.58,29.33,624.10,-35.3703321,149.1796161
279.083,-27.90,3.57,29.33,624.10,-35.3703321,149.1796161
279.123,-28.91,3.53,29.32,624.09,-35.3703408,149.1795856
279.187,-28.65,3.55,29.32,624.09,-35.3703408,149.1795856
279.227,-28.06,3.57,29.31,624.08,-35.3703500,149.1795553
279.283,-28.24,3.56,29.31,624.08,-35.3703500,149.1795553
279.323,-28.51,3.56,29.31,624.08,-35.3703599,149.1795253
279.387,-28.43,3.58,29.31,624.08,-35.3703599,149.1795253
279.427,-28.35,3.58,29.32,624.07,-35.3703703,149.1794957
279.483,-28.42,3.57,29.32,624.07,-35.3703703,149.1794957
279.523,-28.46,3.58,29.32,624.07,-35.3703813,149.1794663
279.587,-28.47,3.60,29.32,624.07,-35.3703813,149.1794663
279.627,-28.49,3.59,29.31,624.06,-35.3703929,149.1794373
279.683,-28.50,3.59,29.31,624.06,-35.3703929,149.1794373
279.723,-28.51,3.61,29.33,624.05,-35.3704050,149.1794086
279.787,-28.52,3.62,29.33,624.05,-35.3704050,149.1794086
279.827,-28.52,3.61,29.31,624.05,-35.3704177,149.1793803
279.883,-28.51,3.62,29.31,624.05,-35.3704177,149.1793803
279.923,-28.51,3.63,29.30,624.04,-35.3704310,149.1793524
279.987,-28.49,3.62,29.30,624.04,-35.3704310,149.1793524
280.027,-28.47,3.62,29.33,624.03,-35.3704447,149.1793248
280.083,-28.46,3.64,29.33,624.03,-35.3704447,149.1793248
280.123,-28.44,3.63,29.34,624.02,-35.3704591,149.1792977
280.187,-28.42,3.63,29.34,624.02,-35.3704591,149.1792977
280.227,-28.41,3.64,29.35,624.01,-35.3704739,149.1792710
280.283,-28.40,3.64,29.35,624.01,-35.3704739,149.1792710
280.323,-28.39,3.63,29.33,624.00,-35.3704892,149.1792447
280.387,-28.36,3.64,29.33,624.00,-35.3704892,149.1792447
280.427,-28.34,3.65,29.34,623.99,-35.3705050,149.1792189
280.483,-28.33,3.65,29.34,623.99,-35.3705050,149.1792189
280.523,-28.32,3.66,29.34,623.99,-35.3705213,149.1791935
280.587,-28.30,3.66,29.34,623.99,-35.3705213,149.1791935
280.627,-28.29,3.67,29.35,623.98,-35.3705381,149.1791686
280.683,-28.28,3.68,29.35,623.98,-35.3705381,149.1791686
280.723,-28.26,3.69,29.35,623.97,-35.3705554,149.1791442
280.787,-28.24,3.69,29.35,623.97,-35.3705554,149.1791442
280.827,-28.24,3.70,29.33,623.97,-35.3705731,149.1791203
280.883,-28.21,3.71,29.33,623.97,-35.3705731,149.1791203
280.923,-28.20,3.71,29.35,623.96,-35.3705913,149.1790969
280.987,-28.19,3.72,29.35,623.96,-35.3705913,149.1790969
281.027,-28.16,3.73,29.35,623.96,-35.3706099,149.1790740
281.083,-28.13,3.73,29.35,623.96,-35.3706099,149.1790740
281.123,-28.16,3.73,29.36,623.95,-35.3706290,149.1790517
281.187,-28.14,3.74,29.36,623.95,-35.3706290,149.1790517
281.227,-28.04,3.74,29.37,623.95,-35.3706485,149.1790299
281.283,-28.09,3.74,29.37,623.95,-35.3706485,149.1790299
281.323,-28.24,3.74,29.37,623.94,-35.3706684,149.1790087
281.387,-28.07,3.76,29.37,623.94,-35.3706684,149.1790087
281.427,-27.84,3.77,29.36,623.93,-35.3706887,149.1789881
281.483,-28.20,3.76,29.36,623.93,-35.3706887,149.1789881
281.523,-28.48,3.77,29.35,623.93,-35.3707093,149.1789681
281.587,-27.81,3.82,29.35,623.93,-35.3707093,149.1789681
281.627,-27.58,3.81,29.33,623.93,-35.3707304,149.1789486
281.683,-28.37,3.77,29.33,623.93,-35.3707304,149.1789486
281.723,-28.36,3.81,29.33,623.92,-35.3707518,149.1789298
281.787,-27.83,3.85,29.33,623.92,-35.3707518,149.1789298
281.827,-27.96,3.82,29.32,623.92,-35.3707736,149.1789115
281.883,-28.20,3.81,29.32,623.92,-35.3707736,149.1789115
281.923,-28.09,3.85,29.34,623.93,-35.3707957,149.1788939
281.987,-28.04,3.85,29.34,623.93,-35.3707957,149.1788939
282.027,-28.11,3.83,29.33,623.93,-35.3708181,149.1788770
282.083,-28.14,3.84,29.33,623.93,-35.3708181,149.1788770
282.123,-28.11,3.87,29.33,623.93,-35.3708408,149.1788607
282.187,-28.12,3.87,29.33,623.93,-35.3708408,149.1788607
282.227,-28.14,3.86,29.33,623.93,-35.3708639,149.1788450
282.283,-28.15,3.88,29.33,623.93,-35.3708639,149.1788450
282.323,-28.15,3.88,29.34,623.93,-35.3708872,149.1788300
282.387,-28.15,3.87,29.34,623.93,-35.3708872,149.1788300
282.427,-28.17,3.88,29.34,623.93,-35.3709109,149.1788157
282.483,-28.16,3.88,29.34,623.93,-35.3709109,149.1788157
282.523,-28.17,3.88,29.33,623.93,-35.3709348,149.1788021
282.587,-28.17,3.87,29.33,623.93,-35.3709348,149.1788021
282.627,-28.17,3.89,29.31,623.94,-35.3709589,149.1787891
282.683,-28.17,3.89,29.31,623.94,-35.3709589,149.1787891
282.723,-28.17,3.88,29.30,623.94,-35.3709833,149.1787769
282.787,-28.18,3.88,29.30,623.94,-35.3709833,149.1787769
282.827,-28.18,3.89,29.33,623.95,-35.3710079,149.1787653
282.883,-28.16,3.87,29.33,623.95,-35.3710079,149.1787653
282.923,-28.16,3.87,29.34,623.95,-35.3710327,149.1787544
282.987,-28.17,3.88,29.34,623.95,-35.3710327,149.1787544
283.027,-28.17,3.88,29.35,623.96,-35.3710577,149.1787442
283.083,-28.16,3.87,29.35,623.96,-35.3710577,149.1787442
283.123,-28.16,3.88,29.35,623.97,-35.3710829,149.1787347
283.187,-28.18,3.89,29.35,623.97,-35.3710829,149.1787347
283.227,-28.18,3.88,29.35,623.97,-35.3711083,149.1787259
283.283,-28.18,3.88,29.35,623.97,-35.3711083,149.1787259
283.323,-28.20,3.88,29.34,623.98,-35.3711339,149.1787179
283.387,-28.20,3.88,29.34,623.98,-35.3711339,149.1787179
283.427,-28.21,3.87,29.35,623.99,-35.3711595,149.1787106
283.483,-28.25,3.87,29.35,623.99,-35.3711595,149.1787106
283.523,-28.27,3.87,29.33,624.00,-35.3711853,149.1787039
283.587,-28.22,3.87,29.33,624.00,-35.3711853,149.1787039
283.627,-28.23,3.86,29.35,624.00,-35.3712113,149.1786981
283.683,-28.31,3.86,29.35,624.00,-35.3712113,149.1786981
283.723,-28.27,3.86,29.34,624.01,-35.3712373,149.1786929
283.787,-28.19,3.86,29.34,624.01,-35.3712373,149.1786929
283.827,-28.29,3.85,29.33,624.02,-35.3712634,149.1786885
283.883,-28.37,3.85,29.33,624.02,-35.3712634,149.1786885
283.923,-28.24,3.86,29.34,624.03,-35.3712896,149.1786848
283.987,-28.24,3.84,29.34,624.03,-35.3712896,149.1786848
284.027,-28.44,3.83,29.35,624.03,-35.3713159,149.1786818
284.083,-28.38,3.84,29.35,624.03,-35.3713159,149.1786818
284.123,-28.18,3.84,29.36,624.04,-35.3713422,149.1786796
284.187,-28.41,3.83,29.36,624.04,-35.3713422,149.1786796
284.227,-28.61,3.82,29.37,624.04,-35.3713686,149.1786782
284.283,-28.29,3.83,29.37,624.04,-35.3713686,149.1786782
284.323,-28.26,3.83,29.38,624.05,-35.3713949,149.1786775
284.387,-28.68,3.81,29.38,624.05,-35.3713949,149.1786775
284.427,-28.49,3.81,29.39,624.05,-35.3714213,149.1786775
284.483,-28.33,3.78,29.39,624.05,-35.3714213,149.1786775
284.523,-28.73,3.80,29.39,624.05,-35.3714477,149.1786783
284.587,-28.55,3.82,29.39,624.05,-35.3714477,149.1786783
284.627,-28.37,3.79,29.39,624.06,-35.3714740,149.1786796
284.683,-28.84,3.78,29.39,624.06,-35.3714740,149.1786796
284.723,-28.80,3.80,29.37,624.06,-35.3715004,149.1786819
284.787,-28.48,3.77,29.37,624.06,-35.3715004,149.1786819
284.827,-28.62,3.76,29.38,624.07,-35.3715266,149.1786849
284.883,-28.79,3.77,29.38,624.07,-35.3715266,149.1786849
284.923,-28.68,3.76,29.37,624.08,-35.3715528,149.1786886
284.987,-28.64,3.74,29.37,624.08,-35.3715528,149.1786886
285.027,-28.70,3.75,29.38,624.09,-35.3715789,149.1786930
285.083,-28.72,3.75,29.38,624.09,-35.3715789,149.1786930
285.123,-28.71,3.72,29.36,624.09,-35.3716050,149.1786982
285.187,-28.74,3.71,29.36,624.09,-35.3716050,149.1786982
285.227,-28.77,3.72,29.36,624.10,-35.3716309,149.1787042
285.283,-28.77,3.70,29.36,624.10,-35.3716309,149.1787042
285.323,-28.78,3.69,29.35,624.10,-35.3716567,149.1787109
285.387,-28.80,3.70,29.35,624.10,-35.3716567,149.1787109
285.427,-28.81,3.71,29.34,624.10,-35.3716824,149.1787183
285.483,-28.83,3.69,29.34,624.10,-35.3716824,149.1787183
285.523,-28.84,3.68,29.35,624.11,-35.3717079,149.1787264
285.587,-28.86,3.69,29.35,624.11,-35.3717079,149.1787264
285.627,-28.87,3.68,29.36,624.11,-35.3717333,149.1787353
285.683,-28.90,3.67,29.36,624.11,-35.3717333,149.1787353
285.723,-28.91,3.67,29.35,624.11,-35.3717584,149.1787449
285.787,-28.94,3.67,29.35,624.11,-35.3717584,149.1787449
285.827,-28.97,3.66,29.36,624.11,-35.3717834,149.1787552
285.883,-28.98,3.65,29.36,624.11,-35.3717834,149.1787552
285.923,-28.98,3.65,29.37,624.11,-35.3718082,149.1787662
285.987,-29.02,3.66,29.37,624.11,-35.3718082,149.1787662
286.027,-29.05,3.65,29.37,624.11,-35.3718328,149.1787780
286.083,-29.04,3.65,29.37,624.11,-35.3718328,149.1787780
286.123,-29.03,3.65,29.39,624.11,-35.3718572,149.1787904
286.187,-29.10,3.65,29.39,624.11,-35.3718572,149.1787904
286.227,-29.10,3.64,29.39,624.11,-35.3718813,149.1788035
286.283,-29.06,3.65,29.39,624.11,-35.3718813,149.1788035
286.323,-29.10,3.65,29.38,624.10,-35.3719051,149.1788173
286.387,-29.16,3.65,29.38,624.10,-35.3719051,149.1788173
286.427,-29.11,3.64,29.39,624.10,-35.3719287,149.1788317
286.483,-29.12,3.64,29.39,624.10,-35.3719287,149.1788317
286.523,-29.21,3.64,29.36,624.09,-35.3719520,149.1788469
286.587,-29.12,3.64,29.36,624.09,-35.3719520,149.1788469
286.627,-29.06,3.64,29.36,624.09,-35.3719750,149.1788627
286.683,-29.29,3.63,29.36,624.09,-35.3719750,149.1788627
286.723,-29.32,3.62,29.37,624.08,-35.3719978,149.1788791
286.787,-28.93,3.64,29.37,624.08,-35.3719978,149.1788791
286.827,-29.06,3.63,29.36,624.07,-35.3720201,149.1788962
286.883,-29.62,3.59,29.36,624.07,-35.3720201,149.1788962
286.923,-29.23,3.62,29.37,624.07,-35.3720422,149.1789139
286.987,-28.65,3.65,29.37,624.07,-35.3720422,149.1789139
287.027,-29.49,3.59,29.35,624.05,-35.3720639,149.1789323
287.084,-29.91,3.58,29.35,624.05,-35.3720639,149.1789323
287.123,-28.53,3.67,29.36,624.05,-35.3720853,149.1789512
287.187,-28.79,3.62,29.36,624.05,-35.3720853,149.1789512
287.227,-30.69,3.53,29.36,624.03,-35.3721062,149.1789709
287.283,-29.40,3.62,29.36,624.03,-35.3721062,149.1789709
287.324,-27.69,3.72,29.36,624.02,-35.3721268,149.1789910
287.387,-29.35,3.60,29.36,624.02,-35.3721268,149.1789910
287.427,-30.04,3.54,29.36,624.00,-35.3721469,149.1790120
287.483,-28.96,3.63,29.36,624.00,-35.3721469,149.1790120
287.523,-28.96,3.66,29.36,623.99,-35.3721666,149.1790334
287.587,-29.44,3.60,29.36,623.99,-35.3721666,149.1790334
287.627,-29.37,3.60,29.34,623.97,-35.3721859,149.1790555
287.683,-29.36,3.65,29.34,623.97,-35.3721859,149.1790555
287.723,-29.44,3.64,29.32,623.95,-35.3722048,149.1790781
287.787,-29.45,3.60,29.32,623.95,-35.3722048,149.1790781
287.827,-29.48,3.62,29.32,623.94,-35.3722232,149.1791012
287.884,-29.55,3.65,29.32,623.94,-35.3722232,149.1791012
287.923,-29.55,3.62,29.32,623.93,-35.3722412,149.1791249
287.987,-29.56,3.62,29.32,623.93,-35.3722412,149.1791249
288.027,-29.57,3.64,29.34,623.92,-35.3722587,149.1791490
288.083,-29.58,3.64,29.34,623.92,-35.3722587,149.1791490
288.123,-29.57,3.62,29.31,623.91,-35.3722758,149.1791736
288.187,-29.56,3.64,29.31,623.91,-35.3722758,149.1791736
288.227,-29.56,3.65,29.33,623.90,-35.3722923,149.1791988
288.283,-29.54,3.65,29.33,623.90,-35.3722923,149.1791988
288.323,-29.52,3.66,29.33,623.90,-35.3723084,149.1792243
288.387,-29.51,3.66,29.33,623.90,-35.3723084,149.1792243
288.427,-29.50,3.66,29.32,623.90,-35.3723240,149.1792504
288.484,-29.47,3.67,29.32,623.90,-35.3723240,149.1792504
288.523,-29.44,3.68,29.29,623.90,-35.3723390,149.1792769
288.587,-29.43,3.67,29.29,623.90,-35.3723390,149.1792769
288.627,-29.43,3.68,29.28,623.89,-35.3723535,149.1793038
288.683,-29.39,3.69,29.28,623.89,-35.3723535,149.1793038
288.723,-29.37,3.69,29.30,623.89,-35.3723675,149.1793311
288.787,-29.37,3.70,29.30,623.89,-35.3723675,149.1793311
288.827,-29.35,3.72,29.31,623.89,-35.3723810,149.1793588
288.883,-29.31,3.73,29.31,623.89,-35.3723810,149.1793588
288.924,-29.29,3.73,29.31,623.89,-35.3723939,149.1793869
288.987,-29.25,3.74,29.31,623.89,-35.3723939,149.1793869
289.027,-29.23,3.74,29.32,623.89,-35.3724063,149.1794153
289.084,-29.26,3.73,29.32,623.89,-35.3724063,149.1794153
289.123,-29.20,3.75,29.30,623.89,-35.3724181,149.1794442
289.187,-29.03,3.78,29.30,623.89,-35.3724181,149.1794442
289.227,-29.13,3.77,29.28,623.89,-35.3724293,149.1794733
289.283,-29.35,3.77,29.28,623.89,-35.3724293,149.1794733
289.323,-29.04,3.80,29.29,623.89,-35.3724400,149.1795028
289.387,-28.69,3.82,29.29,623.89,-35.3724400,149.1795028
289.427,-29.26,3.79,29.29,623.89,-35.3724501,149.1795326
289.483,-29.60,3.78,29.29,623.89,-35.3724501,149.1795326
289.523,-28.54,3.84,29.27,623.89,-35.3724596,149.1795626
289.587,-28.38,3.85,29.27,623.89,-35.3724596,149.1795626
289.627,-30.02,3.76,29.29,623.89,-35.3724684,149.1795930
289.683,-29.70,3.81,29.29,623.89,-35.3724684,149.1795930
289.723,-27.85,3.91,29.29,623.90,-35.3724768,149.1796235
289.787,-28.62,3.85,29.29,623.90,-35.3724768,149.1796235
289.827,-29.77,3.81,29.29,623.89,-35.3724844,149.1796544
289.884,-29.05,3.86,29.29,623.89,-35.3724844,149.1796544
289.923,-28.58,3.87,29.27,623.90,-35.3724915,149.1796854
289.987,-28.97,3.85,29.27,623.90,-35.3724915,149.1796854
290.027,-29.11,3.87,29.29,623.90,-35.3724979,149.1797167
290.084,-28.99,3.90,29.29,623.90,-35.3724979,149.1797167
290.123,-28.94,3.87,29.30,623.89,-35.3725037,149.1797481
290.187,-28.95,3.86,29.30,623.89,-35.3725037,149.1797481
290.227,-28.97,3.89,29.28,623.90,-35.3725089,149.1797797
290.283,-28.97,3.90,29.28,623.90,-35.3725089,149.1797797
290.323,-28.94,3.88,29.27,623.90,-35.3725135,149.1798115
290.387,-28.91,3.90,29.27,623.90,-35.3725135,149.1798115
290.427,-28.91,3.92,29.25,623.91,-35.3725175,149.1798433
290.484,-28.88,3.91,29.25,623.91,-35.3725175,149.1798433
290.523,-28.86,3.91,29.24,623.91,-35.3725209,149.1798753
290.587,-28.83,3.93,29.24,623.91,-35.3725209,149.1798753
290.627,-28.82,3.94,29.24,623.92,-35.3725237,149.1799073
290.684,-28.78,3.94,29.24,623.92,-35.3725237,149.1799073
290.723,-28.76,3.94,29.24,623.93,-35.3725259,149.1799394
290.787,-28.74,3.94,29.24,623.93,-35.3725259,149.1799394
290.827,-28.71,3.94,29.25,623.94,-35.3725274,149.1799716
290.883,-28.67,3.94,29.25,623.94,-35.3725274,149.1799716
290.923,-28.67,3.94,29.27,623.95,-35.3725284,149.1800038
290.987,-28.66,3.95,29.27,623.95,-35.3725284,149.1800038
291.027,-28.64,3.95,29.26,623.96,-35.3725287,149.1800360
291.084,-28.61,3.96,29.26,623.96,-35.3725287,149.1800360
291.124,-28.61,3.96,29.28,623.98,-35.3725284,149.1800682
291.187,-28.59,3.97,29.28,623.98,-35.3725284,149.1800682
291.227,-28.55,3.98,29.29,623.99,-35.3725275,149.1801004
291.284,-28.53,3.97,29.29,623.99,-35.3725275,149.1801004
291.324,-28.55,3.97,29.29,624.01,-35.3725260,149.1801326
291.387,-28.52,3.97,29.29,624.01,-35.3725260,149.1801326
291.427,-28.47,3.98,29.28,624.02,-35.3725239,149.1801647
291.483,-28.47,3.98,29.28,624.02,-35.3725239,149.1801647
291.524,-28.49,3.98,29.29,624.04,-35.3725212,149.1801967
291.587,-28.47,3.98,29.29,624.04,-35.3725212,149.1801967
291.627,-28.41,3.98,29.29,624.05,-35.3725179,149.1802286
291.684,-28.37,3.98,29.29,624.05,-35.3725179,149.1802286
291.723,-28.42,3.98,29.28,624.07,-35.3725140,149.1802605
291.787,-28.49,3.97,29.28,624.07,-35.3725140,149.1802605
291.827,-28.35,3.97,29.28,624.08,-35.3725094,149.1802922
291.884,-28.13,3.98,29.28,624.08,-35.3725094,149.1802922
291.924,-28.40,3.96,29.29,624.10,-35.3725043,149.1803238
291.987,-28.71,3.94,29.29,624.10,-35.3725043,149.1803238
292.027,-28.17,3.98,29.28,624.11,-35.3724985,149.1803552
292.084,-27.74,4.00,29.28,624.11,-35.3724985,149.1803552
292.124,-28.73,3.95,29.28,624.13,-35.3724921,149.1803865
292.187,-29.14,3.93,29.28,624.13,-35.3724921,149.1803865
292.227,-27.44,4.03,29.27,624.14,-35.3724852,149.1804176
292.284,-27.42,4.01,29.27,624.14,-35.3724852,149.1804176
292.324,-29.16,3.91,29.27,624.15,-35.3724776,149.1804484
292.387,-28.76,3.95,29.27,624.15,-35.3724776,149.1804484
292.427,-27.69,3.98,29.30,624.17,-35.3724696,149.1804791
292.484,-28.12,3.94,29.30,624.17,-35.3724696,149.1804791
292.524,-28.58,3.94,29.30,624.19,-35.3724609,149.1805095
292.587,-28.36,3.95,29.30,624.19,-35.3724609,149.1805095
292.627,-28.21,3.92,29.28,624.21,-35.3724516,149.1805397
292.684,-28.32,3.91,29.28,624.21,-35.3724516,149.1805397
292.724,-28.37,3.93,29.29,624.23,-35.3724418,149.1805696
292.787,-28.36,3.92,29.29,624.23,-35.3724418,149.1805696
292.827,-28.36,3.90,29.29,624.25,-35.3724314,149.1805992
292.884,-28.38,3.89,29.29,624.25,-35.3724314,149.1805992
292.924,-28.40,3.89,29.31,624.26,-35.3724204,149.1806285
292.987,-28.40,3.88,29.31,624.26,-35.3724204,149.1806285
293.027,-28.39,3.86,29.29,624.28,-35.3724088,149.1806575
293.084,-28.41,3.86,29.29,624.28,-35.3724088,149.1806575
293.124,-28.41,3.86,29.32,624.29,-35.3723967,149.1806862
293.187,-28.40,3.84,29.32,624.29,-35.3723967,149.1806862
293.227,-28.40,3.83,29.32,624.30,-35.3723841,149.1807145
293.284,-28.41,3.83,29.32,624.30,-35.3723841,149.1807145
293.324,-28.41,3.82,29.33,624.31,-35.3723709,149.1807424
293.387,-28.40,3.81,29.33,624.31,-35.3723709,149.1807424
293.427,-28.39,3.81,29.34,624.32,-35.3723572,149.1807700
293.484,-28.39,3.80,29.34,624.32,-35.3723572,149.1807700
293.524,-28.38,3.79,29.32,624.33,-35.3723430,149.1807972
293.587,-28.37,3.78,29.32,624.33,-35.3723430,149.1807972
293.627,-28.38,3.78,29.32,624.34,-35.3723283,149.1808239
293.684,-28.37,3.76,29.32,624.34,-35.3723283,149.1808239
293.724,-28.36,3.75,29.32,624.34,-35.3723130,149.1808503
293.787,-28.37,3.74,29.32,624.34,-35.3723130,149.1808503
293.827,-28.39,3.73,29.34,624.35,-35.3722973,149.1808762
293.884,-28.37,3.71,29.34,624.35,-35.3722973,149.1808762
293.924,-28.36,3.71,29.35,624.36,-35.3722811,149.1809017
293.987,-28.40,3.70,29.35,624.36,-35.3722811,149.1809017
294.027,-28.41,3.69,29.33,624.36,-35.3722644,149.1809267
294.084,-28.37,3.69,29.33,624.36,-35.3722644,149.1809267
294.124,-28.40,3.68,29.35,624.36,-35.3722472,149.1809512
294.187,-28.41,3.67,29.35,624.36,-35.3722472,149.1809512
294.227,-28.38,3.67,29.35,624.37,-35.3722296,149.1809753
294.284,-28.41,3.66,29.35,624.37,-35.3722296,149.1809753
294.324,-28.44,3.65,29.35,624.37,-35.3722115,149.1809988
294.387,-28.33,3.64,29.35,624.37,-35.3722115,149.1809988
294.427,-28.35,3.63,29.36,624.38,-35.3721931,149.1810219
294.484,-28.55,3.62,29.36,624.38,-35.3721931,149.1810219
294.524,-28.43,3.63,29.34,624.38,-35.3721741,149.1810444
294.587,-28.13,3.63,29.34,624.38,-35.3721741,149.1810444
294.627,-28.48,3.60,29.35,624.39,-35.3721548,149.1810663
294.684,-28.80,3.59,29.35,624.39,-35.3721548,149.1810663
294.724,-28.12,3.61,29.34,624.40,-35.3721351,149.1810878
294.787,-27.96,3.59,29.34,624.40,-35.3721351,149.1810878
294.827,-29.11,3.54,29.33,624.40,-35.3721149,149.1811086
294.884,-28.90,3.57,29.33,624.40,-35.3721149,149.1811086
294.923,-27.25,3.63,29.31,624.41,-35.3720944,149.1811289
294.987,-28.22,3.57,29.31,624.41,-35.3720944,149.1811289
295.027,-30.25,3.48,29.30,624.41,-35.3720734,149.1811486
295.084,-28.69,3.59,29.30,624.41,-35.3720734,149.1811486
295.124,-27.54,3.64,29.33,624.42,-35.3720522,149.1811677
295.187,-28.77,3.56,29.33,624.42,-35.3720522,149.1811677
295.227,-29.12,3.55,29.32,624.42,-35.3720305,149.1811861
295.284,-28.58,3.58,29.32,624.42,-35.3720305,149.1811861
295.324,-28.57,3.58,29.33,624.41,-35.3720084,149.1812039
295.387,-28.73,3.53,29.33,624.41,-35.3720084,149.1812039
295.427,-28.72,3.53,29.33,624.41,-35.3719861,149.1812210
295.484,-28.71,3.56,29.33,624.41,-35.3719861,149.1812210
295.524,-28.70,3.54,29.35,624.40,-35.3719634,149.1812376
295.587,-28.70,3.50,29.35,624.40,-35.3719634,149.1812376
295.627,-28.71,3.51,29.37,624.40,-35.3719404,149.1812535
295.684,-28.71,3.52,29.37,624.40,-35.3719404,149.1812535
295.724,-28.71,3.50,29.35,624.40,-35.3719172,149.1812688
295.787,-28.70,3.49,29.35,624.40,-35.3719172,149.1812688
295.827,-28.71,3.50,29.34,624.40,-35.3718937,149.1812834
295.884,-28.72,3.50,29.34,624.40,-35.3718937,149.1812834
295.924,-28.71,3.49,29.33,624.40,-35.3718699,149.1812974
295.987,-28.72,3.49,29.33,624.40,-35.3718699,149.1812974
296.027,-28.72,3.49,29.34,624.40,-35.3718459,149.1813107
296.084,-28.72,3.47,29.34,624.40,-35.3718459,149.1813107
296.124,-28.73,3.47,29.35,624.40,-35.3718216,149.1813233
296.187,-28.74,3.47,29.35,624.40,-35.3718216,149.1813233
296.227,-28.75,3.45,29.36,624.40,-35.3717971,149.1813352
296.284,-28.75,3.44,29.36,624.40,-35.3717971,149.1813352
296.324,-28.75,3.46,29.36,624.40,-35.3717724,149.1813464
296.387,-28.77,3.46,29.36,624.40,-35.3717724,149.1813464
296.427,-28.77,3.46,29.37,624.40,-35.3717475,149.1813570
296.484,-28.78,3.46,29.37,624.40,-35.3717475,149.1813570
296.524,-28.80,3.45,29.38,624.40,-35.3717224,149.1813668
296.588,-28.82,3.45,29.38,624.40,-35.3717224,149.1813668
296.627,-28.82,3.45,29.39,624.40,-35.3716971,149.1813759
296.684,-28.83,3.45,29.39,624.40,-35.3716971,149.1813759
296.724,-28.85,3.45,29.40,624.40,-35.3716717,149.1813842
296.787,-28.86,3.45,29.40,624.40,-35.3716717,149.1813842
296.827,-28.84,3.46,29.37,624.40,-35.3716461,149.1813919
296.884,-28.86,3.46,29.37,624.40,-35.3716461,149.1813919
296.924,-28.88,3.45,29.37,624.40,-35.3716204,149.1813988
296.988,-28.88,3.46,29.37,624.40,-35.3716204,149.1813988
297.027,-28.86,3.46,29.37,624.40,-35.3715945,149.1814050
297.084,-28.89,3.45,29.37,624.40,-35.3715945,149.1814050
297.124,-28.90,3.45,29.35,624.39,-35.3715686,149.1814104
297.187,-28.90,3.44,29.35,624.39,-35.3715686,149.1814104
297.227,-28.88,3.45,29.34,624.39,-35.3715425,149.1814151
297.284,-28.89,3.45,29.34,624.39,-35.3715425,149.1814151
297.324,-28.93,3.45,29.35,624.39,-35.3715164,149.1814190
297.387,-28.96,3.44,29.35,624.39,-35.3715164,149.1814190
297.428,-28.87,3.44,29.34,624.39,-35.3714902,149.1814222
297.484,-28.82,3.44,29.34,624.39,-35.3714902,149.1814222
297.524,-29.02,3.43,29.36,624.39,-35.3714639,149.1814246
297.587,-29.09,3.43,29.36,624.39,-35.3714639,149.1814246
297.627,-28.74,3.44,29.37,624.39,-35.3714376,149.1814263
297.684,-28.71,3.43,29.37,624.39,-35.3714376,149.1814263
297.724,-29.32,3.41,29.34,624.39,-35.3714113,149.1814272
297.787,-29.29,3.41,29.34,624.39,-35.3714113,149.1814272
297.827,-28.29,3.46,29.33,624.39,-35.3713850,149.1814274
297.884,-28.56,3.43,29.33,624.39,-35.3713850,149.1814274
297.924,-29.73,3.38,29.33,624.39,-35.3713586,149.1814267
297.987,-29.19,3.44,29.33,624.39,-35.3713586,149.1814267
298.027,-28.43,3.46,29.33,624.40,-35.3713323,149.1814254
298.084,-28.89,3.40,29.33,624.40,-35.3713323,149.1814254
298.124,-29.21,3.42,29.32,624.40,-35.3713061,149.1814233
298.188,-28.97,3.46,29.32,624.40,-35.3713061,149.1814233
298.228,-28.88,3.43,29.34,624.41,-35.3712799,149.1814205
298.284,-29.01,3.40,29.34,624.41,-35.3712799,149.1814205
298.324,-29.04,3.42,29.34,624.42,-35.3712537,149.1814169
298.387,-29.01,3.44,29.34,624.42,-35.3712537,149.1814169
298.427,-29.01,3.41,29.32,624.42,-35.3712276,149.1814125
298.484,-29.04,3.40,29.32,624.42,-35.3712276,149.1814125
298.524,-29.06,3.43,29.32,624.42,-35.3712017,149.1814073
298.588,-29.05,3.42,29.32,624.42,-35.3712017,149.1814073
298.627,-29.05,3.40,29.32,624.42,-35.3711758,149.1814014
298.684,-29.06,3.41,29.32,624.42,-35.3711758,149.1814014
298.724,-29.05,3.41,29.31,624.43,-35.3711500,149.1813948
298.787,-29.06,3.39,29.31,624.43,-35.3711500,149.1813948
298.827,-29.05,3.40,29.31,624.42,-35.3711244,149.1813873
298.884,-29.05,3.40,29.31,624.42,-35.3711244,149.1813873
298.924,-29.05,3.39,29.33,624.42,-35.3710989,149.1813792
298.988,-29.04,3.38,29.33,624.42,-35.3710989,149.1813792
299.028,-29.04,3.39,29.34,624.41,-35.3710736,149.1813703
299.084,-29.04,3.39,29.34,624.41,-35.3710736,149.1813703
299.124,-29.04,3.39,29.35,624.41,-35.3710485,149.1813606
299.188,-29.03,3.38,29.35,624.41,-35.3710485,149.1813606
299.227,-29.03,3.39,29.36,624.40,-35.3710236,149.1813502
299.284,-29.02,3.39,29.36,624.40,-35.3710236,149.1813502
299.324,-29.02,3.39,29.37,624.39,-35.3709988,149.1813391
299.388,-29.00,3.38,29.37,624.39,-35.3709988,149.1813391
299.428,-28.99,3.38,29.36,624.38,-35.3709743,149.1813273
299.484,-28.99,3.37,29.36,624.38,-35.3709743,149.1813273
299.524,-28.98,3.37,29.36,624.37,-35.3709500,149.1813148
299.588,-28.96,3.37,29.36,624.37,-35.3709500,149.1813148
299.628,-28.98,3.37,29.37,624.36,-35.3709260,149.1813015
299.684,-28.94,3.36,29.37,624.36,-35.3709260,149.1813015
299.724,-28.91,3.37,29.37,624.35,-35.3709022,149.1812876
299.788,-28.97,3.37,29.37,624.35,-35.3709022,149.1812876
299.828,-28.97,3.36,29.36,624.34,-35.3708788,149.1812730
299.884,-28.81,3.37,29.36,624.34,-35.3708788,149.1812730
299.924,-28.84,3.37,29.37,624.33,-35.3708556,149.1812577
299.988,-29.03,3.36,29.37,624.33,-35.3708556,149.1812577
